env_type,robot_x,robot_y,robot_theta,has_expert_label,expert_confidence,corridor_width,front_clearance,left_clearance,right_clearance,obstacle_density,sector_0_min,sector_1_min,sector_2_min,sector_3_min,sector_4_min,sector_5_min,sector_6_min,sector_7_min,sector_0_avg,sector_1_avg,sector_2_avg,sector_3_avg,sector_4_avg,sector_5_avg,sector_6_avg,sector_7_avg
open_space,2.4,-5.8,1.44859,1,0,7.9,0,2.2,6.75778,0.236111,3.6,2.2,2.2,2.8,10,10,9.3,5.7,5.28222,2.64444,2.34,4.6775,10,10,9.625,6.75778
open_space,10.8,-19.1,5.51499,1,0,10.6,0,10,0.6,0.441667,0.8,8.9,10,10,10,0.8,0.6,0.6,2.64889,9.26667,10,10,10,2.01667,0.66,0.664444
open_space,7.7,-5.6,5.15435,1,1,15.8,0,5.54444,8.3,0,10,10,5.8,5.4,6,7.5,8.3,10,10,10,7.19189,5.54444,7.64444,7.70444,9.03529,10
open_space,3.9,-11.3,2.69553,1,0,12.5,0,8.4,5.97209,0,3.7,3.9,8.4,8.9,10,10,10,4.1,3.80444,5.28222,8.61556,9.36429,10,10,10,5.97209
open_space,0.7,-7.3,3.96611,1,0,10.5,0,9.9,0.5,0.45,0.7,10,10,9.8,7.1,0.7,0.5,0.5,1.93171,10,10,9.9,7.85111,1.84444,0.542222,0.557778
open_space,0.9,-11.2,3.07951,1,1,9.2,0,8.5,0.8,0.427778,0.7,0.9,8.5,10,10,10,1.1,0.7,0.753333,2.16,8.92778,10,10,10,2.44595,0.8
open_space,17.8,-5.7,1.59811,1,0,12.7,0,10,1.9,0.277778,5.5,8,10,10,2.6,1.9,1.9,2.7,6.21333,8.87273,10,10,4.52857,2.10667,2.14222,4.59111
open_space,19.3,-6.7,5.59171,1,1,1.1,0,0.6,1.12,0.461111,0.4,0.4,0.6,6.5,10,10,4.6,0.5,0.424444,0.455556,2.35111,7.62667,10,10,6.36667,1.12
open_space,5,-9.9,5.97981,1,1,19.7,0,6.65682,9.8,0,10,10,9.7,5.1,4.8,5.4,9.8,10,10,10,9.80667,6.65682,4.94444,7.05714,9.87692,10
open_space,0.9,-8.5,3.0198,1,1,6.1,0,5.4,0.833333,0.430556,0.7,0.9,5.4,10,10,8.4,1.1,0.7,0.74,1.72222,7.15,10,10,9,4.02889,0.833333
open_space,13.2,-18.7,2.40177,1,0,11,0,1,9.6,0.394444,10,1.4,1,1,1.5,6.5,9.6,10,10,3,1.09556,1.13111,3.59333,7.41778,9.8,10
open_space,9.8,-18,5.57167,1,1,11.7,0,10,1.7,0.308333,2.6,9.9,10,10,9.6,2.3,1.7,1.7,6.12889,9.96667,10,10,9.71429,4.84222,1.84889,1.96222
open_space,17,-6.1,5.55266,1,0,7.7,0,4,5.59062,0.133333,2.7,2.7,4,5.9,8.8,10,10,3.7,2.96222,3.09333,5.63556,6.76667,9.4,10,10,5.59062
open_space,11.1,-5.4,0.326491,1,0,14.1,0,5.5,8.85778,0,5.8,5.2,5.5,10,10,10,9.7,8.6,7.95333,5.35111,7.00732,10,10,10,9.85,8.85778
open_space,1,-17.2,5.35446,1,0,12.5,0,2.96562,1,0.547222,3.1,10,10,1.3,0.8,0.8,1,2.5,5.0875,10,10,2.96562,0.964444,0.842222,1.67556,2.64444
open_space,8.8,-9.4,1.39277,1,0,18,0,8.6,9.64615,0,9.2,8.8,8.6,10,10,10,10,9.4,9.39412,9.29524,8.95238,10,10,10,10,9.64615
open_space,19.2,-13.2,3.56725,1,1,10.5,0,0.5,10,0.45,7,1.2,0.5,0.5,0.5,1.3,10,10,8.15862,4.74222,0.722222,0.5,0.768889,3.17368,10,10
open_space,11,-1.5,0.321267,1,0,5.6,0,1.4,8.29778,0.358333,1.5,1.3,1.4,2.8,10,10,9.8,4.2,2.21111,1.32889,1.80889,4.91,10,10,9.9,8.29778
open_space,3.6,-6,3.95842,1,1,13.4,0,8.89091,3.4,0,4.9,10,10,8.1,5.8,4.7,3.4,3.4,6.7375,10,10,8.89091,6.43778,5.89778,3.77111,3.84667
open_space,11.7,-9.4,2.48597,1,0,19.3,0,10,9.2,0,10,10,10,10,8,8.1,9.2,9.3,10,10,10,10,8.52273,8.76,9.41935,9.58235
open_space,7.4,-8.2,1.12271,1,1,16.1,0,7.2,9.40909,0,8,8.1,7.2,7.6,10,10,10,8.9,8.22667,9.01622,7.40444,8.59231,10,10,10,9.40909
open_space,9.3,-3.9,6.06054,1,1,13.7,0,3.7,10,0,7.1,3.8,3.7,4.4,9.1,10,10,10,8.25,4.80667,3.85111,6.79333,9.31579,10,10,10
open_space,16,-4.4,1.07769,1,0,12.7,0,8.8,3.7,0,4.2,4.4,8.8,10,10,4.2,3.7,3.9,4.33556,5.72,9.275,10,10,6.06,3.82,4.67111
open_space,16.4,-2.1,0.475021,1,1,5.4,0,2.1,3.39333,0.280556,2,1.9,2.1,6.1,10,7.4,3.5,3.3,2.65778,1.95111,3.21111,7.75,10,8.55,4.65778,3.39333
open_space,8.4,-4.6,5.54404,1,0,14.4,0,4.4,10,0,10,6,4.4,4.4,6.5,8.2,10,10,10,7.52381,4.84889,5.02667,8.23778,8.8,10,10
open_space,3.2,-3.7,3.57056,1,0,13,0,9.25,3.07556,0,3.3,8.5,10,8.7,3.8,3.5,3.2,3,4.76889,9.175,10,9.25,5.19778,3.58667,3.88667,3.07556
open_space,16.1,-15.3,4.70433,1,1,8,0,3.6,4.96889,0,4.4,3.6,3.6,5,10,10,6.4,4.4,4.84,4.06667,4.00444,6.8,10,10,7.79444,4.96889
open_space,13.8,-13.5,4.93992,1,0,12.3,0,6.1,6.46667,0,6.4,5.9,6.1,10,10,10,7.4,6.2,7.32444,6.15778,7.39762,10,10,10,8.505,6.46667
open_space,16.1,-14,4.1409,1,0,10.4,0,3.6,8.07727,0,5.7,4.3,3.6,3.7,6.6,10,10,6.8,5.96667,5.66889,3.76444,4.57556,7.91667,10,10,8.07727
open_space,1.1,-19.5,5.14238,1,0,10.2,0,4.05789,0.2,0.694444,0.2,0.5,10,2.2,1,0.4,0.2,0.2,0.284444,1.415,10,4.05789,1.31556,0.806667,0.266667,0.2
open_space,18.8,-13.6,2.87561,1,0,11.8,0,1.20444,3.3,0.405556,10,6.4,1.8,0.9,0.9,1,3.3,10,10,7.63514,4.69111,1.20444,0.922222,1.60889,5.39091,10
open_space,18.3,-15.7,1.8191,1,0,7.4,0,4.15556,1.4,0.347222,10,10,4.7,4,1.6,1.4,1.4,2.7,10,10,6.41714,4.15556,2.61778,1.44667,1.82222,4.825
open_space,18.1,-19,4.1039,1,1,2.1,0,1.2,1.54889,0.625,0.7,0.7,1.2,1.6,2.8,10,4.1,0.9,0.731111,0.853333,1.56444,1.96667,4.69231,10,6.08333,1.54889
open_space,1.3,-3.3,5.27602,1,0,8,0,2.96889,1.3,0.383333,10,5.9,3.2,2.1,1.1,1.1,1.3,4.8,10,7.52143,4.03111,2.96889,1.41778,1.13778,2.14889,6.55714
open_space,13.8,-4.8,5.95243,1,1,10.9,0,4.6,7.63429,0,5.9,4.9,4.6,5.1,10,10,10,6.3,6.06444,6.13556,4.72667,6.73243,10,10,10,7.63429
open_space,2.3,-10.2,4.86577,1,0,13.5,0,10,2.1,0.25,9.6,10,10,10,2.6,2.1,2.1,3.5,9.79091,10,10,10,4.45854,2.22444,2.54667,7.33778
open_space,13,-6.8,4.92373,1,0,16.9,0,6.9,10,0,8.1,6.7,6.9,6.6,6.7,10,10,10,8.92,7.01333,7.96889,6.91333,7.85676,10,10,10
open_space,18.5,-7.2,5.91696,1,1,4.6,0,3.3,1.78889,0.369444,1.2,1.3,3.3,7.7,10,10,3,1.3,1.22667,1.86889,6.47111,8.59091,10,10,5.08824,1.78889
open_space,6,-15.9,2.85774,1,1,9.9,0,3.8,7.42105,0,5.8,4,3.8,4.3,10,10,10,6.1,5.98222,5.14667,3.91556,6.1425,10,10,10,7.42105
open_space,8.6,-4,2.304,1,1,13.8,0,10,3.8,0,5.1,8.4,10,10,10,5.8,3.8,3.8,7.57556,8.87027,10,10,10,7.32632,4.39111,4.14667
open_space,5.8,-12.6,3.26414,1,1,12.8,0,7.2,6.00222,0,5.6,7.1,7.2,10,10,10,7.2,5.6,6.68,7.62,8.14103,10,10,10,8.38333,6.00222
open_space,8.3,-4.2,1.16964,1,1,12.5,0,8.1,6.0907,0,4,4.3,8.1,8.7,10,10,10,4.4,4.10222,5.98444,8.31556,9.3,10,10,10,6.0907
open_space,5.5,-13.5,1.03266,1,1,15.3,0,5.3,10,0,10,6.2,5.3,5.5,6.2,6.4,10,10,10,7.66296,5.50667,6.65556,6.44222,7.62105,10,10
open_space,10.3,-15.9,0.638118,1,0,19.4,0,7.91429,4.7,0,10,10,10,6.5,3.9,3.8,4.7,9.4,10,10,10,7.91429,4.66222,4.02222,7.41136,9.56333
open_space,13.2,-7.3,3.43844,1,1,17.4,0,6.71111,7.4,0,10,10,7.4,6.5,6.8,7.1,7.4,10,10,10,8.45238,6.71111,8.12222,7.33333,8.44483,10
open_space,15.5,-8.6,3.63235,1,0,14.4,0,4.32667,9.5,0,10,9.2,4.4,4.2,4.8,8.4,9.5,10,10,9.5,5.83333,4.32667,6.86,8.65778,9.75,10
open_space,6.1,-5.5,4.41793,1,0,16.7,0,7.0439,5.9,0,10,10,10,5.6,5.3,6,5.9,6.7,10,10,10,7.0439,5.45778,6.82889,6.08222,8.0037
open_space,2.8,-8.5,1.12084,1,1,11.9,0,2.6,9.65,0.158333,8.2,2.9,2.6,2.8,5.9,10,10,9.3,8.52444,4.35778,2.66889,3.68889,7.61667,10,10,9.65
open_space,1.2,-11.5,2.05807,1,0,3.2,0,1.1,4.09545,0.391667,1,1,1.1,3.3,9.3,10,10,2.1,1.38222,1.02,1.70444,7.60667,9.6375,10,10,4.09545
open_space,1.3,-19.5,0.227244,1,1,1.6,0,1.12222,0.2,0.683333,10,5.1,1.3,0.8,0.2,0.2,0.2,0.3,10,6.6,2.19778,1.12222,0.355556,0.2,0.235556,1.15625
open_space,3.5,-4.3,0.616782,1,0,10.6,0,3.4,8.40909,0,4.2,4.1,3.4,3.3,4,10,10,7.2,5.11111,4.31333,4.08222,3.46889,5.89167,10,10,8.40909
open_space,7.2,-18.9,4.66708,1,1,10.8,0,10,0.913333,0.416667,0.8,1.1,10,10,10,7,1.2,0.8,0.866667,2.51136,10,10,10,7.95814,3.35111,0.913333
open_space,16.8,-11.3,0.103302,1,0,12.9,0,10,3.12444,0.0583333,2.9,4.6,10,10,10,8.4,3.8,2.9,3.41111,6.46957,10,10,10,8.84615,6.38889,3.12444
open_space,13.2,-17.9,5.17967,1,1,9.1,0,7.3,1.84667,0.294444,2,5.6,7.3,10,10,4.1,1.9,1.8,3.00889,6.62889,8.39583,10,10,6.03125,2.54889,1.84667
open_space,19.5,-11.2,6.05965,1,1,0.9,0,0.7,0.237778,0.483333,0.2,0.2,0.7,10,10,8.8,0.3,0.2,0.2,0.346667,1.68333,10,10,9.27895,3.42222,0.237778
open_space,8.4,-15.1,4.9356,1,1,14.6,0,10,4.80222,0,4.7,8.6,10,10,9.8,8.2,5.5,4.6,5.90667,9.26667,10,10,9.9,8.56667,7.62889,4.80222
open_space,11.3,-17.6,6.05455,1,0,12.5,0,10,2.1,0.25,8.4,9.9,10,10,4,2.2,2.1,2.5,8.73778,9.95,10,10,6.12,2.73778,2.17556,4.08667
open_space,3.2,-7.6,6.25747,1,0,14.4,0,3.41111,10,0,10,7.4,4.4,3,3,4.1,10,10,10,8.2439,6.71333,3.41111,3.30667,6.07333,10,10
open_space,4.1,-11.3,4.34947,1,0,14.3,0,10,3.9,0,8.4,9.2,10,10,9.8,4.2,3.9,4.3,8.62,9.58,10,10,9.8,5.84,4.00222,6.09333
open_space,15.8,-17.2,4.90599,1,1,6.5,0,4,2.62222,0.180556,2.5,3.9,4,7,10,10,3,2.5,3.12889,4.08667,4.88444,8.26667,10,10,4.89512,2.62222
open_space,15.4,-2.7,3.3955,1,0,9.9,0,4.46222,2.6,0.177778,10,10,5,4.3,2.9,2.5,2.6,4.9,10,10,6.74706,4.46222,4.02,2.59111,3.28222,6.8
open_space,3.1,-16.7,4.00893,1,1,7.5,0,4.6,2.9,0.0583333,3,3,4.6,10,10,3.8,2.9,2.9,3.25778,3.48667,6.55833,10,10,5.82727,3.15111,3.35778
open_space,1.5,-15.2,1.48293,1,1,11.3,0,1.3,10,0.358333,2,1.3,1.3,1.7,4.5,5.9,10,10,3.85937,1.52889,1.39778,3.02889,4.84889,7.4125,10,10
open_space,14,-15.3,5.6161,1,1,13.6,0,9.2,4.4,0,5.7,5.7,9.2,10,10,5.7,4.4,4.4,6.11556,6.78444,9.5,10,10,7.236,4.71778,5.23556
open_space,9.3,-5.5,5.25915,1,0,15.5,0,5.5,10,0,10,10,5.5,5.3,6.2,9.1,10,10,10,10,6.92273,5.5,8.24615,9.32051,10,10
open_space,6.3,-15.8,5.26398,1,0,13.9,0,10,4,0,4.6,10,10,10,6.3,6.1,4,3.9,6.33056,10,10,10,7.57692,6.34,5.11111,4.05111
open_space,7.8,-6.7,2.56049,1,0,16.6,0,10,6.5,0,7.6,7.8,10,10,10,7.9,6.5,6.6,7.96889,8.61,10,10,10,8.7875,6.81556,8.03333
open_space,4.9,-5,4.38986,1,0,15.2,0,6.7,4.7,0,10,10,10,5.1,4.8,5,4.7,5.2,10,10,10,6.7,4.93778,5.75778,4.83556,6.85833
open_space,15.2,-12.6,1.15999,1,1,14.8,0,8.7,4.5,0,10,10,10,7.8,7.1,4.9,4.5,4.8,10,10,10,8.7,7.28444,6.61111,4.61333,6.51628
open_space,12,-5,5.36402,1,0,14.9,0,4.9,10,0,7.8,7.7,4.9,4.8,6,10,10,10,8.59062,8.09333,5.83556,5.1,7.572,10,10,10
open_space,12.6,-18.1,5.10305,1,1,9.3,0,7.7,1.63778,0.322222,1.7,4.1,7.7,10,10,4.3,1.7,1.6,2.40667,6.76889,8.6,10,10,6.27692,2.47333,1.63778
open_space,16.9,-1,2.39843,1,0,10.8,0,5.80645,0.8,0.508333,1.2,10,10,3.8,2.8,1.1,0.8,0.8,2.69744,10,10,5.80645,3.09111,1.99556,0.877778,0.902222
open_space,14.5,-13.9,1.88527,1,1,16.6,0,5.97778,5.5,0,10,10,6.6,5.8,5.9,5.2,5.5,10,10,10,7.85185,5.97778,6.71111,5.35778,6.92683,10
open_space,17.7,-19.3,3.8028,1,1,1.1,0,0.5,1.64571,0.611111,0.4,0.4,0.5,2,2.5,10,10,0.6,0.468889,0.417778,0.922222,2.12889,4.35366,10,10,1.64571
open_space,8.1,-0.5,3.24376,1,0,10.4,0,4.925,0.3,0.472222,7.9,10,10,3,0.4,0.3,0.3,0.4,8.66667,10,10,4.925,0.786667,0.313333,0.337778,2.28889
open_space,16.5,-9.9,4.63977,1,1,13,0,3.2,9.925,0,5,3.2,3.2,4.2,9.7,10,10,9.8,8.12821,3.74444,3.46222,7.06905,9.785,10,10,9.925
open_space,16,-19.6,5.66144,1,0,6.4,0,6.3,0.1,0.494444,0.1,3.7,6.3,10,0.4,0.1,0.1,0.1,1.08,4.53333,7.84,10,1.62222,0.162222,0.1,0.1
open_space,2.5,-9.5,5.03972,1,1,15.1,0,9.35122,2.4,0.216667,10,10,10,7.4,2.6,2.3,2.4,5.1,10,10,10,9.35122,3.89111,2.36222,3.24,7.00714
open_space,16.2,-9.1,3.83028,1,1,13.5,0,3.5,10,0,10,5.6,3.5,3.5,4.5,8.9,10,10,10,7.32105,4.15111,3.75778,7.24667,9.20294,10,10
open_space,10.9,-15.1,2.2572,1,0,14.6,0,4.6,10,0,10,7.4,4.6,4.6,5.9,8.8,10,10,10,8.53333,5.46444,4.93778,8.3,9.12286,10,10
open_space,2.2,-8.2,0.821179,1,1,12,0,2,10,0.263889,8,2.8,2,2,2.9,10,10,10,8.60256,5.38222,2.21111,2.26889,4.875,10,10,10
open_space,5,-2.1,2.76923,1,1,12.1,0,10,1.9,0.280556,4.8,5.2,10,10,4.9,2.1,1.9,2.1,4.92667,6.8,10,10,6.85385,2.86444,1.94444,2.94444
open_space,5,-16.5,2.67826,1,1,8.6,0,3.2,7.04571,0,4.8,3.6,3.2,3.4,7.1,10,10,5.4,4.94444,4.72889,3.29333,4.48667,8.37778,10,10,7.04571
open_space,1.2,-19.2,6.19369,1,1,2.2,0,1.16889,0.5,0.672222,5.1,10,1.6,1,0.8,0.5,0.5,0.6,6.56667,10,3.3,1.16889,0.986667,0.577778,0.531111,1.34889
open_space,18.7,-2.8,5.24766,1,0,3.2,0,1.2,3.94,0.525,1,1,1.2,2.6,3,10,10,2,1.32222,1.02667,1.79333,2.69333,4.88444,10,10,3.94
open_space,11.5,-18.5,1.89168,1,1,11.3,0,1.22667,8.6,0.372222,10,3.9,1.3,1.2,1.3,2.6,8.6,10,10,5.8,2.03556,1.22667,1.66889,6.60667,9.23333,10
open_space,9.3,-19.5,5.44965,1,1,10.2,0,10,0.2,0.483333,0.3,3.2,10,10,9.1,0.3,0.2,0.2,0.58,4.05,10,10,9.45455,1.62222,0.215556,0.2
open_space,13.6,-14.3,3.42162,1,0,15.6,0,5.6,10,0,6.2,5.4,5.6,6.1,6.3,10,10,10,7.62857,5.58889,6.78444,6.30889,7.61081,10,10,10
open_space,7.3,-15.1,6.12573,1,0,15.7,0,8.21944,4.6,0,10,10,10,7.2,7.1,4.7,4.6,5.7,10,10,10,8.21944,7.48,5.68889,4.85778,7.22963
open_space,8.4,-16.4,5.19643,1,0,13.3,0,10,3.39556,0,3.7,10,10,10,8.6,7.3,3.5,3.3,5.57727,10,10,10,9.23333,8.31556,4.60889,3.39556
open_space,8.2,-18.6,3.94454,1,1,3.1,0,1.6,3.76889,0.380556,1.1,1.1,1.6,10,10,10,8,1.5,1.22,1.22889,3.17895,10,10,10,8.62632,3.76889
open_space,16.4,-6.9,4.00356,1,0,13.3,0,3.3,10,0,10,4.4,3.3,3.3,5,6.7,10,10,10,6.29667,3.59333,3.82667,6.61333,7.72727,10,10
open_space,12.8,-18.2,4.56725,1,0,8.4,0,6.9,1.82667,0.333333,1.5,1.9,6.9,8.6,10,10,2.5,1.5,1.58222,3.44222,7.31111,9.26364,10,10,4.56786,1.82667
open_space,4.5,-12.5,0.242438,1,1,15.1,0,4.47333,7.4,0,10,10,5.1,4.3,4.4,7.2,7.4,10,10,10,6.75455,4.47333,5.60222,7.49333,8.39032,10
open_space,3.5,-3.5,4.23325,1,0,13.5,0,5.5814,3.3,0,7.1,10,10,3.7,3.3,3.5,3.3,3.5,8.31111,10,10,5.5814,3.39778,3.98667,3.39778,4.56
open_space,11.2,-10.9,3.02384,1,0,18.8,0,8.8,10,0,10,8.9,8.8,8.6,8.5,10,10,10,10,9.32727,9.11389,9.12,8.91,10,10,10
open_space,16.8,-18.8,4.0625,1,1,2.6,0,1.5,2.26,0.463889,0.9,0.9,1.5,2.9,4.8,10,7.3,1.1,0.955556,1.06889,2.49333,3.48889,6.60952,10,7.9,2.26
open_space,18,-6.5,4.66913,1,1,11.7,0,1.7,10,0.305556,2.5,1.7,1.7,2.3,6.3,8.5,10,10,4.57879,1.94889,1.85778,4.30222,6.90444,9.16667,10,10
open_space,19.4,-8.7,1.27843,1,1,10.3,0,10,0.3,0.472222,0.9,9.6,10,10,0.6,0.3,0.3,0.3,6.54444,9.8,10,10,1.56923,0.393333,0.3,0.488889
open_space,9.4,-18.6,4.25735,1,1,3.6,0,2.4,1.83778,0.380556,1.1,1.2,2.4,10,10,10,3.5,1.2,1.12222,1.54222,4.56667,10,10,10,8.25476,1.83778
open_space,19.5,-1.4,0.994731,1,1,2.4,0,2.2,0.2,0.677778,0.3,1.2,2.2,10,0.8,0.2,0.2,0.2,0.824444,1.51333,4.12593,10,2.41818,0.371111,0.2,0.233333
open_space,18,-1.7,2.5944,1,0,9.1,0,3.35556,1.5,0.569444,2.8,10,7.6,2,1.7,1.7,1.5,1.5,4.97083,10,8.675,3.35556,1.76222,1.95111,1.55333,1.94
open_space,18.5,-7.5,5.7784,1,0,3.8,0,2.4,2.18,0.369444,1.2,1.2,2.4,7.6,10,10,4.5,1.4,1.23333,1.61111,5.80889,8.525,10,10,6.37778,2.18
open_space,2.4,-18.4,0.0417798,1,1,4.9,0,2.42444,1.3,0.547222,10,10,3,2.2,1.8,1.3,1.3,1.9,10,10,4.92647,2.42444,2.22889,1.42667,1.47111,3.73056
open_space,13.5,-10.9,1.73918,1,0,20,0,9.10526,6.3,0,10,10,10,8.8,7.7,6.2,6.3,10,10,10,10,9.10526,9.05556,6.56,7.50465,10
open_space,4.9,-6.2,0.768487,1,0,13.5,0,4.7,9.31429,0,6,6,4.7,4.7,6.5,10,10,8.8,6.81111,6.55778,5.32889,5.20444,7.95263,10,10,9.31429
open_space,18.1,-17.1,5.10699,1,0,4.3,0,1.7,2.66667,0.480556,1.7,1.6,1.7,4.1,10,7,2.8,2.6,2.33556,1.63778,2.42,6.10714,10,8.12857,4.01111,2.66667
open_space,6.3,-18.3,0.292248,1,1,9.9,0,6.23556,1.5,0.347222,10,10,7,5,1.6,1.4,1.5,2.9,10,10,8.19583,6.23556,2.49333,1.43778,1.89778,4.94286
open_space,19.6,-6.1,5.68393,1,1,0.2,0,0.1,0.153333,0.494444,0.1,0.1,0.1,6,10,10,0.3,0.1,0.1,0.1,1.72444,7.29091,10,10,1.1,0.153333
open_space,7.4,-0.5,5.72677,1,0,10.3,0,0.3,10,0.472222,1.2,0.3,0.3,0.3,0.5,7.4,10,10,2.7,0.566667,0.3,0.366667,3.28889,8.36875,10,10
open_space,15.3,-5.8,5.75002,1,0,10.8,0,5.6,6.83333,0,4.4,4.5,5.6,5.8,10,10,10,5.2,4.56889,5.63778,5.81778,7.15,10,10,10,6.83333
open_space,10.9,-16.8,5.35904,1,1,12.9,0,10,2.9,0.0583333,3.6,8.8,10,10,10,4.9,2.9,2.9,6.16,9.10541,10,10,10,6.735,3.53111,3.07333
open_space,16,-16.2,5.23874,1,1,7.8,0,4.3,3.6,0,3.8,3.7,4.3,10,10,7.1,3.6,3.5,4.36667,3.82889,6.09231,10,10,8.25556,4.7,3.62
open_space,16.5,-19.2,3.66069,1,1,1.6,0,0.6,2.51852,0.45,0.5,0.5,0.6,1.8,3.7,10,10,1,0.657778,0.506667,0.875556,3.14222,5.48571,10,10,2.51852
open_space,0.3,-14.8,5.82691,1,0,5.4,0,0.126667,0.2,0.494444,10,10,0.2,0.1,0.1,0.1,0.2,5.2,10,10,0.644444,0.126667,0.1,0.106667,2.36667,6.76977
open_space,15.7,-6.9,5.31464,1,0,12,0,4.8,8.42727,0,4.1,4,4.8,6.7,8.1,10,10,7.2,5.03556,4.19333,6.50889,7.02889,8.90714,10,10,8.42727
open_space,9.5,-10.3,1.43335,1,1,19.3,0,9.3,10,0,10,9.4,9.3,9.5,9.4,10,10,10,10,9.66429,9.48387,9.71667,9.55172,10,10,10
open_space,0.5,-14.9,0.980776,1,1,10.3,0,0.3,8.6,0.472222,1.5,0.4,0.3,0.3,0.5,4.9,8.6,10,2.96667,0.602222,0.302222,0.357778,2.28667,6.02444,9.21667,10
open_space,14,-9.5,6.12637,1,0,15.1,0,9.3,7.03778,0,5.7,7,9.3,10,10,10,9.9,5.8,6.01556,8.80606,9.48437,10,10,10,9.9,7.03778
open_space,18.6,-4.9,5.24636,1,0,3.5,0,1.3,4.10833,0.383333,1.1,1.1,1.3,4.3,5.5,10,10,2.2,1.45556,1.13111,2.03778,4.85556,7.05625,10,10,4.10833
open_space,7.3,-13.9,4.61163,1,0,15.8,0,10,6.89778,0,5.8,7.5,10,10,10,7.1,7.1,5.8,6.22667,8.53125,10,10,10,8.11282,7.62444,6.89778
open_space,6.1,-4.6,2.34446,1,1,12.6,0,8.2,4.4,0,5.9,5.9,8.2,10,10,6.4,4.4,4.4,6.42222,6.54889,8.96,10,10,7.83889,4.98222,4.88222
open_space,2.1,-12.3,4.44963,1,1,12.2,0,10,1.9,0.280556,7.2,8.5,10,10,3.9,2,1.9,2.2,7.64667,9.15385,10,10,5.93684,2.55111,1.95778,3.47333
open_space,9.9,-11.3,1.44548,1,0,19.7,0,9.06923,9.8,0,10,9.8,9.7,8.5,8.4,9.9,9.8,10,10,9.9125,9.77826,9.06923,8.81951,9.96,9.8619,10
open_space,9.2,-12.6,2.36885,1,0,17.1,0,7.1,10,0,9,9,7.1,7.1,10,10,10,10,9.33704,9.33077,7.94667,7.97333,10,10,10,10
open_space,11,-17.6,3.28549,1,0,12.1,0,2.1,10,0.25,2.6,2.1,2.1,3.5,8.8,10,10,10,4.55366,2.23111,2.53333,6.89111,9.25909,10,10,10
open_space,5.6,-0.4,6.28127,1,1,10.2,0,0.2,10,0.483333,0.3,0.2,0.2,0.3,5.4,7.6,10,10,0.952273,0.208889,0.206667,0.815556,6.02222,8.6,10,10
open_space,14.1,-1.5,2.1708,1,0,11.3,0,10,1.3,0.358333,1.6,6.8,10,10,5.7,2.3,1.3,1.3,2.76,8.05,10,10,7.07333,4.61111,1.62889,1.35556
open_space,17.2,-10.4,0.0928957,1,0,12.5,0,10,2.70222,0.180556,2.5,3.9,10,10,10,9.3,3.3,2.5,2.92222,5.88462,10,10,10,9.4963,6.11333,2.70222
open_space,14.3,-2,2.54742,1,0,11.8,0,7.93043,1.8,0.291667,3.2,10,10,6.6,5.4,2.2,1.8,1.8,5.12083,10,10,7.93043,5.68,3.64889,1.88889,2.24667
open_space,17.4,-9.6,5.05789,1,0,9.4,0,2.4,8.15,0.216667,2.6,2.3,2.4,5.3,10,10,10,7,3.79333,2.35778,3.30444,8.84889,10,10,10,8.15
open_space,5.9,-5,0.290136,1,0,15,0,5,10,0,5.5,4.8,5,5.7,5.9,10,10,10,7.12424,4.96222,6.13778,5.89111,7.29744,10,10,10
open_space,13.8,-14,4.56964,1,0,11.7,0,5.9,6.97778,0,5.7,6,5.9,7.4,10,10,9.7,5.8,6.04222,6.92,6.25333,8.48333,10,10,9.8,6.97778
open_space,16.5,-14.9,5.10911,1,0,8.3,0,3.5,4.92444,0,3.5,3.2,3.5,8.4,10,10,5.2,4.8,4.57778,3.28,4.87333,8.95,10,10,6.83077,4.92444
open_space,3,-2,0.828045,1,1,5.1,0,2.6,4.4,0.397222,1.8,1.8,2.6,2.8,4.1,10,10,2.5,1.98222,2.04222,2.94444,3.18222,6.05926,10,10,4.4
open_space,8,-3,3.13757,1,1,13.9,0,10,2.8,0.102778,7.8,10,10,10,4,2.8,2.8,3.9,8.48,10,10,10,5.94286,3.15556,3.11778,6.49333
open_space,2.8,-2.6,5.26854,1,0,12.5,0,2.49111,3.1,0.358333,10,4.6,2.5,2.4,2.7,2.6,3.1,10,10,6.58889,3.13556,2.49111,3.03111,2.69778,4.94773,10
open_space,7.5,-18.5,4.73077,1,0,11.2,0,10,1.33333,0.369444,1.2,1.7,10,10,10,7.3,1.7,1.2,1.34667,3.48684,10,10,10,8.10455,3.87556,1.33333
open_space,1.3,-5.8,5.62125,1,1,15.6,0,2.75556,1.8,0.380556,10,7.2,5.6,1.4,1.1,1.1,1.8,10,10,8.37778,6.00222,2.75556,1.17111,1.30222,3.48125,10
open_space,0.6,-19.1,0.00335542,1,0,1.4,0,0.435556,0.6,0.7,10,10,0.6,0.4,0.4,0.5,0.6,0.8,10,10,1.59302,0.435556,0.435556,0.624444,0.66,2.05238
open_space,8.7,-10,0.147372,1,0,19.9,0,8.89,9.8,0,10,9.8,9.9,8.5,8.6,9.7,9.8,10,10,9.85714,9.96,8.89,9.13333,9.77826,9.9,10
open_space,8.6,-7.8,4.79421,1,1,20,0,8.26444,8.4,0,10,10,10,7.6,7.6,8.4,8.4,10,10,10,10,8.26444,8.43243,8.86842,8.98621,10
open_space,10.3,-17.8,3.29479,1,0,11.9,0,1.9,10,0.280556,2.4,1.9,1.9,3.2,9.5,10,10,10,4.28605,2.01111,2.30889,6.99111,9.71667,10,10,10
open_space,0.9,-5.1,0.358586,1,0,10.8,0,0.706667,10,0.427778,5.4,2,0.8,0.7,0.7,1.6,10,10,7,4.45556,1.11111,0.706667,1.00444,3.3381,10,10
open_space,17.7,-12.1,4.27477,1,0,10.5,0,2,9.12,0.263889,6.1,2.2,2,2.1,4.7,10,10,8.5,7.68222,3.29111,2.05333,2.87333,6.47857,10,10,9.12
open_space,6.7,-1.3,1.97689,1,1,8.2,0,7.1,1.12222,0.383333,1.2,2.9,7.1,10,10,2.8,1.2,1.1,1.68,5.92,8.21111,10,10,4.94706,1.65778,1.12222
open_space,16.4,-14.8,4.68467,1,1,8.2,0,3.3,5.58667,0,4.9,3.3,3.3,4.5,10,10,7.2,4.9,5.22,3.76444,3.63556,6.38214,10,10,8.41429,5.58667
open_space,12.2,-14.2,3.04704,1,1,15.5,0,5.5,10,0,8.8,5.5,5.5,7.1,7.5,9.7,10,10,9.33333,6.51778,5.91333,8.11556,8.06889,9.86667,10,10
open_space,13.6,-7.1,0.728331,1,1,15.3,0,9.2,6.1,0,6.9,6.9,9.2,10,10,9.3,6.1,6.1,7.81778,7.52222,9.61667,10,10,9.6,7.07778,6.64889
open_space,1.2,-6.2,2.92459,1,1,5.5,0,4.5,1.28222,0.394444,1,1.2,4.5,10,10,6.2,1.9,1,1.03556,1.96222,6.11429,10,10,7.4878,4.53333,1.28222
open_space,2.1,-5,2.512,1,1,5.6,0,3.2,3.77778,0.280556,1.9,1.9,3.2,10,10,6,4.8,2.4,2.00889,2.30889,5.24231,10,10,7.536,5.08889,3.77778
open_space,11.9,-2.8,4.4345,1,1,15.5,0,3.54889,9.3,0.158333,10,8.2,5.5,2.7,2.6,3,9.3,10,10,8.91304,7.61333,3.54889,2.67778,4.64,9.65,10
open_space,15.2,-17.7,3.12627,1,0,12,0,2,10,0.263889,2.9,2,2,2.8,4.5,6.2,10,10,4.82187,2.26667,2.21333,4.1,4.98667,7.735,10,10
open_space,0.8,-1.4,2.00712,1,0,1.9,0,0.7,1.22667,0.655556,0.6,0.6,0.7,1.7,10,2.9,1.3,1.2,0.864444,0.602222,0.942222,3.33529,10,4.96667,1.75556,1.22667
open_space,10,-19,5.77722,1,1,10.7,0,10,0.7,0.430556,1.4,10,10,10,2.6,0.8,0.7,0.7,5.94667,10,10,10,7.63929,1.25111,0.717778,0.928889
open_space,5.7,-9.3,3.96007,1,0,15.5,0,10,5.5,0,8,10,10,10,9.1,7.6,5.5,5.5,8.93636,10,10,10,9.4,9.13784,6.1,6.24222
open_space,3.8,-7.6,4.23274,1,1,13.8,0,9.14,3.6,0,7.7,10,10,8.4,7.4,4.1,3.6,3.8,8.65714,10,10,9.14,7.63111,5.95556,3.71111,4.97111
open_space,9.9,-15.9,0.538762,1,1,19.8,0,9.54474,4.4,0,10,10,10,7.6,3.9,3.8,4.4,9.8,10,10,10,9.54474,5.05333,3.93778,6.26316,9.876
open_space,18.1,-3.9,3.64452,1,1,11.7,0,1.64444,4.2,0.319444,10,3.4,1.7,1.6,1.8,3.7,4.2,10,10,5.31579,2.18222,1.64444,2.72,3.81556,5.99,10
open_space,11.6,-11.8,5.84669,1,0,18.4,0,10,7.9,0,8.1,8.6,10,10,10,8.8,7.9,8.4,8.32667,9.21765,10,10,10,9.33846,8.12,9.22667
open_space,4.9,-13.8,4.61876,1,1,15.9,0,10,4.7,0,5.9,7.6,10,10,7.5,4.7,4.7,5.9,6.34444,8.65333,10,10,8.51818,5.56444,5.05778,6.54667
open_space,8.9,-9.9,3.49753,1,1,18.7,0,10,8.94,0,9.3,9.8,10,10,10,9.7,9.6,8.7,9.6,9.87692,10,10,10,9.80667,9.8,8.94
open_space,15.3,-11.3,2.99466,1,0,17.5,0,5.39778,10,0,10,8.5,7.5,4.5,4.4,5.5,10,10,10,9.07083,8.60444,5.39778,4.65556,7.11786,10,10
open_space,19.1,-6,5.61408,1,0,1.7,0,0.9,1.58444,0.438889,0.6,0.6,0.9,5.8,9.3,10,5.6,0.8,0.635556,0.702222,2.93111,6.89111,9.65,10,7.03333,1.58444
open_space,16.7,-3.2,4.61119,1,1,13,0,3,10,0,4.8,3,3,3,3,3.9,10,10,6.74091,3.56,3.21778,3.49778,3.21778,5.77647,10,10
open_space,15.1,-11.3,3.18088,1,0,16.3,0,5.08444,10,0,10,8.4,6.3,4.6,4.6,6.8,10,10,10,8.88571,8.32222,5.08444,5.22889,8.0625,10,10
open_space,10.8,-3.9,1.88949,1,0,13.7,0,10,3.80889,0,3.9,8.2,10,10,10,8.9,4.2,3.7,5.17333,9,10,10,10,9.16889,6.24889,3.80889
open_space,3.6,-12.9,5.81858,1,0,17.2,0,5.62326,6.8,0,10,10,10,3.8,3.4,3.6,6.8,7.2,10,10,10,5.62326,3.49778,4.76,7.00222,8.26
open_space,14.7,-2.8,2.86495,1,0,13,0,6.75227,2.6,0.158333,9.4,10,10,5.2,5,2.7,2.6,3,9.7,10,10,6.75227,5.16,3.54222,2.67778,4.64889
open_space,4.7,-2.3,0.221847,1,1,12.2,0,2.2,10,0.25,2.5,2.1,2.2,3.9,4.6,8.4,10,10,4.30444,2.18667,2.68444,4.55556,5.76222,9.03333,10,10
open_space,2.4,-15.7,1.64656,1,0,12.2,0,2.2,10,0.233333,2.9,2.2,2.2,3.3,4,6.1,10,10,4.82778,2.39111,2.54889,4.06444,4.64222,7.67222,10,10
open_space,9.3,-10.7,5.81039,1,0,19.5,0,10,9,0,10,10,10,10,9.1,9.6,9,9.5,10,10,10,10,9.34186,9.775,9.25909,9.71111
open_space,5.9,-2.8,1.83536,1,0,8.5,0,5.9,2.69111,0.158333,2.7,5.2,5.9,10,10,10,3,2.6,3.44,5.80444,7.28293,10,10,10,4.89778,2.69111
open_space,17.5,-9.4,2.9527,1,1,14,0,2.78,9.2,0.233333,10,10,4,2.2,2.2,2.6,9.2,10,10,10,5.92857,2.78,2.29778,4.63111,9.39714,10
open_space,16.6,-16.6,4.84511,1,1,6.2,0,3.1,3.30889,0,3.1,3.1,3.1,5.1,10,10,3.9,3.1,3.63333,3.30889,3.72444,6.86,10,10,5.80588,3.30889
open_space,18.4,-19,5.23824,1,0,2.2,0,1.5,0.7,0.644444,0.8,1.3,1.5,4.9,10,1.4,0.7,0.7,1.12889,1.33778,2.37333,6.675,10,3.07308,0.926667,0.717778
open_space,8.8,-7,1.74895,1,0,15.5,0,8.7,7.17556,0,6.9,8.6,8.7,10,10,10,8.4,6.8,7.98158,8.95854,9.26818,10,10,10,9.075,7.17556
open_space,7.5,-16.4,3.76256,1,1,9.8,0,4,7.28,0,3.4,3.3,4,10,10,10,7.4,5.8,4.09778,3.47556,5.94167,10,10,10,8.36176,7.28
open_space,11,-6.1,1.34254,1,0,16.1,0,10,7.42927,0,5.9,6.9,10,10,10,9,8.7,6.1,6.13778,8.19565,10,10,10,9.43529,9.02273,7.42927
open_space,2.2,-11.1,5.85357,1,0,15.1,0,3.24667,4.7,0.266667,10,10,5.9,2.2,2,2.1,4.7,9.2,10,10,7.61111,3.24667,2.04889,2.89778,8.06,9.54545
open_space,16.3,-13.9,3.70581,1,1,13.5,0,3.5,10,0,6,5.8,3.5,3.4,4,10,10,10,7.32143,6.03111,4.40667,3.53778,5.91538,10,10,10
open_space,7.2,-5.5,2.8543,1,0,16,0,10,5.3,0,7,8,10,10,10,5.6,5.3,6,7.22,8.83333,10,10,10,7.00976,5.46667,7.46
open_space,14.9,-11.8,5.5289,1,0,13.7,0,7,7.9,0,4.8,4.8,7,10,10,10,7.9,6.7,5.32667,5.43333,8.20667,10,10,10,8.55,8.13111
open_space,17.8,-5.6,0.0483291,1,0,7.3,0,5.4,2.08444,0.280556,1.9,2.8,5.4,8,10,10,2.6,1.9,2.16889,4.62,6.16889,8.84,10,10,4.58649,2.08444
open_space,1.3,-2.4,3.39491,1,0,11.1,0,9.65,1.13556,0.558333,1.1,2.1,10,9.3,2.6,2.2,1.3,1.1,1.43778,4.06,10,9.65,4.23111,2.28,1.86,1.13556
open_space,18.9,-5.5,5.86453,1,0,2.8,0,1.9,1.26,0.416667,0.8,0.9,1.9,5.7,10,10,2.2,0.9,0.808889,1.16222,4.51778,7.17368,10,10,4.1375,1.26
open_space,12,-11.9,1.84039,1,0,19,0,8.08444,8,0,10,10,9,7.8,8.1,7.7,8,10,10,10,9.46667,8.08444,9.00294,7.98,8.78,10
open_space,18.1,-4.6,0.917156,1,0,8.8,0,7.2,1.6,0.322222,2.6,4.4,7.2,10,10,2,1.6,1.6,4.02,5.28667,8.35833,10,10,3.8093,1.70667,1.91111
open_space,5.4,-5.4,6.18699,1,1,15.2,0,5.2,10,0,8.3,5.2,5.2,5.2,5.2,6.7,10,10,9.05,6.16889,5.58889,6.06444,5.58889,8.035,10,10
open_space,12.4,-4.8,2.75801,1,1,15,0,8.78095,4.6,0,10,10,10,7.9,7.3,5,4.6,5,10,10,10,8.78095,7.49556,6.67778,4.72,6.6
open_space,15.7,-13.8,2.75743,1,0,15.9,0,5.68444,10,0,10,6.4,5.9,4.3,4,4.3,10,10,10,7.76562,6.05556,5.68444,4.10222,6.05,10,10
open_space,9.3,-1.2,0.0999952,1,1,11,0,1,10,0.394444,1.3,1,1,1.6,9.1,10,10,10,2.87333,1.07333,1.16667,4.64889,9.49,10,10,10
open_space,3.8,-11.3,1.10838,1,0,13.6,0,3.6,10,0,10,4.1,3.6,3.8,8,8.9,10,10,10,5.84286,3.70444,5.05778,8.58222,9.34667,10,10
open_space,12.1,-12.4,5.44283,1,1,17.3,0,10,7.3,0,7.6,7.6,10,10,10,10,7.3,7.3,8.47436,8.29111,10,10,10,10,8.195,7.96889
open_space,15.7,-5.5,6.24407,1,1,9.3,0,5.3,4.59333,0,4,5.3,5.3,7.2,10,10,6,4,4.38667,5.78667,5.81778,8.35625,10,10,7.56316,4.59333
open_space,6.2,-1.5,4.01603,1,1,16,0,3.35714,2,0.358333,9.3,10,10,1.7,1.3,1.3,2,6,9.625,10,10,3.35714,1.40444,1.51333,4.24889,7.01111
open_space,17.9,-3.7,0.948629,1,1,7.8,0,6,1.8,0.294444,3.1,3.5,6,10,10,2.2,1.8,1.8,3.56222,4.28222,7.55,10,10,4.09318,1.90222,2.19778
open_space,14.9,-12.1,0.245559,1,0,14.8,0,10,4.98667,0,4.9,9.3,10,10,8.9,7.6,5.6,4.8,6.27778,9.6,10,10,9.45,7.90444,7.47778,4.98667
open_space,18.6,-4.5,6.26816,1,0,5.4,0,4.3,1.23778,0.380556,1.1,1.5,4.3,6,10,10,1.6,1.1,1.21333,2.92667,4.76667,7.51429,10,10,3.36579,1.23778
open_space,3.6,-19.4,0.0322334,1,0,5.1,0,3.76889,0.3,0.472222,10,10,4.7,3.4,0.4,0.3,0.3,0.4,10,10,6.6,3.76889,1.04444,0.322222,0.328889,1.17381
open_space,9.7,-14.1,0.0990634,1,0,18.8,0,9.63333,5.6,0,10,10,10,9.5,7.3,5.6,5.6,8.8,10,10,10,9.63333,9.02667,6.04667,6.59111,9.75882
open_space,18.9,-0.6,5.69194,1,0,1.4,0,0.4,1.70667,0.688889,0.8,0.5,0.4,0.4,0.7,10,4.3,1,0.833333,0.684444,0.411111,0.484444,1.74375,10,6.01667,1.70667
open_space,0.6,-9.3,3.20591,1,0,10.4,0,10,0.428889,0.461111,0.4,0.6,10,10,10,7.5,0.5,0.4,0.448889,1.64,10,10,10,9.30357,1.28444,0.428889
open_space,6.9,-16.9,1.0148,1,0,16.7,0,5.13556,5.3,0.102778,10,8,6.7,3.3,2.8,2.9,5.3,10,10,8.8625,6.98889,5.13556,2.92,3.6,6.95625,10
open_space,14.2,-11.8,2.77409,1,1,17.9,0,7.7,10,0,10,8.5,7.9,5.9,5.5,6,10,10,10,9.16471,8.10889,7.7,5.64444,7.48824,10,10
open_space,7.1,-7.2,1.08403,1,0,14.9,0,6.9,8.86667,0,7,7.3,6.9,7.2,10,10,10,8,7.22667,8.42889,7.12,8.25667,10,10,10,8.86667
open_space,12,-13.6,4.61178,1,0,13.8,0,7.7,7.26,0,6.1,7.8,7.7,9.9,10,10,9.8,6.1,6.55111,8.53333,8.26667,9.9,10,10,9.9,7.26
open_space,12.7,-1.8,3.09513,1,1,12.1,0,7.96512,1.6,0.322222,10,10,10,7,2.4,1.6,1.6,2.1,10,10,10,7.96512,4.94667,1.84,1.74667,3.96154
open_space,12.4,-4.7,1.16035,1,0,14.9,0,10,6.66667,0,4.5,4.8,10,10,10,8,7.3,4.9,4.61333,6.51628,10,10,10,8.88,7.49111,6.66667
open_space,14.9,-9.3,2.08366,1,1,19.1,0,10,5.5,0,10,10,10,10,5,4.8,5.5,9.1,10,10,10,10,6.53111,4.96222,7.68571,9.32683
open_space,8.8,-17.9,3.72169,1,0,5.4,0,2.1,6.98222,0.294444,1.8,1.8,2.1,8.6,10,10,8.8,3.3,2.30222,1.87333,3.67111,9,10,10,9.31053,6.98222
open_space,3.2,-7.6,4.94531,1,0,14.5,0,7.71333,3.1,0,10,10,8.8,7.4,3.6,3,3.1,5.7,10,10,9.36364,7.71333,5.54,3.12222,3.87333,7.34
open_space,13.5,-5.7,1.76207,1,0,15.5,0,10,5.78667,0,5.6,9.8,10,10,7.6,6.2,6.3,5.5,6.88444,9.9,10,10,8.63889,6.52,7.13111,5.78667
open_space,1.4,-13.7,0.0233198,1,0,10.4,0,1.32667,6,0.369444,10,10,1.7,1.2,1.2,1.7,6,8.7,10,10,3.35385,1.32667,1.34667,3.72444,6.76889,9.3125
open_space,12.7,-12.9,2.39742,1,1,16.8,0,6.8,10,0,10,9.4,6.8,6.8,7,7,10,10,10,9.625,7.51778,7.74222,7.72889,7.92727,10,10
open_space,4.6,-2.9,0.801598,1,0,7.7,0,3.9,5.76667,0.133333,2.7,2.7,3.9,4.4,6.3,10,10,3.8,3.01333,3.03111,4.56444,4.94667,7.79474,10,10,5.76667
open_space,6,-3.9,0.00989995,1,0,13.7,0,3.7,10,0,5.3,3.7,3.7,5.3,5.8,8.3,10,10,7.04167,4.14222,4.14667,6.08222,6.50444,9.05,10,10
open_space,9.4,-13.1,5.80339,1,0,16.9,0,10,6.6,0,10,10,10,10,9.2,7.5,6.6,6.9,10,10,10,10,9.41951,8.85,6.80444,8.05
open_space,5.8,-5,3.424,1,1,15.6,0,10,5,0,5.8,10,10,10,5.5,4.8,5,5.6,7.25122,10,10,10,7.0875,4.96,6.09333,5.79111
open_space,6.7,-10.7,5.87506,1,1,19.7,0,8.27308,9,0,10,10,10,7.1,6.5,7,9,9.7,10,10,10,8.27308,6.67111,8.32812,9.23778,9.82
open_space,18.8,-9,1.28242,1,0,11,0,10,0.9,0.405556,3,10,10,10,1.9,0.9,0.9,1,8.01556,10,10,10,3.74348,1.22889,0.92,1.55556
open_space,9.3,-7.4,0.328839,1,0,17.6,0,7.6,10,0,8.1,7.2,7.6,9.1,9.6,10,10,10,8.92222,7.41111,8.56154,9.35,9.8,10,10,10
open_space,0.7,-11.6,2.96521,1,0,3.1,0,2.6,0.611111,0.45,0.5,0.6,2.6,9.9,10,10,0.9,0.5,0.52,1.04444,7.86667,9.95,10,10,2.21875,0.611111
open_space,13.7,-11.1,2.3241,1,0,18.6,0,8.6,8.2,0,10,10,8.6,8.6,6,6,8.2,10,10,10,9.0931,9.0875,6.86444,6.60222,9,10
open_space,3.7,-13.2,1.9866,1,1,12.7,0,3.8,9.33333,0,3.8,3.5,3.8,6.5,7.1,10,10,8.9,5.27556,3.58889,5.31556,6.67111,8.26296,10,10,9.33333
open_space,18.4,-6.7,2.4525,1,0,16.5,0,3.43023,2,0.355556,10,10,10,1.7,1.3,1.3,2,6.5,10,10,10,3.43023,1.39778,1.51333,4.47333,7.63556
open_space,2.2,-17.2,1.63021,1,0,12,0,2,10,0.444444,2.7,2,2,2.5,2.5,3.7,10,10,4.69189,2.18667,2.28889,2.72222,2.86889,5.74643,10,10
open_space,7,-7.6,6.22973,1,1,17.4,0,7.4,10,0,10,7.4,7.4,6.8,6.8,9.1,10,10,10,8.25641,8.07778,7.86,7.42222,9.51667,10,10
open_space,7,-17.4,3.47761,1,0,9.2,0,2.4,6.99333,0.216667,2.6,2.3,2.4,5.2,10,10,7.6,6.8,3.85111,2.36,3.26222,6.95385,10,10,8.58095,6.99333
open_space,0.7,-16.7,1.13381,1,1,10.5,0,0.5,7,0.452778,1.4,0.6,0.5,0.5,1.1,3.2,7,10,3.2,0.804444,0.5,0.7,2.54444,4.32,8.1875,10
open_space,2.9,-3.8,1.45398,1,1,6.3,0,2.7,4.32444,0.133333,3.6,2.7,2.7,3.4,10,10,5.9,3.6,3.83778,3.23556,2.88222,5.38649,10,10,7.50588,4.32444
open_space,1.3,-9.1,3.75727,1,0,11.1,0,10,1.1,0.383333,1.3,6.3,10,10,9.1,1.9,1.1,1.1,2.41111,7.55,10,10,9.47222,5.62444,1.36,1.15111
open_space,6.5,-10.3,0.73418,1,1,16.3,0,6.3,10,0,10,9.6,6.3,6.3,8.5,9.4,10,10,10,9.8,7.28222,6.88,9.47037,9.57083,10,10
open_space,15.5,-10.5,3.89245,1,1,14.2,0,4.2,10,0,9.2,6.2,4.2,4.2,5.7,10,10,10,9.49524,8.74773,4.80222,4.61778,7.35217,10,10,10
open_space,1.3,-15.7,0.208716,1,1,8.6,0,1.14667,4.1,0.380556,10,5.6,1.3,1.1,1.1,2,4.1,7.3,10,6.96,2.28889,1.14667,1.38222,3.49111,5.06889,8.39
open_space,16.8,-16,5.70688,1,1,8.8,0,5.3,3.7,0.0583333,2.9,3,5.3,10,10,4.5,3.7,3.5,3.02889,3.67111,7.05882,10,10,6.26857,3.87111,4.06444
open_space,11.5,-5.4,5.02557,1,0,15.9,0,5.35556,10,0,9.3,8.2,5.9,5.2,5.5,10,10,10,9.65,8.45111,7.87333,5.35556,6.99762,10,10,10
open_space,19.5,-1.1,4.47199,1,0,10.2,0,0.2,3.6,0.694444,0.3,0.2,0.2,0.2,0.7,1,3.6,10,1.11333,0.24,0.2,0.335556,0.915556,1.68889,5.45556,10
open_space,14.5,-7,4.52029,1,0,15.2,0,5.2,10,0,9.5,5.3,5.2,6.3,6.8,8.2,10,10,9.65,6.59778,5.44667,7.4,7.12222,8.97857,10,10
open_space,17.5,-4.7,3.76049,1,0,12.2,0,2.2,5.5,0.233333,10,3.8,2.2,2.2,2.7,4.5,5.5,10,10,5.94348,2.73333,2.31333,3.94444,4.73556,7.19655,10
open_space,4.9,-10.3,5.3369,1,1,19.4,0,9.0375,5.8,0,10,10,10,8.2,4.8,4.7,5.8,9.4,10,10,10,9.0375,5.81778,4.95778,8.05526,9.54667
open_space,12.8,-15.3,2.16892,1,0,14.5,0,4.5,8.3,0,10,8,4.5,4.4,5.3,6.9,8.3,10,10,8.85,5.56222,4.61333,6.92,7.24,9.07692,10
open_space,12,-18.5,0.363419,1,0,12.9,0,5.57857,1.3,0.369444,8.2,10,10,3.4,1.3,1.2,1.3,2.9,8.995,10,10,5.57857,1.91556,1.22667,1.74889,6.60889
open_space,18,-13.1,3.79492,1,1,11.7,0,1.7,10,0.305556,6.7,2.8,1.7,1.7,2.1,10,10,10,7.77317,5.38889,2.05556,1.80222,3.99773,10,10,10
open_space,1.4,-8.2,1.42488,1,0,9.3,0,1.2,8.8,0.369444,2,1.2,1.2,1.5,8,10,10,8.1,5.28444,1.46,1.26444,2.8,8.5,10,10,8.8
open_space,4,-16,6.20305,1,0,10.8,0,4.46,3.7,0,10,10,6,3.8,3.8,3.7,3.7,4.8,10,10,7.56111,4.46,4.10667,4.30444,3.99556,6.67931
open_space,6.5,-8.3,1.46817,1,1,14.5,0,6.3,8.82667,0,8.1,6.3,6.3,8.1,10,10,10,8.2,8.62558,7.51111,6.76,8.96154,10,10,10,8.82667
open_space,10.6,-1.9,1.11016,1,1,5.7,0,3.8,2.88,0.305556,1.7,1.8,3.8,10,10,10,5.5,1.9,1.74444,2.37778,5.70588,10,10,10,8.89302,2.88
open_space,12.1,-13.1,5.41222,1,0,16.5,0,9.9,6.6,0,7.6,7.6,9.9,10,10,10,6.6,6.6,8.61333,8.20222,9.9,10,10,10,7.72727,7.12444
open_space,3.7,-13.2,3.06155,1,0,10,0,6.5,4.10667,0,3.5,4.6,6.5,8.5,10,10,5.5,3.5,3.78,6.26222,7.03111,9.2,10,10,7.235,4.10667
open_space,1,-9.6,1.57678,1,0,10.2,0,0.8,9.61905,0.416667,1.1,0.8,0.8,1.1,10,10,10,9.4,3.26,0.891111,0.884444,2.60488,10,10,10,9.61905
open_space,3,-10.5,2.82299,1,1,11.8,0,8.8,3.98667,0.102778,2.8,3.1,8.8,10,10,10,6.4,3,2.87556,4.69333,9.40465,10,10,10,7.79,3.98667
open_space,4.5,-14.4,1.64195,1,0,14.3,0,4.3,10,0,5.8,4.3,4.3,5.3,5.3,8.1,10,10,7.33478,4.69333,4.97556,5.76889,6.12889,8.95,10,10
open_space,5.8,-7.7,2.38108,1,0,15.6,0,8.1,7.5,0,5.6,5.6,8.1,10,10,10,7.5,7.5,6.23556,6.32444,8.92,10,10,10,8.25814,8.16667
open_space,7.3,-6.9,1.0891,1,0,14.7,0,7.1,8.59,0,6.7,7,7.1,7.4,10,10,10,7.6,6.91556,8.28444,7.32,8.40714,10,10,10,8.59
open_space,14,-8.9,3.85994,1,0,15.7,0,5.7,10,0,10,8.8,5.7,5.7,7.6,8.7,10,10,10,9.31667,6.64667,6.18889,8.9878,9.06765,10,10
open_space,1.4,-8.9,2.60287,1,0,3.7,0,2.3,2.32,0.369444,1.2,1.2,2.3,10,10,10,5.1,1.4,1.24222,1.56,4.316,10,10,10,8.69091,2.32
open_space,17.3,-4.6,3.22948,1,0,10,0,2.60222,4.4,0.197222,10,10,3.2,2.4,2.4,3.7,4.4,6.8,10,10,5.12778,2.60222,2.8,4.48222,5.14,8.17333
open_space,4.6,-18.5,5.49712,1,1,11.2,0,7.82105,1.2,0.369444,1.7,10,10,6.3,4.4,1.7,1.2,1.2,3.42564,10,10,7.82105,4.95333,3.22889,1.34444,1.33333
open_space,5.6,-5.7,3.40407,1,1,15.4,0,10,5.60222,0,5.6,10,10,10,6.4,5.5,5.7,5.4,7.02093,10,10,10,7.83704,5.70222,6.58667,5.60222
open_space,7.7,-7.8,0.464393,1,0,17.9,0,7.71111,10,0,8.1,7.6,7.9,7.5,8.4,10,10,10,8.85455,7.82,8.93421,7.71111,9.10625,10,10,10
open_space,3.3,-19.5,5.93817,1,0,7.7,0,4.54222,0.2,0.483333,0.5,10,7.5,3.3,0.4,0.2,0.2,0.2,1.29474,10,8.55714,4.54222,2.06,0.264444,0.2,0.288889
open_space,4.9,-11.7,3.01135,1,0,12.8,0,8,5.70889,0,4.7,5.9,8,10,10,10,7.9,4.8,4.99556,7.87778,8.51333,10,10,10,8.76667,5.70889
open_space,12.1,-11.8,1.77751,1,0,19.5,0,8.28,7.8,0,10,10,9.5,7.9,8.1,7.6,7.8,10,10,10,9.78,8.28,8.96471,7.96667,8.61667,10
open_space,17.6,-19.2,2.76454,1,1,10.5,0,0.5,5.6,0.6,1.2,0.5,0.5,0.5,1.3,2.3,5.6,10,2.71,0.737778,0.5,0.751111,2.02,3.24667,7.23,10
open_space,13.4,-7.9,5.14824,1,0,16.9,0,6.9,10,0,6.7,6.3,6.9,7.7,8.5,10,10,10,7.98065,6.46889,8.45111,7.90444,9.18125,10,10,10
open_space,10.3,-1.4,5.34937,1,0,11.2,0,1.2,10,0.372222,9.5,2,1.2,1.2,1.5,7.8,10,10,9.75833,5.82889,1.46222,1.26222,2.78667,8.35,10,10
open_space,1.4,-0.9,0.566961,1,1,2.1,0,0.8,2.85,0.65,0.7,0.7,0.8,1.2,1.4,5.4,10,1.3,0.891111,0.722222,1.11778,1.24222,2.36222,6.86667,10,2.85
open_space,14.7,-1.9,3.16267,1,0,9.4,0,5.56889,1.7,0.308333,10,10,7,5,2.4,1.7,1.7,2.4,10,10,8.25625,5.56889,4.04,1.88889,1.90889,4.4
open_space,1.2,-15,5.61788,1,1,14,0,2.65556,1.6,0.391667,7.6,10,9.3,1.3,1,1,1.6,4.7,8.62727,10,9.3,2.65556,1.06444,1.18,3.41333,5.6
open_space,19,-4.7,3.21504,1,0,7.8,0,0.757778,4.5,0.427778,10,10,0.9,0.7,0.7,1,4.5,6.9,10,10,2.22667,0.757778,0.8,2.60222,5.21778,8.18667
open_space,1.6,-3.5,0.485208,1,1,8.8,0,1.43333,8.3375,0.347222,3.5,3,1.5,1.4,1.6,4.6,10,7.3,4.6,3.35778,1.94444,1.43333,2.39778,6.54,10,8.3375
open_space,13.2,-6.1,4.75199,1,1,16.5,0,6.5,10,0,9,6.5,6.5,5.9,5.9,8.7,10,10,9.47143,7.18667,7.32889,6.52222,6.71111,9.21429,10,10
open_space,4.2,-0.7,0.556271,1,1,1.5,0,0.6,2.35517,0.45,0.5,0.5,0.6,2,4.7,10,10,0.9,0.637778,0.513333,0.937778,3.94889,6.43429,10,10,2.35517
open_space,2,-8.6,0.925379,1,1,11.8,0,1.8,10,0.291667,8.4,2.3,1.8,1.8,3,10,10,10,8.82683,4.34,1.91556,2.16444,4.9037,10,10,10
open_space,13.7,-6.1,0.687109,1,0,13.6,0,7.6,6,0,5.9,5.9,7.6,10,10,9.6,6,6,6.90444,6.33556,8.6,10,10,9.75,7.13333,6.44
open_space,12,-9.3,2.34303,1,1,19.1,0,10,9.1,0,10,10,10,10,7.7,7.7,9.1,9.1,10,10,10,10,8.44359,8.37561,9.425,9.37692
open_space,10.9,-18.6,5.45995,1,0,11.1,0,10,1.1,0.380556,1.5,8.8,10,10,10,1.6,1.1,1.1,3.53111,9.17187,10,10,10,3.30556,1.25333,1.2
open_space,17.3,-9.3,5.07385,1,1,9.6,0,2.6,8.34286,0.2,2.6,2.4,2.6,5.8,9.7,10,10,7,3.87556,2.45778,3.50667,8.78444,9.86,10,10,8.34286
open_space,12.2,-7.6,4.26862,1,0,17.5,0,7.5,10,0,10,8.4,7.5,8,7.4,7.9,10,10,10,9.0875,7.71111,8.905,7.60667,8.75,10,10
open_space,17.6,-13.4,5.97471,1,1,9,0,6.8,2.94889,0.25,2.1,2.4,6.8,10,10,6.6,4.7,2.2,2.15778,3.57111,7.96667,10,10,7.86061,6.22444,2.94889
open_space,3.4,-19.5,1.8603,1,0,10.2,0,0.2,10,0.483333,3.7,0.6,0.2,0.2,0.2,0.4,10,10,5.54651,2.69778,0.32,0.2,0.246667,1.10714,10,10
open_space,4.5,-2.9,6.22327,1,1,12.7,0,2.7,10,0.133333,4.1,2.7,2.7,3.6,4.3,5.7,10,10,6.13077,3.12889,2.93333,4.42444,4.68,7.36667,10,10
open_space,6.9,-19.3,0.368165,1,1,8.3,0,5.07556,0.4,0.461111,10,10,7.4,1.1,0.4,0.4,0.4,0.9,10,10,8.44583,5.07556,0.611111,0.4,0.568889,2.16818
open_space,11.5,-17,4.24859,1,0,9,0,6,4.61556,0.133333,2.7,2.8,6,8.6,10,10,8.9,3,2.77556,3.78,8.08222,9.19412,10,10,9.43333,4.61556
open_space,13.3,-10,4.46449,1,1,16.4,0,6.4,10,0,9.7,6.6,6.4,7.4,9.8,10,10,10,9.80667,7.83889,6.63333,8.48,9.88077,10,10,10
open_space,10.7,-1.9,3.58841,1,0,14.6,0,8.04444,1.9,0.305556,10,10,9.6,4,1.8,1.7,1.9,5,10,10,9.81429,8.04444,2.45778,1.74222,2.75333,6.73
open_space,8.7,-5.7,0.846548,1,1,15.7,0,8.3,8.52667,0,5.5,5.5,8.3,8.5,10,10,10,7.4,6.02222,6.32444,8.95909,9.03103,10,10,10,8.52667
open_space,9,-12.3,0.890275,1,0,18.8,0,8.8,10,0,10,10,8.8,8.8,7.4,7.4,10,10,10,10,9.12353,9.33846,7.98,8.2973,10,10
open_space,8.5,-7,0.875311,1,0,17.3,0,8.3,9.42857,0,6.8,6.8,8.3,8.3,10,10,10,9,7.37111,7.84884,8.78205,8.93667,10,10,10,9.42857
open_space,17.8,-9.9,1.05015,1,1,12,0,10,1.9,0.280556,3.8,10,10,10,7.6,2.2,1.9,2,8.04444,10,10,10,9.68214,3.57111,1.96222,2.51556
open_space,10.7,-17.9,0.59634,1,0,19,0,5.37083,2.2,0.294444,10,10,10,3.2,1.8,1.8,2.2,9,10,10,10,5.37083,2.27111,1.88,3.81111,9.25263
open_space,16.6,-10.2,0.763396,1,0,13.1,0,10,3.1,0,4.3,10,10,10,9.5,4.5,3.1,3.1,6.65152,10,10,10,9.68824,7.81556,3.52,3.42667
open_space,5.4,-15.2,3.76406,1,1,10.7,0,5.5,5.3,0,4.6,4.5,5.5,10,10,9.1,5.3,5.2,5.49778,4.74,7.11429,10,10,9.475,6.45111,5.48444
open_space,6.1,-3.2,3.51097,1,1,15.9,0,9.275,3.2,0,6.3,10,10,8.6,3.3,3,3.2,5.9,7.69118,10,10,9.275,4.79111,3.07778,4.41556,6.05556
open_space,5.4,-4.9,4.02323,1,1,15.2,0,7.64545,5.2,0,8.1,10,10,6.2,4.7,4.7,5.2,5.2,8.94444,10,10,7.64545,5.08222,5.50667,5.62222,6.10444
open_space,18.8,-14.9,2.13825,1,1,8.9,0,3.77778,1.1,0.405556,10,9.1,4.9,1.7,0.9,0.9,1.1,4,10,9.55,6.22222,3.77778,1.15333,0.928889,1.76444,5.8875
open_space,19.6,-0.9,4.94445,1,1,0.4,0,0.1,1.39231,0.711111,0.1,0.1,0.1,0.1,0.7,1.3,10,0.3,0.142222,0.1,0.1,0.431111,0.888889,2.78929,10,1.39231
open_space,15.7,-13.5,4.59373,1,0,10.3,0,4,7.46444,0,6.2,4,4,5.1,10,10,10,6.3,6.54,4.80444,4.26667,6.82414,10,10,10,7.46444
open_space,5.4,-12.2,5.76023,1,0,17.8,0,7.58276,7.5,0,10,10,10,6.1,5.2,5.4,7.5,7.8,10,10,10,7.58276,5.39333,6.82444,7.77778,8.60741
open_space,8.7,-5,1.34262,1,0,13.4,0,8.5,6.27778,0,4.8,5.6,8.5,10,10,10,9.3,4.9,4.98667,7.84667,8.84,10,10,10,9.6,6.27778
open_space,15.4,-3.6,1.96258,1,1,13.4,0,10,3.48444,0,3.7,8.8,10,10,4.7,4.3,3.7,3.4,5.15556,9.2,10,10,6.39286,4.41111,4.58889,3.48444
open_space,10.4,-17.2,6.2746,1,0,13.5,0,10,2.5,0.177778,9.3,10,10,10,3.6,2.5,2.5,3.5,9.52174,10,10,10,5.62,2.82,2.77556,6.61556
open_space,16.8,-6.7,3.26629,1,0,13.7,0,3.10222,6.6,0.0583333,10,10,3.7,2.9,2.9,4.7,6.6,10,10,10,5.63429,3.10222,3.45778,6.33556,7.65349,10
open_space,7.4,-14.8,0.163261,1,0,17.4,0,7.62222,5,0,10,10,9,7.2,6.1,4.9,5,8.4,10,10,9.425,7.62222,7.51556,5.18444,6.01111,9.08571
open_space,18.5,-17.7,4.80225,1,0,3.2,0,1.2,2.16667,0.566667,1.6,1.2,1.2,1.8,10,10,2.6,2,2.01111,1.29556,1.39556,3.71176,10,10,4.49211,2.16667
open_space,18.6,-6.4,6.26149,1,1,7.3,0,6.2,1.24222,0.383333,1.1,1.5,6.2,8.6,10,10,1.6,1.1,1.20889,3.31111,6.85111,9.24444,10,10,3.27297,1.24222
open_space,0.6,-7.1,5.76816,1,1,11.4,0,0.713333,0.8,0.461111,10,8,1.4,0.5,0.4,0.4,0.8,10,10,8.88824,6.01333,0.713333,0.402222,0.513333,1.99643,10
open_space,15.2,-13.7,5.44809,1,0,12.1,0,6.1,6,0,4.5,4.5,6.1,10,10,9.1,6,6,5.19111,4.92,7.6,10,10,9.5,6.92889,6.48889
open_space,17.5,-3.5,5.94412,1,0,5.6,0,3.3,3.19556,0.233333,2.2,2.4,3.3,3.7,9.8,10,5.2,2.3,2.25556,3.2,3.38667,5.38444,9.8,10,7.1,3.19556
open_space,6.3,-11,1.62623,1,1,16.1,0,6.1,10,0,8.3,6.1,6.1,8.7,8.7,10,10,10,9,6.69778,6.99778,9.14737,9.16296,10,10,10
open_space,8.2,-5.7,1.70139,1,0,13.6,0,8.1,5.87556,0,5.5,8,8.1,10,10,10,7,5.5,6.59333,8.50889,8.76,10,10,10,8.23684,5.87556
open_space,13,-1.4,2.77886,1,1,11.3,0,8.3037,1.2,0.369444,3.3,10,10,7.2,3,1.3,1.2,1.3,5.44667,10,10,8.3037,6.03333,1.77778,1.22667,1.87111
open_space,17.3,-10.8,2.47326,1,1,18.9,0,5.68222,3.8,0.2,10,10,8.9,3.1,2.4,2.4,3.8,10,10,10,9.19706,5.68222,2.57111,2.84667,5.804,10
open_space,11.8,-1.5,0.959722,1,0,3.8,0,2.2,2.95333,0.358333,1.3,1.3,2.2,10,10,9.8,7.9,1.6,1.36889,1.59778,4.09286,10,10,9.9,8.34222,2.95333
open_space,13.8,-4,3.2002,1,1,13.7,0,6.46889,3.8,0,10,10,8,5.9,5.1,3.8,3.8,5.7,10,10,8.875,6.46889,6.15111,4.16889,4.36222,7.32
open_space,4.7,-15.3,2.647,1,0,9.6,0,4.4,6.85143,0,4.5,4.7,4.4,4.6,9.2,10,10,5.2,4.64667,5.38444,4.54444,5.99556,9.53333,10,10,6.85143
open_space,13,-9.8,2.76453,1,1,19.9,0,8.31923,9.6,0,10,10,9.9,7.3,6.7,7.3,9.6,10,10,10,9.94,8.31923,6.87556,8.344,9.74118,10
open_space,6.5,-10.5,3.4415,1,0,15.9,0,9.6,6.5,0,6.6,9.2,9.6,10,10,10,7.2,6.3,7.84286,9.405,9.8,10,10,10,8.33043,6.5
open_space,7.7,-9.5,0.594037,1,1,17.7,0,7.7,10,0,9.5,9.3,7.7,7.5,9,10,10,10,9.73636,9.48235,8.51333,7.85333,9.45,10,10,10
open_space,3.5,-7.8,2.79907,1,0,13.2,0,9.7,4.82667,0,3.3,3.6,9.7,10,10,8.1,7.6,3.5,3.38667,5.34444,9.7,10,10,8.90952,7.8,4.82667
open_space,3.7,-3.6,3.0409,1,0,13.5,0,10,3.4,0,3.5,4.5,10,10,5.5,3.4,3.4,3.5,3.75333,6.34839,10,10,7.15263,4.03333,3.65111,4.06222
open_space,6.4,-11.6,0.489421,1,0,16.5,0,6.38667,9.2,0,10,10,6.5,6.2,7,8.1,9.2,10,10,10,7.79714,6.38667,8.63636,8.34667,9.56667,10
open_space,10.5,-10.5,0.336383,1,1,19.2,0,10,9.43256,0,9.7,10,10,10,10,9.2,9.7,9.2,9.86,10,10,10,10,9.43256,9.86,9.43256
open_space,3.7,-3.1,5.78312,1,0,12.9,0,2.9,7.2,0.0611111,10,3.3,2.9,3,3.5,3.6,7.2,10,10,5.16591,2.99333,3.71333,3.61333,4.72889,8.38889,10
open_space,11.5,-7.7,2.30503,1,0,17.5,0,10,7.5,0,10,10,10,10,8.2,8.2,7.5,7.5,10,10,10,10,8.84375,8.73077,8.31316,8.19111
open_space,19.4,-7.7,0.58577,1,0,9.3,0,9,0.3,0.472222,0.4,1.3,9,10,10,0.5,0.3,0.3,0.58,6.75333,9.46667,10,10,1.58125,0.364444,0.3
open_space,5.4,-6.3,5.50004,1,1,16.1,0,6.1,7.3,0,10,8.7,6.1,6.1,5.2,5.2,7.3,10,10,9.24286,6.85778,6.75556,5.85111,5.80889,8.42857,10
open_space,0.8,-9.2,3.72837,1,1,10.6,0,10,0.6,0.438889,0.7,2.8,10,10,9.2,1.1,0.6,0.6,1.20222,5,10,10,9.56667,4.72222,0.748889,0.622222
open_space,18.9,-14.4,4.85718,1,1,6.1,0,0.8,5.64,0.416667,1,0.8,0.8,1.3,10,10,6.7,5.3,1.94,0.846667,0.953333,2.93333,10,10,8.00952,5.64
open_space,3.5,-15.4,0.0369925,1,0,10.9,0,3.64889,4.3,0,10,10,4.6,3.3,3.3,4.3,4.3,6.3,10,10,6.47143,3.64889,3.74667,4.68222,4.88667,7.73889
open_space,3.3,-1.6,5.27469,1,1,11.4,0,1.4,3.7,0.347222,10,2.7,1.4,1.4,1.6,3.1,3.7,10,10,4.6875,1.81333,1.44889,2.47778,3.22,5.58293,10
open_space,18.8,-4.9,4.42124,1,0,10.9,0,0.9,10,0.405556,1.9,0.9,0.9,1,3,5.3,10,10,3.8,1.23111,0.92,1.54889,4.66444,6.90882,10,10
open_space,6.7,-17.1,3.98003,1,1,7.4,0,3.9,5.57556,0.158333,2.6,2.6,3.9,10,10,8.9,6.5,3.5,2.85333,2.97111,5.88929,10,10,9.35714,7.14667,5.57556
open_space,15.3,-3,3.80496,1,0,14.4,0,4.4,3.5,0.102778,10,7.3,4.4,4.4,2.8,2.8,3.5,10,10,8.45833,5.30444,4.63333,3.37111,2.98222,5.52973,10
open_space,11.2,-11.3,5.06419,1,0,17.5,0,9.1,8.63111,0,8.9,8.5,9.1,10,10,10,9.3,8.4,9.51429,8.73556,9.48462,10,10,10,9.65,8.63111
open_space,10.5,-1.5,5.72172,1,0,11.3,0,1.3,10,0.358333,6.1,1.5,1.3,1.3,2.4,10,10,10,9.14444,2.62667,1.35111,1.65778,4.276,10,10,10
open_space,17,-18.1,5.07135,1,0,4.5,0,2.9,1.64,0.455556,1.7,2.7,2.9,6.5,10,4.7,1.8,1.6,2.28,2.76889,3.92889,7.98,10,6.53636,2.58444,1.64
open_space,13.3,-16.1,3.32838,1,0,13.7,0,3.7,10,0,4.4,3.6,3.7,6.3,6.5,10,10,10,6.19118,3.78222,4.48444,6.64222,7.6675,10,10,10
open_space,6.1,-7.8,5.65932,1,0,17.6,0,7.6,10,0,10,9.5,7.6,7.4,5.9,6,10,10,10,9.74,8.05333,8.35556,6.25111,7.22444,10,10
open_space,10.8,-15.3,0.112728,1,0,17,0,10,4.4,0,9,10,10,10,5.7,4.4,4.4,7,9.36818,10,10,10,7.3,4.72889,5.21556,8.89778
open_space,0.3,-5,2.05352,1,0,0.3,0,0.1,2.28,0.494444,0.1,0.1,0.1,0.2,10,10,5.1,0.2,0.106667,0.1,0.126667,0.994444,10,10,6.65,2.28
open_space,7.3,-15.8,4.79431,1,1,13.9,0,10,4.24,0,3.9,6,10,10,9.4,7.1,5.2,3.9,4.54222,7.56111,10,10,9.65,7.72,6.93556,4.24
open_space,17.7,-2.6,3.2041,1,0,6.3,0,2.18444,2.4,0.466667,10,10,2.7,2,2,2.4,2.4,3.6,10,10,4.65946,2.18444,2.29333,2.61778,2.75556,5.55
open_space,2.1,-1.5,4.26141,1,0,6.1,0,2.16889,1.9,0.569444,4.3,10,4.1,1.5,1.3,1.4,1.9,2,6.35,10,5.89091,2.16889,1.32889,1.77333,1.94889,2.68889
open_space,15,-14.6,1.48742,1,0,14.1,0,6.00444,4.7,0,10,10,8,5.1,5.1,4.7,4.7,6.1,10,10,8.84444,6.00444,5.50667,5.51333,5.06889,7.67826
open_space,3.6,-12.6,3.47756,1,0,10.9,0,7.5,3.49333,0,3.6,7.1,7.5,10,10,10,3.8,3.4,4.83778,7.30222,8.47308,10,10,10,5.59773,3.49333
open_space,16.8,-9.1,0.384046,1,0,12.5,0,9.6,2.97111,0.0583333,3.1,7.3,9.6,10,10,8,3.2,2.9,4.35111,8.96889,9.78333,10,10,8.86,4.54444,2.97111
open_space,8.8,-7.8,1.68092,1,1,16.3,0,8.7,8.18,0,7.6,8.6,8.7,10,10,10,9.9,7.6,8.45429,8.98649,9.156,10,10,10,9.95,8.18
open_space,19.3,-18.2,1.01915,1,1,7.2,0,2.98222,0.4,0.647222,0.7,10,6.8,1.8,1.5,0.5,0.4,0.4,1.88,10,8.24,2.98222,1.55556,0.762222,0.406667,0.5
open_space,11,-5.6,4.53397,1,0,18.7,0,6.78444,10,0,10,8.9,8.7,5.5,5.4,6.6,10,10,10,9.33158,9.06512,6.78444,5.67111,7.88261,10,10
open_space,9.2,-4.5,2.94834,1,0,15.2,0,10,4.3,0,9,10,10,10,7.9,4.4,4.3,5.2,9.25,10,10,10,8.75,5.46222,4.50222,7.67333
open_space,16.8,-13.3,1.37965,1,1,13.5,0,7.71538,2.9,0.0583333,10,10,10,6.5,5.3,3,2.9,3.5,10,10,10,7.71538,6.43111,3.66889,3.03111,5.405
open_space,1.3,-17,2.00957,1,0,3.8,0,1.2,4.76316,0.505556,1.2,1.1,1.2,2.7,3,7.9,10,2.6,1.59778,1.12222,1.75111,2.77111,4.34889,8.74,10,4.76316
open_space,9.9,-14.5,5.27289,1,0,15.2,0,10,5.4,0,6.1,9.8,10,10,10,9.7,5.4,5.2,7.55926,9.876,10,10,10,9.81,6.78222,5.40667
open_space,13.6,-8.8,6.27179,1,0,14.7,0,8.6,6.90667,0,6.1,8.5,8.6,10,10,10,8.9,6.1,6.78,9.09487,9.03437,10,10,10,9.41429,6.90667
open_space,3.9,-9.6,0.364788,1,1,14.1,0,3.79333,10,0,10,9.4,4.1,3.7,4,9,10,10,10,9.59756,5.86591,3.79333,5.43556,9.4,10,10
open_space,1.9,-11.6,3.08665,1,1,9.8,0,8.1,1.95778,0.308333,1.7,2.3,8.1,10,10,10,2.6,1.7,1.84889,4.61778,8.645,10,10,10,4.56875,1.95778
open_space,15.5,-15.1,3.95439,1,0,10.6,0,4.2,7.85789,0,4.6,4.6,4.2,4.2,6.1,10,10,6.4,5.10444,5.16889,4.66667,4.75111,7.57368,10,10,7.85789
open_space,6.3,-11,1.24389,1,1,16.1,0,6.1,10,0,10,6.5,6.1,6.8,8.7,9.7,10,10,10,7.78824,6.26889,8.49474,8.94667,9.85,10,10
open_space,2,-2.7,4.6898,1,1,6.2,0,2.84,1.8,0.475,10,10,3.7,2.5,2.5,1.8,1.8,2.5,10,10,5.64828,2.84,2.68667,2.04,1.98444,4.43784
open_space,1.8,-8.6,4.38817,1,0,11.8,0,9.39286,1.6,0.322222,4.9,10,10,8.9,3.7,1.7,1.6,1.8,6.72,10,10,9.39286,7.42889,2.27778,1.64222,2.64667
open_space,3.6,-11.7,3.21562,1,0,11.4,0,8,3.7,0,3.4,5.2,8,10,10,10,4.5,3.4,3.94,7.51111,8.71765,10,10,10,6.37586,3.7
open_space,14.3,-0.7,4.80101,1,0,10.6,0,0.533333,10,0.45,7.1,5.4,0.6,0.5,0.5,0.8,10,10,8.3,5.85556,1.45111,0.533333,0.571111,1.98947,10,10
open_space,16.7,-12.5,3.89349,1,1,13,0,3,10,0,7.2,4.5,3,3,4.1,10,10,10,8.1,6.63111,3.43111,3.3,5.99,10,10,10
open_space,8.2,-16.8,4.43216,1,1,13,0,10,3.96889,0.0583333,2.9,3.3,10,10,10,8.4,6.1,3,2.98889,5.16,10,10,10,9.05238,7.93778,3.96889
open_space,12.3,-3.1,4.55845,1,0,15,0,3.57556,10,0.0583333,10,7.5,5,2.9,2.9,3.6,10,10,10,8.38788,7.08889,3.57556,3.06,5.53158,10,10
open_space,18.1,-10.1,1.75125,1,1,12.8,0,9.7,1.6,0.322222,10,10,10,9.6,2,1.6,1.6,2.8,10,10,10,9.7,3.59333,1.68222,1.97556,6.93778
open_space,18.9,-3.6,3.88056,1,1,10.8,0,0.8,4.6,0.416667,10,1.2,0.8,0.8,1.1,3.4,4.6,10,10,2.79737,0.913333,0.864444,2.09556,3.72,6.48966,10
open_space,17.6,-17.6,1.37836,1,0,6.3,0,2.66222,2.1,0.5,10,10,3.8,2.1,2.1,2.1,2.1,2.5,10,10,5.90455,2.66222,2.19333,2.50889,2.19333,4.41778
open_space,1.8,-2.1,0.427261,1,1,6.4,0,1.63778,6.50769,0.55,2,1.9,1.7,1.6,1.8,4.5,10,4.7,2.81556,1.94667,2.08444,1.63778,2.52444,6.36667,10,6.50769
open_space,10.8,-17.6,4.66139,1,0,11,0,8.9,2.41778,0.25,2.1,2.8,8.9,10,10,10,3.2,2.1,2.29111,5.53556,9.22258,10,10,10,5.22,2.41778
open_space,4.3,-19,2.01789,1,1,10.5,0,0.7,9.8,0.427778,4.4,1.6,0.7,0.7,0.8,2,10,9.8,5.96222,3.54444,1.00222,0.706667,1.11556,3.875,10,9.8
open_space,6.7,-9.4,6.20574,1,0,19.2,0,7.63111,10,0,10,9.2,9.2,6.5,6.5,8.5,10,10,10,9.54737,9.43103,7.63111,7.03333,9.22,10,10
open_space,6.7,-17.4,6.16224,1,0,12.9,0,7.66667,2.3,0.219444,10,10,10,6.6,3.8,2.3,2.3,2.9,10,10,10,7.66667,5.92222,2.76222,2.44889,4.78205
open_space,10.4,-5.6,1.04812,1,0,16.3,0,10,8.16857,0,5.4,5.6,10,10,10,10,9.3,6.3,5.60222,7.02558,10,10,10,10,9.48649,8.16857
open_space,6.4,-17.2,5.93289,1,0,12.8,0,7.86452,2.5,0.180556,7.2,10,10,6.6,6.1,2.7,2.5,2.8,8.23333,10,10,7.86452,6.34,3.68222,2.56222,4
open_space,18.1,-3.5,0.682168,1,0,5.8,0,4.2,1.6,0.319444,2,3.3,4.2,10,10,2.6,1.6,1.6,2.98222,3.53778,6.075,10,10,4.60667,1.89778,1.70889
open_space,8.8,-4.9,0.344529,1,0,15,0,5,10,0,5.2,4.7,5,8.6,9.1,10,10,10,6.89189,4.82889,6.72889,8.84667,9.525,10,10,10
open_space,6.1,-6.1,0.748057,1,0,14.7,0,5.9,9.4,0,5.9,5.9,5.9,5.9,8,10,10,8.8,6.76667,6.48889,6.74444,6.48889,8.90833,10,10,9.4
open_space,2.2,-5.9,3.67328,1,1,12,0,10,2.06444,0.266667,2.3,7.8,10,10,5.9,4,2.1,2,3.71556,8.75,10,10,7.31951,5.55111,2.66222,2.06444
open_space,7.9,-16.1,5.23716,1,1,13.6,0,10,3.7,0,4.2,10,10,10,8,7.4,3.7,3.6,6.025,10,10,10,8.82,7.88222,4.83778,3.72222
open_space,11.2,-10.2,2.60975,1,1,19.5,0,9.5,10,0,10,10,9.5,9.8,8.5,8.8,10,10,10,10,9.64242,9.93333,8.83333,9.29444,10,10
open_space,18.2,-5.1,4.92698,1,1,9,0,1.5,8.23333,0.333333,1.8,1.5,1.5,2.7,5,9,10,7.5,3.1,1.56222,1.9,4.46889,6.24444,9.4,10,8.23333
open_space,4.1,-15.8,4.93866,1,1,13.9,0,10,4,0,4,7.3,10,10,4.6,3.9,4,3.9,5.00889,8.45,10,10,6.44571,4.06667,4.66667,4.06667
open_space,8.5,-2.2,1.38,1,0,10.3,0,8.3,2.53111,0.263889,2,2.4,8.3,10,10,10,3.6,2,2.09111,4.19556,8.7,10,10,10,5.58636,2.53111
open_space,5.7,-7.3,1.20666,1,1,13.1,0,5.5,8.60833,0,7.1,5.9,5.5,6,10,10,10,7.6,7.29111,7.43778,5.64444,7.43636,10,10,10,8.60833
open_space,6.8,-14.7,3.25211,1,0,11.6,0,5,7.1,0,6.5,5,5,8,10,10,8.6,6.6,7.21778,5.37556,5.91778,8.81111,10,10,9.23,7.1
open_space,3,-11.8,0.972541,1,1,12.8,0,2.8,10,0.102778,10,3.4,2.8,2.8,4.9,8,10,10,10,5.30769,2.94,3.48889,7.41556,8.77857,10,10
open_space,8.3,-11.8,4.4979,1,0,18.1,0,10,8.1,0,7.9,9.4,10,10,10,8.3,8.1,8.1,8.23778,9.66667,10,10,10,9.01667,8.44444,8.96552
open_space,12.6,-6.3,3.40758,1,1,18.3,0,7.36,6.3,0,10,10,8.3,7.1,7.1,6.1,6.3,10,10,10,9.02,7.36,8.07556,6.32444,7.6,10
open_space,18.3,-12.4,1.66676,1,1,11.8,0,7.89556,1.4,0.344444,10,10,9.6,7.3,1.8,1.4,1.4,2.2,10,10,9.8,7.89556,3.73333,1.51111,1.63556,4.03437
open_space,12.7,-7.2,6.26254,1,1,14,0,7,7.92045,0,7,7,7,9.7,10,10,10,7,7.74,7.95778,7.74,9.83333,10,10,10,7.92045
open_space,14.5,-4,2.9665,1,1,13.9,0,6.51111,3.8,0,10,10,9.3,5.3,5.2,3.9,3.8,4.6,10,10,9.53333,6.51111,5.46889,4.75333,3.99333,6.48235
open_space,1.1,-15.8,1.49392,1,0,10.9,0,0.9,10,0.405556,1.4,0.9,0.9,1.2,3.9,5.1,10,10,2.97714,1.04667,0.966667,2.27333,4.21778,6.84444,10,10
open_space,8.8,-4.8,3.86721,1,0,18.6,0,8.28571,6.1,0,10,10,10,7,4.6,4.6,6.1,8.6,10,10,10,8.28571,5.33333,5.00889,8.32889,9
open_space,17.3,-13.5,3.14989,1,1,13.4,0,2.68444,10,0.2,8.8,6.2,3.4,2.4,2.4,3.4,10,10,9.34286,6.94889,5.38889,2.68444,2.68222,5.32258,10,10
open_space,16,-0.9,5.21132,1,1,8.6,0,0.7,8.88571,0.427778,3.9,1.5,0.7,0.7,0.8,2.4,10,7.9,5.09111,3.12222,0.946667,0.713333,1.20222,4.26154,10,8.88571
open_space,4.7,-6.5,5.9399,1,1,16.3,0,6.18222,10,0,10,6.7,6.3,4.8,4.5,5,10,10,10,7.93871,6.47111,6.18222,4.61778,6.66667,10,10
open_space,1.7,-0.3,2.60467,1,0,3,0,2.9,0.1,0.663889,0.1,1.5,2.9,10,0.3,0.1,0.1,0.1,0.737778,1.95333,4.94348,10,0.676923,0.137778,0.1,0.1
open_space,18.9,-6.5,5.09837,1,0,3,0,0.9,3.97647,0.416667,0.9,0.8,0.9,2,6.8,10,10,2.1,1.23111,0.808889,1.18889,5.26444,8.03333,10,10,3.97647
open_space,2.3,-7.9,2.14194,1,0,6.4,0,2.5,6.87111,0.25,2.2,2.1,2.5,9.7,10,10,7.9,3.9,2.70444,2.18222,4.21556,9.7,10,10,8.7,6.87111
open_space,3.9,-10.3,4.52272,1,1,14.5,0,10,3.7,0,9.4,10,10,10,6.7,3.8,3.7,4.5,9.55,10,10,10,8.025,4.68222,3.87333,7
open_space,1.8,-4.4,3.37826,1,1,11.6,0,10,1.66,0.322222,1.6,3,10,10,5,4.2,1.9,1.6,2.06889,5.05652,10,10,6.75,4.37333,2.98444,1.66
open_space,14.5,-12.5,3.74159,1,1,15.3,0,5.3,10,0,7.3,7.2,5.3,5.2,6.3,10,10,10,8.29394,7.54889,6.54667,5.45111,7.716,10,10,10
open_space,15.4,-13.3,0.993664,1,1,14.4,0,8.67647,4.3,0,7.8,10,10,7.7,6.4,5.2,4.3,4.4,8.7125,10,10,8.67647,6.70444,6.58,4.50444,5.45333
open_space,6.9,-2.5,4.26306,1,1,14.3,0,3.85111,5.2,0.216667,10,10,7.2,2.6,2.3,2.4,5.2,7.1,10,10,8.43333,3.85111,2.36,3.26222,6.68,8.22
open_space,8.6,-19.2,2.40925,1,1,10.5,0,0.5,10,0.452778,8.4,0.7,0.5,0.5,0.7,10,10,10,8.88333,1.75333,0.54,0.562222,1.92,10,10,10
open_space,6.3,-11.6,0.0380006,1,0,18.4,0,6.74667,8.1,0,10,10,8.4,6.1,6.1,8.1,8.1,10,10,10,9.07778,6.74667,6.93333,8.77273,8.74571,10
open_space,14.1,-12,6.26862,1,0,15.6,0,10,6.34889,0,5.6,7.8,10,10,10,7.7,7.7,5.6,6.20667,8.78462,10,10,10,8.45128,8.32222,6.34889
open_space,14.2,-2.5,5.09479,1,1,12.5,0,2.35556,10,0.219444,6,5.5,2.5,2.3,2.5,5.8,10,10,7.42727,5.64444,3.60444,2.35556,3.44444,7.52727,10,10
open_space,13.8,-3.6,1.03725,1,0,10.6,0,6.6,5.49333,0,3.4,3.5,6.6,10,10,6.9,5.9,4,3.52889,4.46222,7.92727,10,10,8.14783,6.12667,5.49333
open_space,11.7,-7.2,3.75905,1,0,18.1,0,8.1,8.6,0,10,10,8.1,8,7.1,7,8.6,10,10,10,8.83704,8.42889,8.22895,7.37333,9.20909,10
open_space,0.7,-9.2,3.8382,1,0,10.5,0,10,0.5,0.45,0.6,5.1,10,10,9.1,0.8,0.5,0.5,1.34889,6.63333,10,10,9.42857,3.26222,0.577778,0.531111
open_space,12.4,-13,4.8784,1,1,14.1,0,7.4,7.08889,0,6.8,7.3,7.4,10,10,10,8.3,6.7,8.06444,7.72667,8.34571,10,10,10,9.03333,7.08889
open_space,9.2,-0.9,0.750171,1,0,1.9,0,0.9,2.47949,0.430556,0.7,0.7,0.9,9,10,10,10,1,0.793333,0.762222,2.44222,9.30345,10,10,10,2.47949
open_space,3.7,-6.9,2.73312,1,0,12.5,0,8.7,5.38667,0,3.5,3.8,8.7,10,10,7.4,6.7,3.8,3.58667,5.21778,9.3,10,10,8.3875,6.87778,5.38667
open_space,13.2,-1.6,3.13149,1,0,11.3,0,7.35333,1.4,0.344444,10,10,9.4,6.5,2,1.4,1.4,1.9,10,10,9.7,7.35333,4.24444,1.57778,1.54889,3.70789
open_space,10.8,-19.6,6.16757,1,0,10.1,0,10,0.1,0.494444,0.5,10,10,10,0.1,0.1,0.1,0.1,7.7,10,10,10,0.534211,0.1,0.1,0.171111
open_space,4,-12.6,5.4999,1,0,17.1,0,7.19565,5.4,0,10,10,10,5.4,3.8,3.8,5.4,7.1,10,10,10,7.19565,4.27111,4.24444,7.03778,7.94222
open_space,17.5,-7.4,3.98484,1,0,12.2,0,2.2,10,0.233333,10,3,2.2,2.2,3.3,7.2,10,10,10,4.88571,2.40889,2.52444,5.82667,8.11905,10,10
open_space,19.3,-16,3.51998,1,0,10.4,0,0.4,10,0.461111,4.1,1,0.4,0.4,0.4,0.9,10,10,5.85111,3.08667,0.608889,0.4,0.573333,2.4,10,10
open_space,17.1,-16.8,4.50997,1,1,5.6,0,2.6,3.70444,0.219444,2.9,2.7,2.6,3.1,10,10,5.4,3,3.02667,3.19556,2.71333,4.96429,10,10,7.05625,3.70444
open_space,12.5,-7.1,5.0292,1,0,17.6,0,7.10444,10,0,8.1,7.2,7.6,6.9,7.3,10,10,10,8.94706,7.42222,8.56889,7.10444,8.2931,10,10,10
open_space,13.9,-3.1,1.03605,1,1,9,0,5.6,4.94889,0.0611111,2.9,3,5.6,10,10,6.8,5.8,3.4,3.00889,3.79778,7.40667,10,10,8.0875,6.02667,4.94889
open_space,3.4,-3.4,3.92146,1,1,13.2,0,6.51154,3.2,0,4.5,10,10,4.6,3.2,3.2,3.2,3.2,6.3,10,10,6.51154,3.60889,3.55778,3.60889,3.55778
open_space,14.4,-15.1,2.85572,1,0,14.6,0,4.6,10,0,9.9,4.8,4.6,5.2,5.3,6,10,10,9.9,6.33556,4.74444,6.03778,5.46667,7.49,10,10
open_space,8.4,-3.2,4.60371,1,0,14.9,0,3.58667,8.2,0,10,10,4.9,3,3,3.8,8.2,10,10,10,6.70952,3.58667,3.20667,6.32,8.67619,10
open_space,7.5,-1.1,0.119217,1,1,9.3,0,0.9,8.4,0.405556,1.1,0.9,0.9,1.4,7.4,10,10,8.4,2.39333,0.957778,1.06,4.08444,8.24865,10,10,8.4
open_space,18.1,-12.5,3.75526,1,0,11.6,0,1.6,10,0.319444,7.3,2.8,1.6,1.6,1.9,9.1,10,10,8.29706,5.76667,1.99111,1.67556,3.51111,9.1,10,10
open_space,15,-18.7,2.2016,1,1,11,0,1,5.8,0.394444,10,1.7,1,1,1.2,4.7,5.8,10,10,3.45,1.22222,1.04889,2.24444,4.96,7.41481,10
open_space,17.5,-6.9,0.831147,1,0,12.1,0,9.9,2.2,0.233333,3.2,6.7,9.9,10,10,3,2.2,2.2,5.55556,7.64889,9.9,10,10,5.02571,2.42222,2.50444
open_space,17.2,-12.6,1.37204,1,0,13,0,8.24545,2.5,0.177778,10,10,10,7.3,4.6,2.6,2.5,3,10,10,10,8.24545,6.74222,3.18889,2.60889,4.92326
open_space,12.9,-11.3,0.234396,1,1,16.8,0,10,7.08889,0,7,10,10,10,10,8.4,8.1,6.8,8.09714,10,10,10,10,8.76,9.04857,7.08889
open_space,8,-11.6,3.86951,1,0,17.8,0,10,7.8,0,8.1,8.1,10,10,10,10,7.8,7.8,8.79091,8.635,10,10,10,10,8.54,8.43023
open_space,9.8,-4.4,4.75871,1,1,15.8,0,4.62889,9.6,0,10,9.9,5.8,4.2,4.2,6.2,9.6,10,10,9.93333,8.07419,4.62889,4.79333,8.72703,9.76,10
open_space,9.9,-1.8,3.52504,1,1,14,0,8.56765,1.7,0.319444,10,10,10,4.4,1.7,1.6,1.7,4,10,10,10,8.56765,2.50222,1.63556,2.38889,8.37692
open_space,11.6,-8.6,2.03213,1,1,18.4,0,10,8.64222,0,9.4,10,10,10,8.6,8.1,8.9,8.4,9.62857,10,10,10,9.17647,8.32889,9.41667,8.64222
open_space,17.9,-11.4,1.89218,1,0,13.4,0,8.33111,1.9,0.294444,10,10,9.4,5.9,2,1.8,1.9,4,10,10,9.62857,8.33111,3.07111,1.84889,2.51111,5.97647
open_space,4.1,-0.7,5.80972,1,1,10.5,0,0.5,8.5,0.45,1.6,0.6,0.5,0.5,1,4.1,8.5,10,3.46,0.842222,0.504444,0.675556,2.95556,5.41556,9.16,10
open_space,7.1,-7.9,2.24759,1,0,16.5,0,8.8,7.8,0,7,6.9,8.8,10,10,10,7.8,7.7,8.06429,7.38444,9.325,10,10,10,8.53939,8.24444
open_space,1.3,-7.2,1.10228,1,0,9,0,1.1,8.81579,0.380556,3.6,1.2,1.1,1.2,2.4,10,10,7.9,6.74,1.87111,1.12222,1.52444,4.28571,10,10,8.81579
open_space,7,-11.5,3.22455,1,0,15,0,8.2,7.38667,0,6.8,8.2,8.2,10,10,10,9,6.8,7.8186,8.7225,8.84516,10,10,10,9.48571,7.38667
open_space,1.3,-14.3,3.16913,1,1,6.5,0,5.4,1.21778,0.383333,1.1,1.6,5.4,7.8,10,10,1.5,1.1,1.23778,3.41333,6.10444,8.83333,10,10,3.1775,1.21778
open_space,3.7,-16.2,2.16519,1,1,10,0,3.6,7.78462,0,3.6,3.5,3.6,3.5,4.2,10,10,6.4,4.43333,3.66444,4.18,3.66444,6.04167,10,10,7.78462
open_space,17.1,-4.3,3.25265,1,0,9.9,0,2.79333,4.1,0.158333,10,10,3.4,2.6,2.6,4.1,4.1,6.5,10,10,5.30833,2.79333,3.07111,4.31556,4.85111,7.92
open_space,5.1,-4.5,4.87005,1,1,13.7,0,4.55778,5,0,10,10,5.4,4.3,4.4,4.9,5,8.3,10,10,7.01429,4.55778,5.19778,5.18889,5.98222,9
open_space,15.2,-1,1.23688,1,0,3.1,0,2.3,1.14444,0.416667,0.8,0.9,2.3,10,10,4.8,1.8,0.8,0.811111,1.28667,4.20667,10,10,6.43864,3.92444,1.14444
open_space,18.6,-18.4,0.287124,1,0,11.1,0,6.68889,1.12667,0.619444,1.1,2.2,10,4.7,1.5,1.3,1.3,1.1,1.48222,4.20435,10,6.68889,2.33556,1.33333,1.46,1.12667
open_space,2.1,-2.9,0.402756,1,0,9.2,0,1.94,8.25714,0.413889,2.9,2.7,2.1,1.9,2.1,5,10,7.1,4.13111,2.76889,2.66222,1.94,2.90889,6.9,10,8.25714
open_space,4.9,-16.9,5.72165,1,0,12.9,0,7.24,2.8,0.102778,5.2,10,10,5.6,4.7,3.3,2.8,2.9,7.05882,10,10,7.24,4.90222,4.51333,2.91778,3.58667
open_space,5.1,-17.4,5.91041,1,0,12.5,0,6.86667,2.3,0.216667,6.2,10,10,5.3,4.9,2.5,2.3,2.5,7.74444,10,10,6.86667,5.02889,3.46,2.35556,3.57111
open_space,4.9,-0.3,1.02713,1,0,0.2,0,0.1,0.14,0.494444,0.1,0.1,0.1,4.8,9,10,0.3,0.1,0.1,0.1,1.75556,6.12,9.45,10,0.807692,0.14
open_space,13.2,-17.7,1.4431,1,0,11.5,0,2.41111,6.5,0.266667,10,10,3.3,2,2,2.5,6.5,8.2,10,10,5.35,2.41111,2.12444,4.37778,6.91556,9.02308
open_space,1.9,-4.9,5.99919,1,0,13.6,0,2.32444,5.9,0.308333,10,4.9,3.6,1.8,1.7,1.9,5.9,10,10,6.45778,4.66,2.32444,1.74889,2.99333,7.38571,10
open_space,14.2,-17.7,1.69914,1,1,11.5,0,2.13333,5.5,0.266667,10,10,2.5,2,2,3.2,5.5,9,10,10,4.49756,2.13333,2.38444,5.02444,6.58667,9.42
open_space,7.5,-15.5,3.75186,1,0,12.4,0,5.1,7.4,0,4.3,4.2,5.1,10,10,10,7.4,7.3,5.25556,4.41333,6.82903,10,10,10,8.3697,7.60222
open_space,16.6,-10.8,3.18516,1,0,14.3,0,3.42,10,0,10,8.9,4.3,3.1,3.1,4.6,10,10,10,9.25,7.17333,3.42,3.53333,6.42,10,10
open_space,5.6,-5.4,4.15985,1,0,15.5,0,7.64444,5.4,0,10,10,10,6.2,5.2,5.3,5.4,5.5,10,10,10,7.64444,5.42,6.3,5.62444,6.98667
open_space,3.1,-3.2,3.47889,1,1,12.9,0,9.7,2.98,0.0583333,3.1,6.6,10,9.4,3.4,3,3.2,2.9,4.12889,8.08,10,9.7,5.02,3.08,3.58444,2.98
open_space,1.7,-7.6,5.12642,1,1,12,0,6.89778,1.6,0.333333,10,10,8,3.8,1.6,1.5,1.6,4,10,10,8.82857,6.89778,2.25333,1.53333,2.32,5.91538
open_space,13.8,-5.2,2.83833,1,1,15.6,0,7.525,5,0,10,10,10,6.2,5.9,5.3,5,5.6,10,10,10,7.525,6.07333,6.43556,5.14667,7.17576
open_space,8,-2.1,1.18958,1,0,7.1,0,5,2.89556,0.280556,1.9,2.1,5,8.5,10,10,5,2.1,1.94,2.91556,7.60667,9.15294,10,10,6.8,2.89556
open_space,12.9,-3.2,5.4091,1,0,13,0,3,10,0,6.8,4.7,3,3,3.9,10,10,10,7.86667,6.55778,3.54222,3.23111,5.77273,10,10,10
open_space,0.9,-6.9,5.80522,1,1,12.3,0,1.19778,1.5,0.427778,10,7.6,2.3,0.8,0.7,0.7,1.5,10,10,8.575,6.10222,1.19778,0.713333,0.948889,3.14167,10
open_space,18.6,-19,1.54707,1,1,2.5,0,0.786667,1.1,0.655556,10,10,1,0.7,0.7,0.9,1.1,1.5,10,10,2.3359,0.786667,0.762222,1.13556,1.20889,3.18537
open_space,19.1,-11.4,3.95754,1,0,10.6,0,0.6,10,0.438889,8.3,0.8,0.6,0.6,0.9,10,10,10,8.83056,2.31111,0.657778,0.668889,2.2122,10,10,10
open_space,7.8,-4.6,5.34759,1,0,14.5,0,4.5,9.4,0,10,7.6,4.5,4.4,5.5,7.6,9.4,10,10,8.6,5.41778,4.64889,7.36667,8.04444,9.7,10
open_space,13.9,-1.7,1.36626,1,0,8.7,0,7.2,1.91111,0.333333,1.5,1.8,7.2,10,10,5.9,2.8,1.5,1.56,3.05778,8.3,10,10,7.2907,5.03556,1.91111
open_space,16.3,-1.3,2.48567,1,1,11.1,0,6.16875,1.1,0.383333,1.8,10,10,4.3,3.4,1.4,1.1,1.1,3.56875,10,10,6.16875,3.63333,2.4,1.17111,1.30889
open_space,16.5,-18.2,1.41606,1,0,6.6,0,1.84222,3.2,0.333333,10,10,2.6,1.5,1.5,1.8,3.2,4,10,10,4.50741,1.84222,1.58,2.75556,3.37778,5.85278
open_space,0.8,-12,5.43181,1,1,17.7,0,2.31842,0.8,0.438889,10,10,10,0.9,0.6,0.6,0.8,7.7,10,10,10,2.31842,0.688889,0.644444,1.80889,8.32955
open_space,19.6,-2.6,3.63233,1,0,8.2,0,0.1,2.7,0.597222,10,0.2,0.1,0.1,0.1,0.2,2.7,8.1,10,0.451852,0.104444,0.1,0.128889,1.78,4.17111,8.925
open_space,0.4,-6.4,1.70958,1,0,1.5,0,0.2,6.10444,0.483333,0.2,0.2,0.2,0.3,10,10,7.9,1.3,0.437778,0.2,0.224444,1.01622,10,10,8.74286,6.10444
open_space,12.7,-8.8,4.16979,1,0,17,0,7,10,0,10,8.3,7,7.2,8.6,8.9,10,10,10,8.99286,7.29111,8.25455,8.94667,9.34444,10,10
open_space,18,-18.1,3.66159,1,1,5.1,0,1.75111,5.23,0.563889,1.7,1.6,1.8,1.7,2,6.3,10,3.3,2.14889,1.64667,1.99778,1.75111,3.08667,7.7,10,5.23
open_space,11,-10.1,5.20926,1,1,19.5,0,9.9,9.74118,0,9.1,8.7,9.9,9.9,10,10,10,9.6,9.50769,8.97111,9.95,9.94,10,10,10,9.74118
open_space,17.2,-0.3,0.409697,1,1,0.3,0,0.1,1.53333,0.586111,0.1,0.1,0.1,0.2,10,6.5,2.7,0.2,0.115556,0.1,0.117778,0.695455,10,7.94444,3.78889,1.53333
open_space,17,-3.1,5.72016,1,0,6.1,0,2.9,5.13095,0.191667,2.7,2.8,2.9,3,5.4,10,10,3.2,2.81778,3.28667,3.02667,3.71778,7.10625,10,10,5.13095
open_space,2.4,-15.9,3.32029,1,1,6.1,0,3.9,2.31556,0.233333,2.2,3.8,3.9,6.6,10,10,2.7,2.2,2.72444,3.94667,4.70889,7.97692,10,10,4.54524,2.31556
open_space,11.2,-5,4.61283,1,1,17.7,0,5.70667,10,0,10,8.6,7.7,4.8,4.8,6.2,10,10,10,9.09615,8.77778,5.70667,5.15333,7.6913,10,10
open_space,3.2,-14.4,3.70408,1,1,9.3,0,6.3,3.1,0,3.5,5.3,6.3,10,10,5.7,3.1,3,4.91556,5.51556,7.71852,10,10,7.46667,3.89111,3.12
open_space,9.7,-18.6,2.63639,1,0,11.1,0,1.1,10,0.380556,4.1,1.3,1.1,1.1,2.2,10,10,10,8.66571,1.98667,1.12667,1.47111,5.98824,10,10,10
open_space,16.7,-1.1,1.72666,1,1,10.9,0,10,0.948889,0.405556,0.9,1.5,10,10,3.7,3,1.1,0.9,1.08667,3.2625,10,10,5.62222,3.18222,1.93778,0.948889
open_space,14.9,-1,0.314981,1,1,3.4,0,0.8,4.65333,0.416667,0.9,0.8,0.8,1.7,10,10,5.4,2.6,1.35333,0.815556,1.10222,3.48696,10,10,7.00588,4.65333
open_space,16.1,-10.8,1.07488,1,1,13.8,0,10,3.6,0,7.5,10,10,10,8.9,4.1,3.6,3.8,8.55,10,10,10,9.175,6.3,3.71556,4.89556
open_space,4.1,-5.6,2.14663,1,1,10,0,4.6,5.5,0,4,3.9,4.6,10,10,10,5.5,5.4,4.98444,4.06667,6.43429,10,10,10,6.94889,5.63778
open_space,0.8,-19.5,2.16357,1,0,1.3,0,0.2,2.45667,0.713889,0.6,0.3,0.2,0.2,0.2,0.8,10,1.1,0.744444,0.533333,0.233333,0.2,0.366667,2.37273,10,2.45667
open_space,7.9,-9.1,1.92931,1,0,17.1,0,8.2,9.14222,0,8.5,7.7,8.2,10,10,10,9.9,8.9,9.36522,7.91556,8.96,10,10,10,9.93333,9.14222
open_space,14.7,-12.2,4.39936,1,1,12.9,0,5,8.73913,0,7.5,5.3,5,5.6,10,10,10,7.9,7.71556,6.88,5.14667,7.19118,10,10,10,8.73913
open_space,9.4,-0.5,1.49904,1,1,3.8,0,3.5,0.335556,0.472222,0.3,0.4,3.5,10,10,10,0.4,0.3,0.315556,0.826667,8.96786,10,10,10,1.3,0.335556
open_space,15.3,-8.1,1.62102,1,1,16.5,0,10,4.4,0,7.9,10,10,10,6,4.4,4.4,6.5,8.60556,10,10,10,7.61364,4.84,5.03333,8.03333
open_space,7.9,-11.4,2.04105,1,1,18.6,0,8.54,10,0,8.1,7.7,8.6,8.3,9.3,10,10,10,8.93182,7.92222,9.3,8.54,9.65,10,10,10
open_space,4.5,-3.5,2.89905,1,0,13.8,0,10,3.3,0,4.3,5,10,10,6.5,3.4,3.3,3.8,4.46,6.70294,10,10,8,4.36,3.42222,4.64667
open_space,19.2,-16.6,5.60501,1,1,1.4,0,0.8,1.30667,0.45,0.5,0.5,0.8,10,10,4,3.1,0.6,0.531111,0.577778,2.03514,10,10,5.94545,3.33778,1.30667
open_space,3.6,-0.9,2.16917,1,1,4.8,0,4.1,0.7,0.427778,0.8,3.4,4.1,10,10,1.2,0.7,0.7,1.45111,3.56222,6.01351,10,10,2.80333,0.868889,0.726667
open_space,4.8,-5.9,3.31375,1,0,14.6,0,10,4.85778,0,4.7,8,10,10,7,5.7,5.7,4.6,5.68444,8.91111,10,10,8.265,6.02444,6.34667,4.85778
open_space,8.5,-8,0.938374,1,0,18.1,0,8.3,9.85,0,7.8,7.9,8.3,8.4,10,10,10,9.8,8.28444,8.67097,8.74884,9.01154,10,10,10,9.85
open_space,11.5,-16.3,1.14867,1,1,18.7,0,5.48889,8.2,0,10,10,9.9,3.8,3.4,3.6,8.2,8.8,10,10,9.9,5.48889,3.48667,4.98,8.39778,9.30667
open_space,5.4,-2.5,1.38615,1,0,7.5,0,5.2,2.9,0.216667,2.3,2.8,5.2,6.3,10,10,4.1,2.3,2.40667,4.23778,5.45556,7.72,10,10,6.12381,2.9
open_space,15.4,-19.1,4.39613,1,0,2.4,0,1.8,0.833333,0.438889,0.6,0.7,1.8,4.8,10,10,1.3,0.6,0.606667,0.982222,3.98222,6.48158,10,10,2.88261,0.833333
open_space,10.3,-17,3.28341,1,1,12.7,0,2.7,10,0.133333,3.4,2.7,2.7,4.5,9.5,10,10,10,5.31351,2.87111,3.26,7.96889,9.70769,10,10,10
open_space,17.1,-8.8,5.30082,1,0,7.9,0,3.1,6.56667,0.158333,2.7,2.6,3.1,8.6,10,10,10,4.8,3.30222,2.71556,5.25333,8.94884,10,10,10,6.56667
open_space,11.9,-7.2,5.70875,1,0,16.4,0,7,9.68333,0,7.8,8,7,7.2,10,10,10,9.4,8.16667,8.89024,7.33111,8.16471,10,10,10,9.68333
open_space,7.1,-11,3.71058,1,0,16.9,0,10,7.1,0,8.2,8.7,10,10,10,10,7.1,6.9,9.20625,9.0186,10,10,10,10,8.16176,7.19111
open_space,9.2,-0.3,5.8413,1,1,10.1,0,0.1,10,0.494444,0.2,0.1,0.1,0.1,0.2,9.6,10,10,0.689474,0.124444,0.1,0.108889,4.31778,9.77143,10,10
open_space,10.2,-2.4,1.78782,1,1,12.2,0,10,2.29333,0.233333,2.3,4,10,10,10,9.5,2.6,2.2,2.80444,7.52424,10,10,10,9.63548,4.55111,2.29333
open_space,3.5,-14.5,4.92727,1,1,15.2,0,10,3.4,0,5.3,9.6,10,10,4,3.3,3.4,5.2,6.62,9.75,10,10,5.85263,3.44889,4.19778,5.44
open_space,13.6,-10.3,3.89193,1,1,16.1,0,6.1,10,0,9.4,9.1,6.1,6.1,8.3,10,10,10,9.62778,9.56429,6.98222,6.70222,9.06,10,10,10
open_space,16.9,-9.2,6.14717,1,0,11.8,0,9,3.40444,0.102778,2.8,3.5,9,10,10,10,4.7,2.8,2.96889,6.07111,9.26571,10,10,10,6.6381,3.40444
open_space,16,-7.7,3.28735,1,0,14.7,0,3.93333,7.6,0,10,10,4.7,3.7,3.7,6.2,7.6,10,10,10,6.43871,3.93333,4.47778,7.55778,8.43824,10
open_space,15.7,-14.5,5.495,1,0,10.8,0,5.6,5.2,0,4,4,5.6,10,10,7.5,5.2,5.2,4.50889,4.46,7.22727,10,10,8.51538,5.85778,5.68
open_space,7.1,-17.3,4.40982,1,0,10.4,0,7.9,3.35333,0.2,2.4,2.7,7.9,10,10,7.3,5.3,2.5,2.46667,4.10889,8.675,10,10,8.32414,6.85111,3.35333
open_space,9,-1.1,3.8303,1,0,18.8,0,3.05294,1.2,0.405556,10,10,10,1.4,0.9,0.9,1.2,8.8,10,10,10,3.05294,1.05778,0.96,2.43556,9.12571
open_space,4.3,-19.4,0.468227,1,0,5.2,0,2.72444,0.3,0.472222,10,9.3,4.3,0.6,0.3,0.3,0.3,0.9,10,9.5,5.82667,2.72444,0.402222,0.3,0.471111,2.07647
open_space,13.5,-1.4,3.28784,1,1,9.8,0,6.6,1.2,0.372222,10,10,7.8,6.2,1.5,1.2,1.2,2,10,10,8.76,6.6,2.88444,1.27111,1.44222,3.94839
open_space,16.4,-4.8,5.41121,1,0,9.5,0,4.3,7.04762,0,3.3,3.3,4.3,4.6,6,10,10,5.2,3.88667,3.55556,4.94222,4.96222,7.49565,10,10,7.04762
open_space,7.4,-9.3,0.996912,1,1,17.2,0,7.2,10,0,9.1,8.7,7.2,7.4,10,10,10,10,9.32973,9.476,7.54222,8.33939,10,10,10,10
open_space,4,-6.7,0.546732,1,1,13.9,0,3.9,10,0,6.7,6.5,3.9,3.8,4.4,10,10,10,7.90278,6.74667,5.00889,3.94444,6.22432,10,10,10
open_space,8.2,-5.4,1.23092,1,0,13.5,0,8,7.05128,0,5.2,5.8,8,8.9,10,10,10,5.5,5.33778,7.64889,8.22,9.35833,10,10,10,7.05128
open_space,17.7,-2.9,3.39215,1,1,7.5,0,2.07111,2.8,0.4,10,8.5,2.3,2,2.1,2.7,2.8,5.2,10,9.23333,3.85778,2.07111,2.57556,2.8,3.53778,7.075
open_space,9.3,-18.6,3.52649,1,1,4.2,0,1.2,7.82444,0.380556,1.2,1.1,1.2,2.7,10,10,10,3,1.69778,1.12222,1.63556,4.65882,10,10,10,7.82444
open_space,6.8,-4.5,6.19201,1,1,14.3,0,4.3,10,0,6.8,4.3,4.3,5.6,6.6,8.6,10,10,8.12857,5.08667,4.62889,6.85111,7.10889,9.23,10,10
open_space,0.4,-17,6.21904,1,0,3.9,0,0.217778,2.4,0.558333,10,10,0.3,0.2,0.2,0.2,2.4,3.6,10,10,0.885,0.217778,0.2,0.535556,2.92667,5.56471
open_space,2.9,-17.4,3.3569,1,1,5.1,0,2.4,2.81778,0.35,2.8,2.3,2.4,4.2,10,10,3.2,2.7,3.06444,2.39778,2.92444,6.155,10,10,5.07317,2.81778
open_space,13.6,-4.7,4.36906,1,1,16.1,0,6.1,10,0,10,6.5,6.1,4.8,4.5,5,10,10,10,7.82424,6.26444,6.12667,4.61778,6.66667,10,10
open_space,18.2,-7.2,3.28992,1,0,11.9,0,1.59111,7.1,0.333333,10,10,1.9,1.5,1.5,2.5,7.1,10,10,10,3.67333,1.59111,1.81111,5.28667,8.08158,10
open_space,19.4,-11.9,3.00039,1,0,10.5,0,0.348889,1.8,0.472222,10,7.9,0.5,0.3,0.3,0.4,1.8,10,10,8.6871,2.82444,0.348889,0.306667,0.657778,3.48571,10
open_space,12.6,-1,2.46846,1,1,10.8,0,9.55,0.8,0.416667,1.3,10,10,9.2,7.1,1,0.8,0.8,2.87143,10,10,9.55,7.63111,2.16444,0.855556,0.937778
open_space,2.9,-9.8,3.20743,1,1,12.6,0,9.9,2.95111,0.133333,2.7,4.1,9.9,10,10,9.6,3.6,2.7,3.10444,7.29487,9.97143,10,10,9.72857,6.7,2.95111
open_space,14.9,-16.1,0.302631,1,0,14.8,0,10,3.8,0,5,10,10,10,4.1,3.6,3.8,4.8,6.61333,10,10,10,5.90732,3.71111,4.76222,4.95333
open_space,12.1,-8.1,3.7291,1,0,17.8,0,7.8,9.5,0,10,10,7.8,7.6,8.1,7.9,9.5,10,10,10,8.61379,7.95333,8.97941,8.26667,9.72,10
open_space,6.7,-2.9,3.28771,1,0,14.5,0,10,2.7,0.133333,6.6,10,10,10,3.4,2.7,2.7,4.5,7.70476,10,10,10,5.38684,2.86889,3.26667,6.26
open_space,14,-11.4,6.24561,1,1,15.7,0,10,6.54,0,5.7,7.8,10,10,10,8.3,8.3,5.7,6.26,8.70769,10,10,10,8.89687,8.87778,6.54
open_space,3.5,-12.4,1.70556,1,1,13.3,0,3.3,10,0,4.2,3.3,3.3,5.4,7.4,10,10,10,6.03939,3.52,3.96667,7.16667,8.26944,10,10,10
open_space,8.5,-16.8,2.09745,1,0,13,0,3,10,0.0583333,8.6,5.9,3,2.9,3.3,10,10,10,9.21053,8.10222,3.89111,3,5.24545,10,10,10
open_space,1,-12.9,3.16774,1,0,7.6,0,6.8,0.882222,0.416667,0.8,1.1,6.8,9.9,10,10,1.1,0.8,0.895556,3.04889,7.69111,9.95,10,10,2.60238,0.882222
open_space,19.3,-6.2,4.42573,1,0,10.4,0,0.4,10,0.461111,0.8,0.4,0.4,0.4,1.3,6.8,10,10,2.06923,0.531111,0.4,0.677778,5.09333,8.048,10,10
open_space,13.8,-8.1,4.70065,1,0,15.9,0,5.9,10,0,8.6,5.9,5.9,7.9,7.9,10,10,10,9.2125,6.68,6.54889,8.60222,8.52051,10,10,10
open_space,14.8,-15.4,6.25342,1,0,14.9,0,10,4.3,0,4.9,6.7,10,10,6.4,4.3,4.3,4.9,5.40222,8.02778,10,10,7.86667,4.90667,4.73778,5.50444
open_space,3.6,-11.7,1.42972,1,0,13.4,0,3.4,10,0,5.8,3.4,3.4,4.2,8,10,10,10,7.44118,4.15111,3.60222,6.58667,8.48222,10,10,10
open_space,11.3,-13.8,4.35917,1,1,14.7,0,8.4,7.6303,0,5.9,6.5,8.4,9.2,10,10,10,6.3,6.05333,8.3186,8.62,9.6,10,10,10,7.6303
open_space,17.8,-12.8,1.48408,1,0,12.5,0,7.92195,1.9,0.280556,10,10,10,6.9,3,1.9,1.9,2.5,10,10,10,7.92195,5.55778,2.23333,2.04222,4.39
open_space,8.3,-7.1,5.75512,1,0,16.9,0,6.9,10,0,10,8.1,6.9,7.1,8.1,8.4,10,10,10,8.90625,7.16667,8.45128,8.40889,9.02727,10,10
open_space,6.7,-15.1,5.12099,1,1,14.6,0,10,4.71778,0,5,10,10,10,7,6.5,5,4.6,6.645,10,10,10,8.2,6.66889,6.43333,4.71778
open_space,16.4,-16.8,4.76524,1,0,6.2,0,3.3,3.18222,0.0583333,2.9,3.3,3.3,4.9,10,10,3.9,2.9,3.31333,3.62222,3.77556,6.80833,10,10,5.8871,3.18222
open_space,7,-4.1,1.07676,1,1,11.3,0,6.8,6.28974,0,3.9,4.1,6.8,7.1,10,10,10,4.5,4.02444,5.31778,7.02222,8.16452,10,10,10,6.28974
open_space,4.9,-14.6,1.59979,1,1,14.7,0,4.7,10,0,6.6,4.7,4.7,5.1,5.1,7.4,10,10,7.88889,5.21556,5.32222,5.66,5.76667,8.57143,10,10
open_space,16.9,-5.9,1.86599,1,0,15.7,0,10,2.9,0.102778,6,10,10,10,3.2,2.8,2.9,5.7,7.31795,10,10,10,5,2.88889,3.81778,5.86444
open_space,3,-4.7,0.013571,1,0,14,0,3.12889,10,0.102778,6.4,4.5,4,2.8,2.8,4,10,10,7.84737,5.03556,4.67778,3.12889,3.14222,5.97931,10,10
open_space,8.5,-3.1,5.35918,1,1,12.9,0,2.9,10,0.0583333,10,4.9,2.9,2.9,3.6,8.3,10,10,10,6.735,3.53111,3.07333,6.04667,8.74884,10,10
open_space,1.1,-11.6,0.0831436,1,1,11.2,0,0.971111,8.1,0.405556,10,10,1.2,0.9,0.9,1.4,8.1,10,10,10,2.59318,0.971111,1.03556,4.00444,8.77187,10
open_space,17.5,-7.6,1.30422,1,0,12.5,0,10,2.2,0.233333,7.4,8.5,10,10,4.5,2.3,2.2,2.5,7.65333,9.13846,10,10,6.48824,2.96667,2.27111,4
open_space,15.7,-6.1,1.43039,1,0,15,0,10,4,0,5.9,7.4,10,10,6.8,4,4,5,6.26,8.5,10,10,8.08462,4.88222,4.24,6.16
open_space,2.3,-13.6,0.490595,1,0,12.2,0,2.16,6.9,0.25,10,4.5,2.2,2.1,2.4,6.1,6.9,10,10,6.51875,2.9,2.16,3.63111,6.28444,8.112,10
open_space,14.1,-18.5,3.41474,1,0,5.8,0,1.2,6.67778,0.369444,1.4,1.2,1.2,2.4,5.8,10,10,4.6,2.2,1.23333,1.59333,4.78889,7.20732,10,10,6.67778
open_space,19,-3.4,5.71973,1,0,2.1,0,1.3,1.39556,0.427778,0.7,0.7,1.3,3.3,5.9,10,3.3,0.8,0.724444,0.88,2.60444,4.09111,7.46429,10,5.0125,1.39556
open_space,8.5,-11.6,4.83269,1,1,18.1,0,10,8.4,0,8.2,10,10,10,10,8.3,8.4,8.1,8.82667,10,10,10,10,8.76585,8.97143,8.62558
open_space,19.3,-1.4,5.87204,1,1,1.3,0,0.9,0.608889,0.666667,0.4,0.4,0.9,1.3,2.9,10,1.1,0.4,0.4,0.571111,1.18444,1.76444,4.85294,10,2.57895,0.608889
open_space,3.4,-13.3,5.52107,1,0,16.4,0,6.3,4.6,0,9.2,10,10,4.5,3.2,3.2,4.6,6.4,9.6,10,10,6.3,3.55778,3.60889,6.22889,7.22444
open_space,11.7,-18.2,2.6795,1,1,11.5,0,1.5,10,0.333333,4.9,1.7,1.5,1.6,3.3,8.4,10,10,6.82,2.54444,1.53778,2.09556,6.92444,9.07895,10,10
open_space,9.5,-4.8,4.45572,1,0,19.3,0,6.16444,9.3,0,10,10,9.3,4.8,4.6,5.3,9.3,10,10,10,9.63333,6.16444,4.76,7.45,9.49474,10
open_space,7.6,-8.2,1.3898,1,1,15.6,0,7.4,8.85385,0,8,7.5,7.4,9,10,10,10,8.2,8.39778,8.58286,7.77111,9.47778,10,10,10,8.85385
open_space,14.6,-9.5,2.33073,1,1,19.3,0,8.61538,7,0,10,10,10,7.5,5.1,5.1,7,9.3,10,10,10,8.61538,5.80667,5.62667,8.97838,9.52083
open_space,9.6,-9.1,2.25865,1,1,18.9,0,10,9,0,9.5,9.4,10,10,10,10,9,8.9,9.70667,9.56296,10,10,10,10,9.37727,9.2
open_space,2.3,-6,5.08871,1,0,11.6,0,5.94444,2.3,0.25,10,10,6.4,5.8,2.3,2.1,2.3,5.2,10,10,7.72258,5.94444,3.32,2.15111,3.11778,6.975
open_space,6.2,-16.6,4.40713,1,0,13.3,0,10,4.35333,0,3.1,3.5,10,10,10,6.3,6,3.3,3.18889,5.30889,10,10,10,7.60571,6.17778,4.35333
open_space,8.2,-17.9,0.962903,1,0,18,0,4.01556,3.1,0.294444,10,9.9,8,2.2,1.8,1.8,3.1,10,10,9.95,8.44,4.01556,1.89333,2.21778,5.116,10
open_space,12.9,-5.2,4.76556,1,0,16.8,0,5.49778,10,0,9.3,6.8,6.8,5,5,7.5,10,10,9.6,7.47556,7.37556,5.49778,5.73111,8.57692,10,10
open_space,7.7,-15.1,3.53332,1,0,12.5,0,5,7.7,0,5,4.6,5,10,10,10,8.2,7.5,6.75556,4.71556,6.60976,10,10,10,8.96316,7.7
open_space,6.4,-13.1,2.45767,1,0,14.7,0,6.6,8.90833,0,6.2,6.2,6.6,6.6,10,10,10,8.1,6.69333,7.25778,7.12889,7.71818,10,10,10,8.90833
open_space,13.3,-1.1,1.97433,1,0,10.9,0,10,0.913333,0.405556,1,2.3,10,10,6.9,2.3,1,0.9,1.36444,4.49444,10,10,8.1,5.55333,1.35778,0.913333
open_space,11.3,-19.6,3.91831,1,0,0.2,0,0.1,0.422727,0.494444,0.1,0.1,0.1,5.8,10,10,10,0.1,0.1,0.1,0.291111,8.81471,10,10,10,0.422727
open_space,9.2,-1.3,1.30341,1,1,5.1,0,4,1.47556,0.383333,1.1,1.3,4,10,10,10,2.2,1.1,1.12667,1.97778,8.5,10,10,10,4.16087,1.47556
open_space,11.4,-17.8,2.58925,1,1,11.9,0,1.9,10,0.280556,8.7,2.2,1.9,2,3.6,8.5,10,10,9.05,3.79333,1.97333,2.44889,7.02,9.13636,10,10
open_space,2.3,-8.4,3.71655,1,1,12.1,0,10,2.18222,0.25,2.5,9.9,10,10,8.4,3.9,2.2,2.1,4.24667,9.9,10,10,9.06522,7.15333,2.7,2.18222
open_space,5.7,-12.9,4.44839,1,1,16.3,0,10,5.5,0,6.8,7.8,10,10,10,5.7,5.5,6.3,7.03333,8.73889,10,10,10,7.12683,5.68889,7.52
open_space,17.1,-1,5.4043,1,0,4.9,0,0.8,6.0375,0.538889,2.6,1.3,0.8,0.8,1,8.1,10,4.1,3.07111,2.18667,0.933333,0.855556,2.17778,9,10,6.0375
open_space,16,-15.1,2.98518,1,1,14.6,0,4.54444,10,0,8,4.7,4.6,3.8,3.7,4.6,10,10,8.7875,5.68667,4.85778,4.54444,3.90222,6.37576,10,10
open_space,17.8,-8.5,1.59209,1,0,12.7,0,10,1.9,0.280556,8.3,10,10,10,2.7,1.9,1.9,2.7,8.86176,10,10,10,4.60286,2.11333,2.13333,5.58444
open_space,14.9,-9.1,1.96123,1,0,18.9,0,10,5.2,0,9.6,10,10,10,5.2,4.8,5.2,8.9,9.8,10,10,10,6.87692,4.92889,7.14889,9.13333
open_space,12,-6.5,1.77866,1,0,16.3,0,10,6.59778,0,6.4,10,10,10,9.3,7.7,7.6,6.3,7.655,10,10,10,9.64286,8.06667,8.61556,6.59778
open_space,12.9,-6.7,3.36719,1,1,18.1,0,7.09778,6.7,0,10,10,8.1,6.8,7,6.5,6.7,10,10,10,8.92667,7.09778,8.03111,6.78444,7.81081,10
open_space,18.3,-8.2,4.37849,1,1,11.4,0,1.4,10,0.347222,3.3,1.5,1.4,1.6,4.2,8.9,10,10,5.41667,2.00889,1.43111,2.28,7.62889,9.38333,10,10
open_space,4,-6,3.70812,1,1,13.8,0,10,3.9,0,4.5,10,10,10,6,5.8,3.9,3.8,6.29167,10,10,10,7.3119,6.04,4.92222,3.95778
open_space,4.2,-11.3,3.27588,1,0,12.5,0,8.5,4.27111,0,4,6.6,8.5,10,10,10,5.1,4,4.80444,8.36889,9.05,10,10,10,6.84828,4.27111
open_space,5.1,-7.1,1.81319,1,1,11.9,0,5,7.18222,0,5.8,4.9,5,9.4,10,10,8.1,6.9,7.21556,5.09778,6.38667,9.7,10,10,8.92667,7.18222
open_space,11,-8.3,3.11025,1,0,20,0,9.16429,8.1,0,10,10,10,8.7,8.7,8.1,8.1,10,10,10,10,9.16429,9.09062,8.73824,8.67949,10
open_space,7.6,-5,5.13515,1,1,15.2,0,4.92444,8.1,0,10,10,5.2,4.8,5.3,7.4,8.1,10,10,10,6.7325,4.92444,6.98889,7.59556,8.90526,10
open_space,11,-6.5,1.31918,1,0,16.5,0,10,7.73889,0,6.3,7.3,10,10,10,9,8.7,6.5,6.52667,8.39048,10,10,10,9.44,9.01333,7.73889
open_space,1.4,-6.2,1.19154,1,1,7.7,0,1.2,7.79355,0.369444,3.1,1.3,1.2,1.3,3.2,10,10,6.5,5.60667,1.80667,1.22667,1.83111,5.3375,10,10,7.79355
open_space,13.8,-1.3,6.22188,1,0,7,0,1.1,6.85556,0.383333,1.7,1.1,1.1,1.5,10,10,9.1,5.9,3.82,1.26889,1.19111,3.06977,10,10,9.46,6.85556
open_space,10,-10.4,2.12864,1,1,19.6,0,9.48333,10,0,10,9.8,9.6,9.3,10,9.7,10,10,10,9.876,9.78889,9.48333,10,9.8069,10,10
open_space,13.7,-6.6,5.80243,1,0,13.2,0,6.4,8.044,0,6,6.3,6.4,6.7,10,10,10,6.8,6.18889,7.44444,6.6,7.92647,10,10,10,8.044
open_space,1,-8.5,0.229916,1,1,10.9,0,0.826667,10,0.416667,9.9,3.6,0.9,0.8,0.8,1.5,10,10,9.95,8.12889,1.57778,0.826667,1.01556,3.17857,10,10
open_space,13.6,-6.2,3.50084,1,0,16.7,0,6.26444,6.4,0,10,10,6.7,6.1,6.5,6,6.4,10,10,10,8.01429,6.26444,7.35778,6.16444,7.68788,10
open_space,0.5,-8.8,1.61602,1,1,8.9,0,0.3,9.02121,0.472222,0.4,0.3,0.3,0.4,10,10,10,8.6,1.05556,0.32,0.331111,1.15122,10,10,10,9.02121
open_space,18.5,-10.7,4.42979,1,1,10.6,0,1.2,9.69,0.369444,2.5,1.3,1.2,1.4,4.2,10,10,9.4,6.88,1.63778,1.22889,2.10889,6.09,10,10,9.69
open_space,9.7,-16.4,4.44615,1,0,13.4,0,10,4.45556,0,3.3,3.8,10,10,10,9.9,6.8,3.4,3.40889,5.66429,10,10,10,9.93333,9.3,4.45556
open_space,16.1,-1.2,1.275,1,1,4.3,0,3.3,1.37556,0.391667,1,1.1,3.3,10,7.9,3.8,2.1,1,1.02,1.71111,5.35,10,8.81429,5.01111,3.39556,1.37556
open_space,12.1,-14.6,5.11203,1,0,13.3,0,8.2,5.23556,0,5.5,7.6,8.2,10,10,10,5.5,5.1,7.26667,7.79556,9.01053,10,10,10,7.07838,5.23556
open_space,17.1,-17.5,4.04368,1,0,5.4,0,2.6,4.78205,0.391667,2.2,2.2,2.6,2.6,4.2,10,10,2.8,2.36,2.60444,2.78889,3.08667,6.12917,10,10,4.78205
open_space,7.1,-0.3,4.97046,1,1,10.1,0,0.1,7.1,0.494444,10,0.3,0.1,0.1,0.1,0.1,7.1,10,10,0.8,0.135556,0.1,0.1,2.59111,8.15937,10
open_space,8.8,-13.1,6.11937,1,1,18.1,0,9.24286,6.6,0,10,10,10,8.7,8.6,6.7,6.6,8.1,10,10,10,9.24286,8.95122,7.81538,6.95778,8.95
open_space,16.1,-17.8,0.141037,1,1,13.1,0,10,1.9,0.280556,3.6,6,10,10,2.4,1.9,1.9,3.1,4.34667,7.62353,10,10,4.27619,2.02,2.28444,3.67333
open_space,16.4,-16.7,4.14712,1,0,6.9,0,3.3,5.48,0,3,3.1,3.3,3.4,6.1,10,10,3.6,3.12889,3.67333,3.44444,4.22444,7.67857,10,10,5.48
open_space,15.3,-4.5,0.611558,1,0,9.6,0,5.2,4.5,0,4.4,4.3,5.2,10,10,7.8,4.5,4.4,5.14889,4.52222,6.91333,10,10,8.78889,5.5,4.62667
open_space,1.2,-12.3,3.90987,1,1,11,0,10,1,0.391667,1.4,7.4,10,10,10,1.4,1,1,3.30444,8.15455,10,10,10,3.07368,1.12444,1.09778
open_space,1.2,-1.2,4.39469,1,0,3.3,0,1.41111,1,0.644444,3.1,10,2.2,1.1,1,1.1,1,1.1,5.04615,10,4.24286,1.41111,1.02,1.20667,1.02,1.65778
open_space,10.4,-7.4,1.91697,1,0,17.2,0,10,7.40222,0,7.7,10,10,10,10,9.3,8,7.2,8.6,10,10,10,10,9.5119,9.01818,7.40222
open_space,9.8,-16.5,2.74333,1,1,13.2,0,3.2,10,0,8.8,3.5,3.2,3.5,8.2,10,10,10,9.70263,4.99556,3.28,4.83333,9.744,10,10,10
open_space,14.1,-4.1,4.99702,1,0,14.5,0,4.02889,10,0,6.4,5.6,4.5,3.9,4.1,8.1,10,10,7.8037,5.79111,5.73778,4.02889,5.27556,8.97143,10,10
open_space,13.9,-8.6,4.06838,1,1,15.8,0,5.8,10,0,10,7.3,5.8,5.9,8.4,8.5,10,10,10,8.5,6.17778,7.01333,8.86744,9.06538,10,10
open_space,13.1,-6.1,4.54519,1,1,16.6,0,6.6,10,0,10,6.7,6.6,6,5.9,7.2,10,10,10,7.83077,6.95111,7.18,6.21333,8.34211,10,10
open_space,6.7,-11,3.06597,1,1,15.2,0,8.7,7.62222,0,6.5,8.6,8.7,10,10,10,10,6.5,7.03333,9.20857,9.06857,10,10,10,10,7.62222
open_space,4.1,-14.9,1.10076,1,0,13.9,0,3.9,10,0,10,4.4,3.9,4.1,4.8,5,10,10,10,6.185,4.01556,5.07111,4.94,6.62273,10,10
open_space,7.9,-10.5,2.39827,1,0,19.2,0,9.2,10,0,7.7,7.7,9.2,9.2,10,10,10,10,8.37857,8.43947,9.45769,9.5,10,10,10,10
open_space,19.4,-15.6,2.24839,1,0,6.5,0,1.74444,0.4,0.472222,10,6.7,4.1,0.5,0.3,0.3,0.4,2.4,10,7.96429,4.89556,1.74444,0.34,0.311111,0.722222,3.98
open_space,19.6,-6.3,5.98706,1,0,0.3,0,0.2,0.104444,0.494444,0.1,0.1,0.2,6.9,10,10,0.2,0.1,0.1,0.128889,4.18222,8.112,10,10,0.466667,0.104444
open_space,14.4,-9,1.66767,1,0,18.3,0,10,5.3,0,8.8,10,10,10,6.9,5.3,5.3,8.3,9.28333,10,10,10,8.17222,5.73111,6.22667,9.11429
open_space,15.7,-17,3.71447,1,1,8.3,0,3.2,6.90588,0.133333,2.8,2.7,3.2,4,4.8,10,10,5.1,3.47778,2.80889,4.09111,4.16889,6.47941,10,10,6.90588
open_space,3.3,-16.4,6.10597,1,1,9.5,0,3.88222,3.3,0,10,10,5.5,3.2,3.1,3.4,3.3,4,10,10,7.3,3.88222,3.25111,3.86,3.46444,5.92703
open_space,8.5,-6.2,1.45234,1,0,14.4,0,8.3,7.22889,0,6,7.6,8.3,10,10,10,9.9,6.1,6.4,8.86512,8.75714,10,10,10,9.9,7.22889
open_space,11.3,-7.9,4.53501,1,0,18.4,0,8.4,10,0,10,8.6,8.4,7.8,7.7,9.4,10,10,10,9.14348,8.8,8.63103,8.09556,9.68333,10,10
open_space,14,-6.6,2.06464,1,1,16.4,0,10,6.5,0,7.3,10,10,10,6,5.7,6.5,6.4,8.38261,10,10,10,7.33947,5.87556,7.38444,6.59778
open_space,5.5,-15.3,0.211755,1,0,14.5,0,5.54444,4.5,0,10,10,6.4,5.3,5.3,4.4,4.5,8.1,10,10,7.788,5.54444,5.95333,4.60444,5.58889,8.9875
open_space,2.8,-2.4,5.36939,1,0,12.2,0,2.2,3.3,0.391667,10,3.7,2.2,2.2,2.6,2.6,3.3,10,10,5.708,2.66222,2.33556,2.93111,2.76222,5.20526,10
open_space,13.5,-13.9,2.36997,1,1,15.8,0,5.8,8.9,0,10,8.2,5.8,5.8,6.2,6.2,8.9,10,10,8.99,6.48889,6.51333,6.92444,6.96222,9.41429,10
open_space,1.1,-5.2,2.9637,1,0,5.8,0,4.9,1.11778,0.405556,0.9,1.1,4.9,10,8.9,5.1,1.6,0.9,0.94,1.91778,6.73333,10,9.44,6.27111,3.70222,1.11778
open_space,2.9,-1.1,0.2818,1,0,4.2,0,0.9,5.43636,0.519444,1,0.9,0.9,1.8,2.8,5.5,10,3.3,1.61556,0.922222,1.2,2.60222,3.64,7.26429,10,5.43636
open_space,8.3,-6.8,4.94494,1,1,17.8,0,6.88222,8.3,0,10,10,7.8,6.6,6.8,8.1,8.3,10,10,10,8.76471,6.88222,8.09,8.44444,9.01667,10
open_space,12.4,-10.5,2.35483,1,0,19.2,0,9.2,10,0,10,10,9.2,9.2,7.3,7.3,10,10,10,10,9.47391,9.45417,8.13023,8.10455,10,10
open_space,6.5,-9.1,2.16941,1,0,16.5,0,7.6,9.1,0,6.4,6.3,7.6,10,10,10,9.1,8.9,7.6275,6.60667,8.65,10,10,10,9.49412,9.17436
open_space,11.5,-17.1,4.32761,1,0,9.6,0,6.8,3.98667,0.158333,2.6,2.8,6.8,8.9,10,10,6.9,2.8,2.66222,3.98444,8.28444,9.41538,10,10,8.225,3.98667
open_space,8.1,-9.8,4.51256,1,0,19.5,0,9.92,7.9,0,9.9,10,10,9.8,9.6,8.1,7.9,9.5,9.94,10,10,9.92,9.71034,8.82308,8.26444,9.72
open_space,5.9,-11.1,4.67241,1,1,17.7,0,10,5.7,0,8.6,10,10,10,8.5,5.7,5.7,7.7,9.02059,10,10,10,9.2125,6.55111,6.25556,8.96341
open_space,12.8,-19.5,6.25441,1,1,10.3,0,10,0.2,0.483333,5.3,9.5,10,10,0.3,0.2,0.2,0.3,7.57778,9.725,10,10,0.854762,0.213333,0.202222,0.651111
open_space,13.2,-12.3,3.03349,1,0,17.4,0,7.4,10,0,10,7.5,7.4,6.6,6.5,8.3,10,10,10,8.33333,7.92667,7.73778,6.95778,9.1,10,10
open_space,13.6,-2.7,2.24946,1,0,12.5,0,9.9,2.5,0.180556,3.2,10,10,9.9,6.1,4,2.5,2.5,5.07838,10,10,9.9,7.28222,5.78889,2.98444,2.67556
open_space,15.8,-10.9,2.8815,1,0,18,0,5.23778,10,0,10,9.1,8,4.1,3.9,4.5,10,10,10,9.54286,8.95556,5.23778,4.03111,6.30789,10,10
open_space,7.3,-10.7,3.83125,1,0,17.1,0,10,7.1,0,9.1,9,10,10,10,10,7.1,7.1,9.47037,9.2625,10,10,10,10,8.08718,7.63111
open_space,11.9,-13.8,0.620494,1,1,17.8,0,10,7.2,0,9.6,10,10,10,6,5.9,7.2,7.8,9.775,10,10,10,7.26364,6.21778,8.47778,8.22
open_space,14.7,-3.8,5.2202,1,0,13.8,0,3.71333,10,0,5.2,5,3.8,3.6,4.1,10,10,10,6.76136,5.16222,4.78444,3.71333,5.98049,10,10,10
open_space,14.2,-10.6,4.04948,1,0,15.5,0,5.5,10,0,9.1,7.1,5.5,5.5,8.9,10,10,10,9.35,8.89189,5.89333,6.56444,9.34,10,10,10
open_space,6.7,-14.3,1.57212,1,0,16.5,0,6.07333,10,0,9.3,6.5,6.5,5.4,5.4,7.6,10,10,9.6,7.31111,7.18,6.07333,6.03111,8.65385,10,10
open_space,17.2,-5.9,5.02654,1,1,11,0,2.6,8.93333,0.180556,2.8,2.5,2.6,5.4,6,10,10,8.4,4.32444,2.57333,3.46889,5.82,7.36053,10,10,8.93333
open_space,1.4,-4.6,3.10841,1,0,11.2,0,10,1.36444,0.369444,1.2,1.6,10,10,6.5,4.4,1.8,1.2,1.31556,3.3561,10,10,7.95882,5.03333,3.34444,1.36444
open_space,13.4,-14.8,3.74732,1,0,14.7,0,5.9,9.28,0,5,4.9,5.9,6.3,7.7,10,10,8.8,6.16,5.14444,6.90889,6.61556,8.63529,10,10,9.28
open_space,2.2,-2.9,4.00548,1,1,12,0,5.59412,2,0.4,3.1,10,10,3.6,2.7,2.7,2,2,5.1,10,10,5.59412,2.93333,2.92889,2.16889,2.31333
open_space,2.9,-3.6,5.60201,1,0,13.4,0,3.4,4.3,0.130556,10,4.4,3.4,3.4,2.7,2.7,4.3,10,10,6.31613,3.66222,3.76222,2.90889,3.18222,6.18333,10
open_space,16.6,-14.6,0.276555,1,0,13.1,0,10,3.20222,0,3.2,6.3,10,10,5.9,5.1,3.6,3.1,4.15778,7.8,10,10,7.41667,5.27778,4.84444,3.20222
open_space,10.5,-10.3,0.0963664,1,0,19.2,0,10,9.4,0,9.2,10,10,10,10,9.4,9.4,9.2,9.55263,10,10,10,10,9.57692,9.6875,9.43103
open_space,6.4,-14.9,1.73465,1,0,16,0,5.08444,10,0,7.7,6.2,6,4.8,4.9,8.2,10,10,8.69375,6.56889,6.80667,5.08444,5.89111,9.0375,10,10
open_space,3.6,-6.7,1.83938,1,0,10,0,3.5,6.73556,0,3.9,3.4,3.5,6.8,10,10,7.5,6.5,5.64222,3.52,4.52667,8.21818,10,10,8.585,6.73556
open_space,18.3,-2.8,2.36779,1,0,12.6,0,3.74324,2,0.5,3.7,10,10,2,1.4,1.4,2,2.6,5.68,10,10,3.74324,1.55556,1.56444,2.57556,2.91556
open_space,6.9,-2.4,2.84921,1,1,12.5,0,10,2.2,0.233333,6.7,7.6,10,10,4.7,2.3,2.2,2.5,6.90667,8.61905,10,10,6.56,3.04,2.26444,3.83111
open_space,3.1,-14.9,6.25363,1,0,10.9,0,3.31111,4.8,0.0583333,10,10,4.3,2.9,2.9,4,4.8,6.6,10,10,6.18846,3.31111,3.19333,4.91111,5.29111,7.97368
open_space,1.4,-7.1,2.07011,1,1,3.9,0,1.4,5.72444,0.372222,1.3,1.2,1.4,4.1,10,10,7.2,2.5,1.64222,1.22667,2.09111,5.99,10,10,8.29667,5.72444
open_space,17.7,-1,3.71342,1,0,5.7,0,1.95556,0.9,0.591667,10,3.8,2.1,1.5,0.8,0.8,0.9,3.6,10,5.77143,2.57778,1.95556,1.01556,0.826667,1.57111,5.3875
open_space,8.6,-12,1.28167,1,1,18.4,0,8.4,10,0,10,8.8,8.4,8.1,7.7,8.7,10,10,10,9.31875,8.66889,9.00357,7.94444,9.29167,10,10
open_space,10.4,-13.2,5.90971,1,0,17.1,0,10,6.5,0,9.3,10,10,10,10,7,6.5,7.1,9.53636,10,10,10,10,8.18929,6.66889,8.24444
open_space,14.2,-10.9,1.18582,1,1,16,0,9.76667,5.5,0,10,10,10,9.6,8.8,6,5.5,6,10,10,10,9.76667,9.03333,7.79512,5.64222,7.44571
open_space,18.5,-15.4,2.09336,1,0,9,0,3.98,1.4,0.369444,10,8.8,4.5,2.4,1.2,1.2,1.4,4.5,10,9.275,5.8,3.98,1.61111,1.23333,2.18222,6.41111
open_space,1.2,-8,5.92573,1,1,12.4,0,1.46889,2.8,0.394444,10,8.4,2.4,1.1,1,1.1,2.8,10,10,9.06111,6.45778,1.46889,1.02,1.56222,4.9625,10
open_space,3,-17.5,6.07489,1,0,7.8,0,3.59111,2.2,0.338889,10,10,5.2,2.9,2.8,2.3,2.2,2.6,10,10,7.08824,3.59111,2.92,2.78,2.28889,4.46667
open_space,18.9,-8,2.3779,1,0,17.8,0,2.47561,1.1,0.416667,10,10,10,1.1,0.8,0.8,1.1,7.8,10,10,10,2.47561,0.884444,0.891111,3.16667,8.47632
open_space,12.3,-13.9,0.49585,1,0,17.4,0,10,6.6,0,8.4,10,10,10,6.1,5.8,6.6,7.4,9.14,10,10,10,7.45263,5.97778,8.02889,7.62889
open_space,14.9,-1.6,1.15906,1,1,4.9,0,3.4,2.20889,0.344444,1.4,1.5,3.4,10,10,5.3,3.9,1.5,1.43333,2.06222,5.39375,10,10,6.91842,4.84889,2.20889
open_space,19.5,-9.6,1.85521,1,1,10.4,0,1.74667,0.2,0.483333,9.8,10,10,0.6,0.2,0.2,0.2,0.4,9.9,10,10,1.74667,0.322222,0.2,0.244444,4.23333
open_space,3.3,-6.6,2.19939,1,1,9.2,0,3.8,6.46222,0,3.1,3.1,3.8,10,10,10,6.5,5.4,3.82444,3.26667,5.76216,10,10,10,7.65854,6.46222
open_space,4.7,-6.2,1.29404,1,0,10.8,0,4.5,7.57027,0,6,4.7,4.5,5.1,10,10,10,6.3,6.19333,5.92667,4.64889,6.82571,10,10,10,7.57027
open_space,10.1,-17.3,5.88953,1,1,12.6,0,10,2.4,0.2,6.2,10,10,10,6.5,2.6,2.4,2.6,9.235,10,10,10,9.33571,3.71556,2.45778,3.62889
open_space,7.5,-18.4,2.54935,1,0,10.2,0,1.3,9.38889,0.358333,7.2,1.6,1.3,1.3,2.3,10,10,8.9,7.67333,2.82,1.36,1.62,4.18148,10,10,9.38889
open_space,9.6,-5.9,2.65013,1,0,16,0,10,5.7,0,9.4,9.8,10,10,10,6.5,5.7,6,9.56757,9.9,10,10,10,7.87037,5.88667,7.31795
open_space,15.2,-2.5,6.22396,1,1,6.8,0,2.3,5.22444,0.216667,3.5,2.3,2.3,3.1,10,10,6.9,4.5,4.48,2.66222,2.50222,5.03333,10,10,8.22,5.22444
open_space,13.6,-17.6,0.170043,1,0,13.6,0,10,2.1,0.25,6.2,10,10,10,2.6,2.1,2.1,3.6,7.45227,10,10,10,4.42143,2.21333,2.57778,5.61111
open_space,3.6,-10.4,4.0427,1,0,13.4,0,10,3.4,0,5.4,9.4,10,10,10,4.4,3.4,3.4,8.46667,9.63125,10,10,10,6.30312,3.65111,4.03111
open_space,16.6,-2.3,1.15615,1,1,7.4,0,5.1,3.01556,0.25,2.1,2.2,5.1,10,8.9,3.4,3.1,2.3,2.15111,3.09778,6.83333,10,9.33333,4.95111,3.18,3.01556
open_space,16.6,-13.7,1.47731,1,0,13.6,0,7.10444,3.1,0,10,10,9.6,6,4.9,3.1,3.1,4,10,10,9.8,7.10444,6.05778,3.66444,3.33778,5.91818
open_space,7.4,-3.7,0.332403,1,0,13.7,0,3.7,10,0,3.9,3.5,3.7,7.2,7.6,10,10,10,5.7,3.6,4.96444,7.41111,8.57308,10,10,10
open_space,9.2,-10.3,0.581437,1,0,19.2,0,9.2,10,0,10,10,9.2,9,9.6,9.4,10,10,10,10,9.55714,9.25641,9.82222,9.55758,10,10
open_space,10,-1,1.14863,1,0,2.8,0,1.9,1.26889,0.416667,0.8,0.9,1.9,10,10,10,2.3,0.9,0.808889,1.15778,6.58421,10,10,10,7.325,1.26889
open_space,15.3,-10.9,2.76666,1,0,18.8,0,6.62889,10,0,10,9.5,8.8,4.8,4.4,4.8,10,10,10,9.74286,9.02889,6.62889,4.51111,6.45854,10,10
open_space,19.3,-4.2,4.39054,1,0,10.4,0,0.4,10,0.461111,0.9,0.4,0.4,0.4,1.2,4.5,10,10,2.18333,0.548889,0.4,0.64,3.46,6.24146,10,10
open_space,16.1,-11.1,0.139627,1,1,13.6,0,10,3.83333,0,3.6,5.9,10,10,10,8.6,4.6,3.6,4.34444,7.58235,10,10,10,8.97179,7.11556,3.83333
open_space,16.3,-14.6,2.79577,1,1,15.1,0,4.75778,9.9,0,10,5.5,5.1,3.6,3.4,3.8,9.9,10,10,6.95385,5.23778,4.75778,3.48667,5.48889,9.9,10
open_space,6.7,-14.2,4.66926,1,1,15.5,0,10,6.32222,0,5.5,7.4,10,10,9.8,6.5,6.5,5.5,6.02444,8.52667,10,10,9.9,7.48222,7.11556,6.32222
open_space,16.3,-9.8,0.067666,1,0,13,0,9.6,3.71556,0,3.4,5.1,9.6,10,10,9.9,4.6,3.4,3.92444,8.28837,9.77857,10,10,9.93077,7.14167,3.71556
open_space,18.3,-17.1,1.45027,1,1,6.1,0,3.12889,1.4,0.502778,10,10,4.3,2.6,2.3,1.4,1.4,1.8,10,10,6.25217,3.12889,2.65333,1.67778,1.48667,3.53778
open_space,18.2,-19.2,3.62791,1,0,1.6,0,0.6,2.588,0.641667,0.5,0.5,0.6,1.5,1.7,5,10,1,0.68,0.504444,0.835556,1.54,2.57333,6.7,10,2.588
open_space,2.3,-11.8,1.65428,1,0,12.1,0,2.1,10,0.25,2.8,2.1,2.1,3.2,7.9,10,10,10,4.65135,2.27556,2.43778,6.14667,8.63824,10,10,10
open_space,4.6,-10.2,3.79045,1,1,14.4,0,10,4.5,0,5.5,9.5,10,10,10,7.4,4.5,4.4,7.93333,9.62593,10,10,10,9.27273,5.35778,4.66667
open_space,14.6,-15.7,1.75321,1,0,13.9,0,4.21111,5.2,0,10,10,4.9,4,4.1,5.1,5.2,9,10,10,6.69375,4.21111,4.94667,5.37111,6.33333,9.46
open_space,17.7,-1.6,0.803128,1,0,4,0,2,2,0.555556,1.4,1.4,2,10,10,2.8,2,2,1.55556,1.56889,3.88108,10,10,4.72647,2.22889,2.13556
open_space,18.3,-16.2,1.76756,1,1,6.7,0,3.67333,1.4,0.344444,10,10,4.2,3.5,1.7,1.4,1.4,2.5,10,10,6.14444,3.67333,2.67111,1.46444,1.74667,4.37692
open_space,17.5,-9.3,1.69284,1,1,13.5,0,10,2.2,0.236111,9.2,10,10,10,2.8,2.2,2.2,3.5,9.51579,10,10,10,4.73333,2.35333,2.61556,7.05111
open_space,3.2,-19.2,3.55591,1,1,1.7,0,0.5,2.65111,0.45,0.5,0.5,0.5,1.3,10,7.7,3.2,1.2,0.735556,0.5,0.753333,2.87368,10,8.63333,4.53333,2.65111
open_space,15.8,-5.7,6.0874,1,0,9.5,0,5.5,4.96,0,3.9,4.7,5.5,6.6,10,10,7.2,4,4.08,5.78889,5.75778,7.97917,10,10,8.41818,4.96
open_space,9.2,-15.3,4.19049,1,1,13.9,0,8.8,7.50222,0,4.4,4.6,8.8,10,10,10,9,5.1,4.56,5.84,9.38,10,10,10,9.24878,7.50222
open_space,3.9,-11.4,2.90427,1,0,12.1,0,8.3,4.87556,0,3.7,4.3,8.3,9.7,10,10,7.3,3.8,3.84,6.52889,8.62,9.85,10,10,8.34444,4.87556
open_space,4.1,-10,5.3288,1,1,19.7,0,9.28,4.8,0,10,10,10,6.9,4,3.9,4.8,9.7,10,10,10,9.28,4.86667,4.10444,7.03947,9.78
open_space,15.9,-7.3,1.50312,1,0,15,0,10,3.8,0,7.1,9.4,10,10,5.9,3.8,3.8,5,7.71556,9.72,10,10,7.53684,4.42889,4.12444,6.86444
open_space,14.4,-5.4,5.26076,1,0,15.4,0,5.39778,10,0,5.5,5.3,5.4,5.2,6.1,10,10,10,6.91364,5.50444,6.3,5.39778,7.55,10,10,10
open_space,19.4,-4.5,1.39764,1,0,10.4,0,10,0.3,0.472222,1.5,5.2,10,10,0.5,0.3,0.3,0.4,4.21333,6.91333,10,10,1.39697,0.357778,0.302222,0.615556
open_space,7.7,-9.8,5.03042,1,1,19.9,0,9.74571,7.9,0,10,10,10,9.6,8.5,7.5,7.9,9.9,10,10,10,9.74571,9.16,7.72667,8.74583,9.945
open_space,5.9,-6.1,2.73091,1,0,16.3,0,10,5.9,0,5.7,6.1,10,10,10,6.5,5.9,6.3,5.84667,7.54,10,10,10,7.79333,6.06,7.05111
open_space,3.5,-14.2,6.17657,1,0,12.4,0,3.93556,5.5,0,10,10,5.3,3.3,3.3,4.2,5.5,7.1,10,10,7.03158,3.93556,3.53333,5.5,5.89333,8.31579
open_space,19.3,-12.8,1.10513,1,0,10.4,0,8.75,0.4,0.461111,0.8,10,10,7.8,1.2,0.4,0.4,0.4,2.076,10,10,8.75,5.60222,0.66,0.4,0.54
open_space,2.8,-10.1,3.03208,1,1,12.2,0,9.6,3.10444,0.158333,2.6,3.3,9.6,10,10,10,4.2,2.6,2.78,6.06889,9.70417,10,10,10,7.725,3.10444
open_space,9.6,-6.7,4.94901,1,0,17.7,0,6.77111,9.7,0,10,10,7.7,6.5,6.7,9.4,9.7,10,10,10,8.68889,6.77111,7.86486,9.56471,9.85,10
open_space,18.4,-12.4,6.18018,1,0,11.3,0,10,1.54,0.358333,1.3,1.7,10,10,10,7.4,2.1,1.3,1.38889,3.31364,10,10,10,8.25405,4.90667,1.54
open_space,5.2,-7.7,6.02207,1,1,17.5,0,6.66444,10,0,10,7.8,7.5,5.2,5,5.8,10,10,10,8.63462,7.76,6.66444,5.17556,7.33548,10,10
open_space,14.4,-6.3,2.13609,1,0,16.1,0,10,6.3,0,7.2,10,10,10,5.5,5.3,6.3,6.1,8.37143,10,10,10,6.88889,5.52,6.97556,6.35111
open_space,14,-11.1,5.60247,1,0,16.4,0,9,8.6,0,5.7,5.7,9,10,10,10,8.6,7.4,6.14,6.72,9.44,10,10,10,8.98919,8.90476
open_space,11.3,-18.8,4.1707,1,1,2.8,0,1.7,1.73556,0.402778,0.9,0.9,1.7,8.7,10,10,3.8,1.1,0.926667,1.16222,5.50444,9.22,10,10,6.04444,1.73556
open_space,9.8,-15.2,0.780306,1,0,19.5,0,8.83611,6.3,0,10,10,9.6,6.5,4.5,4.5,6.3,9.9,10,10,9.75,8.83611,5.08,5.00889,8.44643,9.93636
open_space,4.5,-8,3.98876,1,1,14.3,0,10,4.3,0,6.5,10,10,10,7.8,5.8,4.3,4.3,7.92941,10,10,10,8.42381,7.69333,4.70667,4.94222
open_space,3.5,-12.1,1.90692,1,0,13.5,0,3.5,10,0,3.7,3.3,3.5,7.5,8,10,10,10,5.53556,3.39111,4.69333,7.78,8.83636,10,10,10
open_space,5.2,-7.7,1.80475,1,1,12.6,0,5.1,7.81778,0,5.9,5,5.1,9.5,10,10,8.9,7.5,7.62667,5.20889,6.47556,9.65,10,10,9.42,7.81778
open_space,17.9,-9.8,4.84524,1,1,11.7,0,1.8,9.92941,0.294444,2.3,1.8,1.8,2.9,9.7,10,10,9.9,4.52444,1.91778,2.15778,6.73556,9.83,10,10,9.92941
open_space,12,-14.3,2.02069,1,0,15.8,0,5.54667,8.5,0,10,10,5.8,5.4,6,7.7,8.5,10,10,10,7.22368,5.54667,7.74,7.91111,9.2,10
open_space,19,-14.6,0.108424,1,0,10.7,0,10,0.748889,0.427778,0.7,1.1,10,10,6.6,5.1,0.9,0.7,0.815556,2.65278,10,10,7.935,5.49333,1.88444,0.748889
open_space,19.6,-5.5,0.397953,1,1,5.8,0,5.7,0.1,0.494444,0.1,0.2,5.7,10,10,0.2,0.1,0.1,0.115556,3.01556,7.22778,10,10,0.572727,0.117778,0.1
open_space,2.5,-12.8,4.35501,1,0,12.5,0,10,2.3,0.216667,6.5,7.6,10,10,5.7,2.5,2.3,2.5,7.04889,8.58696,10,10,7.35455,3.41111,2.35778,3.64
open_space,10.4,-18.2,2.75305,1,0,11.5,0,1.5,10,0.333333,4,1.6,1.5,1.6,3.9,10,10,10,6,2.30222,1.53333,2.26889,8.32889,10,10,10
open_space,16.2,-13.6,4.54768,1,0,9.7,0,3.5,7.45581,0,6.1,3.6,3.5,4.3,10,10,10,6.2,6.34667,4.35333,3.68,6.18286,10,10,10,7.45581
open_space,13.5,-7.7,0.473295,1,0,14.6,0,8.4,6.37778,0,7,7.5,8.4,10,10,10,6.5,6.2,8.32667,7.71778,9.1,10,10,10,7.82059,6.37778
open_space,13.8,-3.1,1.00795,1,0,8.9,0,5.4,5.06444,0.0583333,2.9,3,5.4,10,10,7,5.9,3.5,3.02667,3.71778,7.1125,10,10,8.20476,6.16222,5.06444
open_space,6.4,-15.9,6.21978,1,1,14.5,0,7.21556,3.8,0,10,10,9.5,6.2,5.8,3.8,3.8,5,10,10,9.73333,7.21556,6.48667,4.41778,4.13111,6.7963
open_space,0.7,-6.6,0.957495,1,0,8.4,0,0.5,8.83333,0.45,3,0.6,0.5,0.5,0.8,10,10,7.9,6.49111,1.1,0.522222,0.602222,2.11212,10,10,8.83333
open_space,5.5,-8.7,4.1611,1,0,15.4,0,10,5.3,0,10,10,10,10,8.5,6.3,5.3,5.4,10,10,10,10,8.86222,8.35333,5.52222,6.86889
open_space,5,-12.4,2.0739,1,0,15.5,0,5.5,10,0,5,4.8,5.5,7.3,8.3,10,10,10,6.59556,4.94889,7.19556,7.53556,9.04667,10,10,10
open_space,1.1,-5.4,4.66396,1,0,9.1,0,6.00444,0.9,0.405556,10,10,7.9,5.2,1.3,0.9,0.9,1.2,10,10,8.83636,6.00444,3.16222,1.02667,0.977778,2.62558
open_space,7.9,-1.7,3.15077,1,0,12.1,0,10,1.5,0.333333,7.7,10,10,10,2.1,1.5,1.5,2.1,8.4075,10,10,10,4.02973,1.67556,1.67556,4.62667
open_space,11.3,-15.5,6.04067,1,1,14.9,0,10,4.2,0,8.4,9.8,10,10,8.3,4.3,4.2,4.9,8.71556,9.9,10,10,9.05,5.55333,4.35556,7.12222
open_space,2.3,-4.7,4.03945,1,1,12.1,0,7.452,2.1,0.25,3.3,10,10,5.8,4.5,2.7,2.1,2.1,5.32222,10,10,7.452,4.83778,4.00889,2.25556,2.48222
open_space,3.4,-4.5,2.15926,1,0,8.1,0,3.8,4.4,0,3.3,3.2,3.8,10,10,7.9,4.4,4.3,4.05111,3.34444,5.66579,10,10,8.8,5.47556,4.49556
open_space,3.3,-14.5,0.948751,1,0,13.1,0,3.1,8.9,0,10,3.9,3.1,3.1,5.2,5.3,8.9,10,10,5.75278,3.28222,3.79333,5.43333,6.37333,9.36,10
open_space,10.8,-16.1,1.17322,1,1,19.5,0,5.62222,8.9,0,10,10,9.9,3.9,3.6,3.9,8.9,9.6,10,10,9.9,5.62222,3.69111,5.43333,9.12444,9.8
open_space,10.8,-15,4.85471,1,0,13.7,0,9,5.00667,0,4.7,7.8,9,10,10,10,5.9,4.7,5.67333,9.1,9.39,10,10,10,7.484,5.00667
open_space,0.5,-14.3,5.15389,1,0,10.8,0,1.68261,0.3,0.472222,6,10,10,0.7,0.3,0.3,0.3,0.8,7.44545,10,10,1.68261,0.413333,0.3,0.453333,4.06
open_space,5.1,-4.1,1.74662,1,0,8.9,0,5,4.10889,0,4,4.9,5,8.5,10,10,4.8,3.9,4.79556,5.16667,6.06222,9.11667,10,10,6.59062,4.10889
open_space,5.3,-5.3,2.48096,1,0,13.4,0,8.3,5.1,0,5.1,5.1,8.3,10,10,6.5,5.1,5.1,5.46444,6.1,9.05,10,10,7.87143,5.46444,5.97556
open_space,16.9,-14,4.32619,1,0,9,0,2.8,7.58788,0.102778,5.7,3,2.8,3,7.4,10,10,6.2,5.84889,4.25778,2.87111,4.28,8.54286,10,10,7.58788
open_space,1.4,-7.8,6.11222,1,1,12.1,0,1.48667,6.8,0.369444,10,7.7,2.1,1.2,1.2,1.5,6.8,10,10,8.5871,5.31778,1.48667,1.25556,2.62667,8.175,10
open_space,1.9,-0.7,0.131931,1,0,4.5,0,0.5,5.425,0.627778,0.6,0.5,0.5,0.8,1.7,2.8,10,4,1.23556,0.526667,0.586667,1.40889,2.03111,4.69286,10,5.425
open_space,7.7,-16.5,2.9895,1,1,10.8,0,3.2,8.49091,0,5.5,3.2,3.2,4,10,10,10,7.6,7.34222,3.93111,3.38,5.875,10,10,10,8.49091
open_space,12.1,-5.2,0.501059,1,0,13.3,0,5.7,7.84222,0,5.2,5,5.7,10,10,10,8,7.6,6.77111,5.15556,7.23437,10,10,10,8.76667,7.84222
open_space,5,-14.6,4.7936,1,0,15.1,0,10,4.8,0,5.1,7.9,10,10,6.4,4.8,4.8,5.1,5.92889,8.85455,10,10,7.84762,5.22,5.56889,5.54444
open_space,12.3,-7.3,5.65909,1,0,16.3,0,7.1,9.55,0,7.4,7.5,7.1,7.2,10,10,10,9.2,7.84667,8.59302,7.52222,8.15278,10,10,10,9.55
open_space,5.4,-8.3,2.45961,1,0,15,0,8.2,8.1,0,5.2,5.2,8.2,10,10,10,8.1,6.8,5.60667,6.13333,9.04444,10,10,10,8.63333,8.37111
open_space,1.9,-9.7,3.83598,1,0,11.7,0,10,1.7,0.308333,2.2,10,10,10,9.6,2.7,1.7,1.7,4.00976,10,10,10,9.74615,6.31333,2.00222,1.82667
open_space,12.6,-13.9,6.20188,1,1,17.1,0,10,5.8,0,7.1,9.3,10,10,9.1,5.8,5.8,7.1,7.67333,9.58,10,10,9.54,6.81778,6.26667,7.92
open_space,16.7,-15.1,2.56685,1,1,14.6,0,4.6,5.5,0,10,5.5,4.6,3.6,3,3.1,5.5,10,10,7.21,4.81778,4.65111,3.14,3.80667,7.1375,10
open_space,9.4,-0.4,2.86306,1,0,10.2,0,10,0.2,0.483333,0.6,10,10,10,0.4,0.2,0.2,0.2,6.4375,10,10,10,1.24643,0.246667,0.2,0.317778
open_space,6.8,-7.1,1.80473,1,0,13.7,0,6.8,7.19111,0,7.1,6.6,6.8,10,10,10,8.2,6.9,8.16667,6.88,7.90833,10,10,10,9.00667,7.19111
open_space,1.1,-10,5.71434,1,1,14.2,0,1.83333,1.6,0.405556,10,10,4.3,1.1,0.9,0.9,1.6,9.9,10,10,8.844,1.83333,0.933333,1.13556,5.77111,9.96667
open_space,16.8,-0.9,0.272838,1,0,3.3,0,0.7,2.98667,0.488889,0.8,0.7,0.7,1.4,10,10,3.4,2.6,1.26889,0.717778,0.917778,3.00769,10,10,5.26818,2.98667
open_space,13.1,-1.8,3.10817,1,1,12,0,7.55556,1.6,0.319444,10,10,9.8,6.6,2.4,1.6,1.6,2.2,10,10,9.9,7.55556,4.73556,1.82222,1.75111,3.96842
open_space,16,-1.3,4.8219,1,0,11.4,0,1.17778,10,0.383333,4.8,3.7,1.4,1.1,1.1,1.7,10,10,6.56552,3.98,2.51778,1.17778,1.29111,3.47879,10,10
open_space,9.3,-19,3.66593,1,1,2.2,0,0.8,5.67111,0.430556,0.7,0.7,0.8,2.6,10,10,9.5,1.4,0.926667,0.717778,1.26,4.7,10,10,9.73,5.67111
open_space,17.2,-9.3,2.33441,1,0,19.1,0,5.64138,3.4,0.180556,10,10,10,3.7,2.5,2.5,3.4,9.1,10,10,10,5.64138,2.84,2.75778,6.45556,9.38889
open_space,5.1,-17.7,4.57257,1,1,12,0,10,2.43556,0.263889,2,2.5,10,10,8.3,5,3.4,2,2.11778,4.32619,10,10,9,5.98,4.70444,2.43556
open_space,17.2,-13.6,2.61455,1,1,16.1,0,4.49111,4.9,0.180556,10,7.1,6.1,2.9,2.5,2.6,4.9,10,10,8.28182,6.33111,4.49111,2.59111,3.29111,6.85882,10
open_space,16.5,-14.1,0.105855,1,0,13.2,0,10,3.44222,0,3.2,5.1,10,10,7.3,5.6,4.2,3.2,3.77778,6.87143,10,10,8.45294,6.03778,5.51778,3.44222
open_space,2.3,-14.5,1.51342,1,0,12.1,0,2.1,10,0.25,3.2,2.1,2.1,2.8,5.2,6.9,10,10,5.13793,2.42889,2.28444,4.40444,5.66889,8.24444,10,10
open_space,17.6,-17.6,6.02718,1,0,10.3,0,8.1,2.1,0.5,2.1,2.4,8.1,10,4.2,2.2,2.1,2.2,2.17111,3.89111,8.73333,10,6.19444,2.80444,2.17111,2.52444
open_space,7.4,-18.4,2.81217,1,1,9,0,1.3,8.604,0.358333,3,1.4,1.3,1.4,3.9,10,10,7.7,6.30889,1.86,1.32889,2.12667,5.86667,10,10,8.604
open_space,14.6,-12.7,3.78544,1,1,15.2,0,5.2,10,0,7.1,7,5.2,5.1,6.4,10,10,10,8.07838,7.42222,6.24,5.40889,7.75652,10,10,10
open_space,14,-9.1,5.10142,1,1,16.2,0,6.2,10,0,6.2,5.7,6.2,8.9,9.6,10,10,10,7.575,5.84889,7.86154,9.13333,9.8,10,10,10
open_space,14.6,-6.6,6.19214,1,1,11.5,0,6.4,6.03333,0,5.1,6.4,6.4,8.3,10,10,8.1,5.1,5.49333,7.09778,6.89111,9.03636,10,10,8.94444,6.03333
open_space,12.3,-7.8,5.53268,1,0,17.6,0,7.6,10,0,7.4,7.4,7.6,7.6,10,10,10,10,8.15455,8.20976,8.3,8.35385,10,10,10,10
open_space,3.1,-2.1,1.8264,1,0,4.9,0,3,1.96889,0.341667,2,2.9,3,5.7,10,7.9,2.2,1.9,2.48889,3.00889,3.81778,7.30714,10,8.53333,3.63111,1.96889
open_space,14.3,-0.3,0.541337,1,0,0.2,0,0.1,2.11111,0.494444,0.1,0.1,0.1,0.3,10,10,5.6,0.1,0.1,0.1,0.135556,0.728571,10,10,7.00698,2.11111
open_space,4.8,-10.7,0.16488,1,0,15.7,0,4.86444,9.1,0,10,10,5.7,4.6,4.7,7.9,9.1,10,10,10,7.31852,4.86444,5.64,9.15909,9.50556,10
open_space,12.1,-0.7,4.36905,1,0,11.1,0,0.708889,1.4,0.45,10,8.1,1.1,0.5,0.5,0.5,1.4,10,10,8.90952,5.23111,0.708889,0.5,0.786667,3.24444,10
open_space,17.4,-7.7,0.633358,1,1,11.6,0,9.3,2.3,0.216667,2.8,7.5,9.3,10,10,3.9,2.3,2.3,4.89556,7.93556,9.61667,10,10,5.96957,2.82889,2.42667
open_space,9.2,-15.9,3.29856,1,0,12.8,0,3.8,9.25714,0,4.7,3.8,3.8,6.4,10,10,10,9,7.38444,4.02889,4.63778,7.79286,10,10,10,9.25714
open_space,2.2,-19.4,1.49603,1,0,10.4,0,0.335556,3.4,0.619444,3.1,2,0.4,0.3,0.3,0.4,3.4,10,5.12069,2.33333,1.12889,0.335556,0.315556,0.813333,4.7,10
open_space,14.2,-16.5,4.25685,1,0,9.1,0,5.5,5.42444,0,3.2,3.4,5.5,5.8,10,10,10,3.6,3.28667,4.48667,5.66,7.28205,10,10,10,5.42444
open_space,9.7,-4.9,1.94248,1,0,14.7,0,10,4.82222,0,5,9.5,10,10,10,10,5.2,4.7,6.60976,9.67368,10,10,10,10,6.79474,4.82222
open_space,5.6,-12,1.75848,1,0,15.5,0,5.5,10,0,6.6,5.4,5.5,7.7,7.8,10,10,10,7.96087,5.68222,6.73778,8.10667,8.65333,10,10,10
open_space,5,-9.7,3.03621,1,0,14.8,0,10,5.72667,0,4.8,6.2,10,10,10,9.6,7.8,4.8,5.13778,7.62174,10,10,10,9.76923,9.38611,5.72667
open_space,13.7,-18.8,0.701244,1,0,16,0,3.07714,1.2,0.405556,7.8,10,10,1.4,0.9,0.9,1.2,6,8.79286,10,10,3.07714,1.04889,0.962222,2.47111,6.47111
open_space,6.1,-9.4,2.62015,1,0,16.9,0,10,8.57273,0,5.9,6.1,10,10,10,10,9.2,6.9,6.12,7.4625,10,10,10,10,9.39737,8.57273
open_space,17.2,-6.9,1.06312,1,1,12.6,0,10,2.5,0.180556,5.1,7,10,10,9.6,2.9,2.5,2.6,6.63111,8.08788,10,10,9.6,4.60222,2.58444,3.35111
open_space,9.6,-12.4,3.87751,1,0,19.2,0,9.8,9.4,0,7.3,7.3,9.8,10,10,10,9.4,9.4,8.1775,7.98,9.9,10,10,10,9.63529,9.575
open_space,19.5,-13.4,3.12177,1,1,10.3,0,0.211111,7.6,0.483333,9.2,6.3,0.3,0.2,0.2,0.3,7.6,10,9.6,7.16222,1.13333,0.211111,0.204444,0.702222,7.6,10
open_space,16.4,-4.3,5.76524,1,0,7.9,0,4.1,5.70488,0,3.3,3.4,4.1,4.2,8.2,10,10,3.8,3.41778,4.22667,4.24667,5.46,8.96667,10,10,5.70488
open_space,7.7,-0.5,0.0492954,1,0,8.2,0,0.3,7.9,0.472222,0.4,0.3,0.3,0.4,7.5,10,10,7.9,1.02667,0.32,0.331111,1.75111,8.3325,10,10,7.9
open_space,10.3,-9.8,4.27031,1,0,19.4,0,9.4,10,0,9.9,10,9.4,10,9.6,10,10,10,9.94,10,9.595,10,9.74118,10,10,10
open_space,1.9,-9.8,3.25732,1,0,11.7,0,10,1.82,0.305556,1.7,2.7,10,10,10,9.6,2.2,1.7,2.01333,6.51556,10,10,10,9.70435,4.44889,1.82
open_space,17.9,-10.7,6.03703,1,0,9.1,0,7.2,2.38222,0.291667,1.8,2.1,7.2,10,10,9.3,3.6,1.9,1.85778,3.38667,8.5,10,10,9.63333,7.49778,2.38222
open_space,8.5,-11.5,1.81059,1,1,18.5,0,8.5,10,0,9.8,8.3,8.5,8.2,8.4,10,10,10,9.9,8.63778,9.256,8.53778,9.06818,10,10,10
open_space,17.8,-1.9,5.05804,1,0,7.7,0,1.74222,7.51111,0.544444,2.1,1.9,1.9,1.7,1.8,3.9,10,5.8,3.12889,1.94889,2.18222,1.74222,2.43333,5.8875,10,7.51111
open_space,6.8,-15,2.52106,1,0,12.9,0,4.7,8.98462,0,6.6,5.8,4.7,4.8,8,10,10,8.2,6.98667,7.02222,4.97333,5.77778,8.85,10,10,8.98462
open_space,2.4,-10.5,3.48979,1,0,12,0,9.8,2.25556,0.236111,2.3,5.1,9.8,10,10,6.7,2.4,2.2,3.16222,8.62444,9.875,10,10,8,3.61111,2.25556
open_space,9.4,-7.3,3.86536,1,1,19.2,0,10,9.2,0,10,10,10,10,7.1,7.1,9.2,9.2,10,10,10,10,8.04146,7.72444,9.5625,9.43929
open_space,16.2,-13.6,0.00663214,1,1,13.5,0,10,3.92,0,3.5,5,10,10,8.7,6.1,5,3.5,3.91333,6.768,10,10,9.325,6.84444,6.2,3.92
open_space,17.3,-17.3,2.91797,1,0,12.4,0,2.4,10,0.4,4.6,2.5,2.4,2.5,2.4,2.8,10,10,6.49444,3.11556,2.49333,2.87778,2.49333,4.73111,10,10
open_space,15.1,-18.3,1.7247,1,0,9.5,0,1.48,4.7,0.347222,10,10,1.7,1.4,1.4,2.3,4.7,7.8,10,10,3.36667,1.48,1.69556,4.00222,5.61111,8.78
open_space,12.3,-15.5,6.1512,1,0,15.3,0,10,4.2,0,7.4,9.3,10,10,7,4.2,4.2,5.3,7.87111,9.65,10,10,8.225,5.10222,4.46222,7.16667
open_space,14.6,-10.7,5.20143,1,0,14.8,0,5.8,9.25455,0,5.4,5.1,5.8,10,10,10,9.5,9,6.8619,5.25333,7.2875,10,10,10,9.71111,9.25455
open_space,4.3,-8,5.05427,1,0,18.2,0,8.02222,4.3,0,10,10,8.7,7.8,4.6,4.1,4.3,9.5,10,10,9.25385,8.02222,6.47111,4.21333,5.87778,9.65
open_space,5,-17.5,3.03842,1,0,7,0,2.2,5.71333,0.236111,3.5,2.2,2.2,2.8,10,10,7.8,4.8,4.69778,2.61556,2.35333,4.74872,10,10,8.69,5.71333
open_space,16.6,-16.4,1.61714,1,0,9.1,0,3.63333,3.1,0,10,10,4.5,3.3,3.3,3.1,3.1,4.6,10,10,6.36786,3.63333,3.73778,3.41333,3.54,6.46
open_space,13.4,-11.2,3.79159,1,0,16.4,0,6.4,10,0,8.6,8.5,6.4,6.3,7.9,10,10,10,9.14167,8.90244,7.55349,6.69333,8.84,10,10,10
open_space,19.3,-8.9,3.59564,1,0,10.4,0,0.4,9.7,0.463889,10,0.9,0.4,0.4,0.4,1.1,9.7,10,10,2.40833,0.553333,0.4,0.631111,6.51778,9.84,10
open_space,16.5,-0.9,1.774,1,1,10.7,0,10,0.726667,0.427778,0.7,1.2,10,10,3.9,3.2,0.8,0.7,0.866667,2.78,10,10,5.77632,3.35333,1.45778,0.726667
open_space,15.2,-15.8,5.70865,1,0,12.2,0,8.2,3.9,0,4.5,4.6,8.2,10,10,4.7,3.9,4,4.71111,5.71333,9.02857,10,10,6.47941,4.07778,4.81556
open_space,18.9,-0.7,1.58941,1,1,10.5,0,10,0.548889,0.686111,0.5,0.7,10,10,1.1,0.8,0.7,0.5,0.553333,1.8619,10,10,2.50732,0.884444,0.817778,0.548889
open_space,9.3,-5.7,3.54664,1,0,19.1,0,10,6,0,9.9,10,10,10,6,5.5,6,9.1,9.95,10,10,10,7.43143,5.64222,7.6027,9.34
open_space,2.5,-17.2,1.24812,1,0,12.3,0,2.3,7.8,0.394444,5.3,2.4,2.3,2.6,2.5,2.8,7.8,10,7.05385,3.28,2.36,2.91778,2.56667,4.16,8.74,10
open_space,19.1,-15.8,1.62777,1,1,6.2,0,4.27778,0.6,0.438889,10,10,5.3,3.9,0.8,0.6,0.6,0.9,10,10,7.02,4.27778,1.78889,0.651111,0.677778,2.1641
open_space,1,-13.3,4.7946,1,1,11.2,0,10,0.8,0.416667,6.4,9.9,10,10,1,0.8,0.8,1.2,7.45556,9.9,10,10,2.45778,0.86,0.922222,3.35111
open_space,8.4,-15.4,4.92893,1,0,14.3,0,10,4.49333,0,4.4,7.9,10,10,9.8,8.2,5.2,4.3,5.48444,8.8375,10,10,9.9,8.57556,7.35778,4.49333
open_space,4.8,-4.9,0.18301,1,0,14.8,0,4.8,10,0,5.8,4.7,4.8,4.6,4.7,8.1,10,10,7.32963,4.95111,5.55111,4.84444,5.71333,8.9375,10,10
open_space,11.9,-7.5,4.37654,1,1,17.8,0,7.8,10,0,10,8.3,7.8,7.8,7.3,8.1,10,10,10,8.98947,8.01556,8.89737,7.50222,8.89444,10,10
open_space,11.1,-15.3,1.89067,1,0,15,0,4.52889,9.1,0,10,10,5,4.4,4.6,8.6,9.1,10,10,10,6.65676,4.52889,6.15778,8.86,9.47692,10
open_space,17.4,-1.8,4.3933,1,0,12.3,0,2.18,5,0.516667,5.2,2.4,2.3,1.7,1.6,1.8,5,10,6.96154,3.26444,2.36,2.18,1.64,2.66444,6.86,10
open_space,4.4,-18.5,2.55577,1,1,6.3,0,1.2,6.77419,0.372222,4.2,1.4,1.2,1.2,2.1,10,10,5.1,4.40667,2.47333,1.25111,1.5,3.95556,10,10,6.77419
open_space,12.5,-11.8,4.77057,1,0,15.1,0,7.2,8.50976,0,7.9,7.2,7.2,10,10,10,10,7.9,8.65946,7.90222,8.11905,10,10,10,10,8.50976
open_space,19.4,-8.6,0.471215,1,1,9.7,0,9.4,0.3,0.475,0.3,0.9,9.4,10,10,0.6,0.3,0.3,0.471111,6.22667,9.7,10,10,1.692,0.402222,0.3
open_space,9,-1.9,2.2886,1,0,11.7,0,10,1.7,0.308333,2.2,8.8,10,10,10,2.6,1.7,1.7,4.63556,9.13939,10,10,10,4.56129,1.97556,1.84
open_space,19.1,-18.3,2.58613,1,0,11.4,0,1.07111,1.1,0.641667,6.5,1.7,1.4,0.7,0.6,0.6,1.1,10,7.84,2.80444,1.45111,1.07111,0.62,0.755556,2.55517,10
open_space,9.6,-2.1,0.4811,1,0,6.3,0,2.1,6.08125,0.277778,2,1.9,2.1,6.2,10,10,10,4.2,2.65333,1.95333,3.23778,9.21282,10,10,10,6.08125
open_space,6.2,-2,5.06188,1,0,12,0,1.84667,6.4,0.291667,10,5.4,2,1.8,1.9,4.2,6.4,10,10,7.01111,2.94667,1.84667,2.59333,5.87778,7.69118,10
open_space,4.8,-4.2,5.96436,1,1,14,0,4,10,0,9.1,4.2,4,4.5,4.6,5.1,10,10,9.5,5.70444,4.11111,5.22667,4.72889,6.81892,10,10
open_space,1.7,-4.7,5.14642,1,0,9.1,0,4.51333,1.6,0.333333,10,10,4.8,3.6,1.6,1.5,1.6,4.3,10,10,6.47674,4.51333,2.20444,1.53556,2.38444,6.15
open_space,4.1,-5.3,3.75525,1,0,13.9,0,9.4,4,0,4.8,10,10,9,5.2,5.1,4,3.9,6.57576,10,10,9.4,6.37111,5.36667,4.85111,4.09778
open_space,2.4,-8.8,4.27847,1,0,12.3,0,9.76667,2.2,0.236111,5.2,10,10,9.6,6.6,2.4,2.2,2.3,6.98462,10,10,9.76667,8.66,3.6,2.25556,3.17333
open_space,6.9,-13.6,4.37189,1,0,16.5,0,10,6.7,0,6.1,6.8,10,10,10,7.2,6.7,6.5,6.26667,8.02857,10,10,10,8.225,6.88444,7.70889
open_space,0.6,-11.4,4.13579,1,1,10.4,0,10,0.4,0.463889,0.7,8.5,10,10,1.9,0.5,0.4,0.4,3.78889,9.1,10,10,3.46667,0.793333,0.411111,0.491111
open_space,1.5,-2.3,2.87602,1,0,6.2,0,4.8,1.74,0.552778,1.3,1.5,4.8,10,4.3,2.2,2.1,1.4,1.33556,2.35111,6.85556,10,6.17059,2.82889,2.16667,1.74
open_space,12.1,-10.3,4.17141,1,1,17.6,0,7.6,10,0,9.4,9,7.6,7.8,10,10,10,10,9.55294,9.6,7.90667,8.65556,10,10,10,10
open_space,8.8,-7.9,0.838079,1,0,18.6,0,8.6,10,0,7.7,7.7,8.6,8.6,10,10,10,10,8.38605,8.47895,9.02353,9.09655,10,10,10,10
open_space,10.4,-11,4.16015,1,0,19.3,0,9.3,10,0,8.7,8.9,9.3,9.6,10,10,10,10,9.02093,9.38235,9.48,9.75556,10,10,10,10
open_space,15.5,-4.2,2.71741,1,0,14.3,0,6.39024,4,0,9.6,10,10,4.6,4.2,4.4,4,4.3,9.8,10,10,6.39024,4.31111,4.98667,4.10667,5.85778
open_space,0.8,-3.6,6.01745,1,0,11.2,0,0.793333,2.1,0.438889,7,3.5,1.2,0.6,0.6,0.7,2.1,10,8.32,4.59333,2.74667,0.793333,0.613333,1.06,4.29231,10
open_space,18.6,-6.6,0.110317,1,1,7.5,0,6.4,1.17778,0.383333,1.1,1.7,6.4,10,10,10,1.4,1.1,1.29111,4.16,7.57556,10,10,10,3.03556,1.17778
open_space,18.8,-18.7,1.72947,1,0,2.7,0,1.05333,0.9,0.647222,10,6.8,1.2,1,1,0.9,0.9,1.5,10,7.83333,2.35778,1.05333,1.14,0.948889,1.08667,3.3125
open_space,13.8,-9.5,2.15024,1,0,19.3,0,10,7,0,10,10,10,10,6,5.9,7,9.3,10,10,10,10,7.37143,6.16222,8.7,9.48286
open_space,9,-9.2,0.156581,1,0,19.1,0,9.1,10,0,10,9,9.1,8.8,8.9,10,10,10,10,9.25714,9.47778,9.10541,9.34,10,10,10
open_space,15.1,-5.8,0.733877,1,0,12.1,0,7.5,4.6,0,5.6,5.6,7.5,10,10,7,4.6,4.6,6.24444,6.11556,8.60667,10,10,8.17857,5.31778,5.02667
open_space,14.2,-16.4,4.13921,1,0,9.5,0,5.5,5.87632,0,3.3,3.4,5.5,5.6,10,10,10,4,3.45111,4.18667,5.74,6.99556,10,10,10,5.87632
open_space,4.9,-4.5,3.86783,1,0,14.7,0,7.975,4.7,0,6.3,10,10,6.6,4.3,4.3,4.7,4.7,7.71905,10,10,7.975,4.98667,4.68,5.35111,5.12222
open_space,3.5,-4.7,2.38851,1,0,9.3,0,4.8,4.5,0,3.3,3.3,4.8,10,10,6.3,4.5,4.5,3.65556,3.73778,6.692,10,10,7.75,4.99111,4.87333
open_space,13.1,-11.8,0.0536215,1,0,16.6,0,10,7.25556,0,6.6,9.9,10,10,10,7.9,7.9,6.6,7.57111,9.95,10,10,10,8.51951,8.75116,7.25556
open_space,3.1,-8.3,4.73227,1,0,14.2,0,8.68919,2.9,0.0583333,10,10,10,8.1,4.1,2.9,2.9,4.2,10,10,10,8.68919,6.74667,3.22889,3.26222,6.12857
open_space,15.8,-2.6,3.34184,1,1,9,0,4.09111,2.4,0.2,10,10,4.7,3.9,2.9,2.4,2.4,4.3,10,10,6.47273,4.09111,3.84,2.51333,3.01556,6.18
open_space,6.9,-2.6,4.15799,1,0,16.9,0,4.70682,4.5,0.2,10,10,10,2.8,2.4,2.5,4.5,6.9,10,10,10,4.70682,2.49778,3.09111,6.44444,8.01111
open_space,5.8,-1.5,0.397998,1,1,4.8,0,1.4,5.42667,0.358333,1.4,1.3,1.4,3.4,6.1,10,10,3.4,1.98222,1.32889,1.97111,5.38667,7.48529,10,10,5.42667
open_space,15.4,-13.1,3.21408,1,1,15.8,0,4.69111,10,0,8.8,6.6,5.8,4.3,4.3,6.5,10,10,9.3875,7.2,6.89778,4.69111,4.97778,7.925,10,10
open_space,3.4,-17.9,2.84292,1,0,5.2,0,1.8,4.47111,0.291667,3.2,1.9,1.8,2,6,10,7,3.4,3.29111,2.49556,1.84889,3.09556,7.7125,10,8.24444,4.47111
open_space,10.6,-14.9,0.0237177,1,1,16.9,0,10,4.8,0,9.1,10,10,10,6.7,4.8,4.8,6.9,9.40417,10,10,10,8.00588,5.34222,5.42222,8.95238
open_space,17.4,-8.8,0.829313,1,0,12.3,0,10,2.3,0.216667,3.4,8.6,10,10,10,3.2,2.3,2.3,6.44889,9.07931,10,10,10,5.12647,2.53333,2.61778
open_space,12.8,-4.7,3.86711,1,1,16.9,0,6.9,6,0,10,10,6.9,6.9,4.5,4.5,6,10,10,10,7.91395,7.3,5.22444,4.89778,7.5913,10
open_space,13.1,-17.7,4.18741,1,0,6.2,0,3.9,3.79556,0.263889,2,2.1,3.9,6.8,10,10,8.2,2.3,2.07111,2.64,6.17556,7.99143,10,10,8.83333,3.79556
open_space,15.9,-2.1,4.29453,1,0,13.8,0,2.96222,4.6,0.280556,10,4.2,3.8,2.1,1.9,2,4.6,10,10,5.99318,3.89778,2.96222,1.94444,2.78889,6.57857,10
open_space,3,-12.9,2.10861,1,0,8.9,0,3.3,7.22143,0.102778,2.9,2.8,3.3,6.8,7.9,10,10,5.6,3.71111,2.9,4.99556,7.04889,8.79412,10,10,7.22143
open_space,1.2,-16.2,1.50848,1,0,11,0,1,10,0.394444,1.5,1,1,1.3,3.5,4.7,10,10,3.11143,1.15333,1.08222,2.40222,3.80444,6.5069,10,10
open_space,0.3,-11.8,1.29021,1,0,10.1,0,0.1,10,0.494444,0.2,0.1,0.1,0.1,0.2,9,10,10,0.471429,0.104444,0.1,0.128889,5.53333,9.47,10,10
open_space,9.8,-12.3,3.18704,1,1,17,0,7.4,9.72632,0,9.6,7.4,7.4,9.9,9.9,10,10,9.6,9.76,8.16667,8.25366,9.93333,9.95,10,10,9.72632
open_space,1.8,-0.8,1.20761,1,1,2.2,0,1.6,0.88,0.630556,0.6,0.7,1.6,1.7,4.4,10,1.4,0.6,0.6,0.924444,1.63333,2.50222,6.225,10,3.31905,0.88
open_space,9.6,-9,1.77025,1,1,18.4,0,9.6,9.105,0,9,9.4,9.6,10,10,10,10,8.8,9.4,9.5625,9.78,10,10,10,10,9.105
open_space,9,-18,4.36168,1,1,6.7,0,4.9,2.49556,0.308333,1.7,1.9,4.9,10,10,9.4,4.1,1.8,1.74,2.71111,6.69091,10,10,9.6875,7.99111,2.49556
open_space,15.6,-6.7,3.97183,1,1,14.1,0,4.1,9.6,0,10,5.6,4.1,4.1,6.1,6.5,9.6,10,10,7.25217,4.52222,4.67333,6.82,7.41778,9.8,10
open_space,4.5,-1.5,1.79848,1,1,5.7,0,4.4,1.35111,0.358333,1.3,2.4,4.4,8.1,10,6,1.5,1.3,1.66444,3.92889,5.54,8.87143,10,7.36,2.60889,1.35111
open_space,10.4,-16.5,4.1642,1,1,9.9,0,6.1,5.68,0,3.2,3.3,6.1,9.6,10,10,10,3.8,3.33111,4.14444,8.89111,9.77778,10,10,10,5.68
open_space,10.6,-15.1,2.2965,1,0,14.6,0,4.6,10,0,10,7,4.6,4.6,6.1,9.1,10,10,10,8.28571,5.33333,5.00889,8.53023,9.36207,10,10
open_space,16,-12.6,3.06557,1,0,15.8,0,4.33111,10,0,10,7.1,5.8,3.7,3.7,4.9,10,10,10,8.055,7.15111,4.33111,4.00222,6.62143,10,10
open_space,4.5,-16,0.00767073,1,0,11.4,0,4.81778,3.7,0,10,10,6.1,4.3,4.3,3.7,3.7,5.3,10,10,7.67,4.81778,4.77778,4.14667,4.14222,7.04167
open_space,12.8,-17.3,4.84406,1,0,9.4,0,7,2.56,0.2,2.4,3.9,7,10,10,10,3.1,2.4,2.87111,6.22222,7.995,10,10,10,4.92105,2.56
open_space,14.6,-16.5,4.67755,1,0,8.3,0,5.1,3.66,0,3.2,4.4,5.1,7,10,10,4.8,3.2,3.51333,5.28444,5.60444,8.20588,10,10,6.6,3.66
open_space,6,-18.4,1.4745,1,0,12.1,0,1.52889,10,0.355556,9.3,5.8,2.1,1.3,1.3,1.7,10,10,9.625,6.88222,4.29778,1.52889,1.38889,3.39091,10,10
open_space,7.2,-2.6,5.97819,1,0,12.4,0,2.4,10,0.2,5.3,2.5,2.4,2.7,7,7.9,10,10,6.98462,3.35778,2.46667,4.09556,7.20667,8.78421,10,10
open_space,19.6,-13.2,0.890614,1,0,10.1,0,9.13,0.1,0.494444,0.1,10,10,8.5,0.6,0.1,0.1,0.1,0.366667,10,10,9.13,6.43333,0.186667,0.1,0.1
open_space,17.4,-18.4,2.10491,1,1,10.4,0,1.3,2.7,0.538889,10,2.6,1.3,1.3,1.5,2.3,2.7,9.1,10,4.61304,1.72222,1.33778,2.08667,2.37778,4.3,9.45
open_space,14.8,-11.1,0.936079,1,0,15,0,10,4.9,0,8.2,10,10,10,8.6,6.2,4.9,5,9.0125,10,10,10,8.96154,8.33111,5.20889,5.95111
open_space,1.5,-5,1.76848,1,1,6.1,0,1.3,5.04222,0.358333,1.6,1.3,1.3,2.3,10,10,5.8,4.8,2.72,1.35778,1.62222,4.26296,10,10,7.33704,5.04222
open_space,6.8,-6.3,1.87102,1,1,13,0,6.9,6.29556,0,6.4,6.6,6.9,10,10,10,7,6.1,7.59556,6.81556,8.03125,10,10,10,8.12083,6.29556
open_space,12.8,-15.3,0.280174,1,1,16.9,0,10,4.6,0,7.2,10,10,10,5.1,4.4,4.6,6.9,8.2129,10,10,10,6.78,4.54889,5.89556,7.14
open_space,19.3,-2,2.38786,1,1,11.8,0,1.43636,0.6,0.627778,2.6,10,10,0.5,0.4,0.4,0.6,1.8,4.62941,10,10,1.43636,0.433333,0.44,1.16444,2.03333
open_space,0.4,-11.7,2.9801,1,0,1.2,0,1,0.228889,0.483333,0.2,0.2,1,9.8,10,10,0.3,0.2,0.2,0.395556,7.32222,9.9,10,10,0.894118,0.228889
open_space,6,-16,4.1208,1,0,11.1,0,6.6,5.8,0,3.7,3.8,6.6,10,10,7.1,5.8,4.5,3.88222,4.63333,8,10,10,8.30476,6.09556,5.83778
open_space,2.5,-11.4,3.34496,1,0,10.8,0,8.5,2.40444,0.216667,2.3,4.1,8.5,10,10,10,2.8,2.3,2.9,7.28444,9.07391,10,10,10,4.63721,2.40444
open_space,14.9,-17.2,2.91563,1,1,12.5,0,2.5,10,0.180556,4.8,2.6,2.5,2.9,4.8,5.7,10,10,6.61176,3.25111,2.59778,4.21333,4.98889,7.24,10,10
open_space,6,-5,5.96802,1,1,14.8,0,4.8,10,0,10,5.1,4.8,5.4,5.8,6.5,10,10,10,6.65581,4.93111,6.43778,5.96444,7.8,10,10
open_space,14.3,-17.2,1.99929,1,0,12.7,0,2.56,5.9,0.177778,10,6.2,2.7,2.5,2.7,5.4,5.9,10,10,7.74,3.70667,2.56,3.92444,5.54444,7.42647,10
open_space,18.9,-1.2,2.91789,1,0,2.7,0,1.02889,1,0.655556,4.3,10,1.5,0.8,0.8,0.9,1,1.2,6.3,10,3.11852,1.02889,0.824444,1.09333,1.03111,1.94444
open_space,16.3,-8.5,5.76897,1,1,10.8,0,6.9,5.7325,0,3.4,3.5,6.9,8.6,10,10,10,3.9,3.51778,4.54,8.33778,9.17368,10,10,10,5.7325
open_space,7.3,-4,3.92268,1,0,17.1,0,7.14545,5.3,0,10,10,10,5.5,3.8,3.8,5.3,7.1,10,10,10,7.14545,4.28,4.23111,7.01333,7.91111
open_space,7.6,-9.1,5.25191,1,1,19.2,0,9.16905,8.6,0,10,10,9.2,8.9,7.7,7.4,8.6,10,10,10,9.56154,9.16905,8.55357,7.67556,9.20833,10
open_space,15.4,-12.8,0.0890452,1,0,14.3,0,10,4.66222,0,4.3,6.7,10,10,9.1,6.9,5.7,4.3,5.02667,8.00667,10,10,9.5,7.48,7.07556,4.66222
open_space,18.5,-16.3,5.68205,1,1,3.6,0,2.1,2.40222,0.372222,1.2,1.2,2.1,10,10,4.2,3.4,1.5,1.25556,1.48,3.92143,10,10,5.97714,3.57556,2.40222
open_space,14.7,-5.8,6.28171,1,0,10.6,0,5.6,5.63111,0,5,5.6,5.6,7.9,10,10,7.2,5,5.57556,6.26222,6.25111,8.83333,10,10,8.40667,5.63111
open_space,7.3,-1.4,2.68485,1,0,11.3,0,10,1.2,0.369444,2.7,7.5,10,10,3.8,1.3,1.2,1.3,6.00444,8.48519,10,10,5.925,2.01333,1.22667,1.68444
open_space,18,-0.4,0.663569,1,1,0.5,0,0.2,0.897778,0.647222,0.2,0.2,0.2,1.3,10,2.8,1.7,0.3,0.224444,0.2,0.437778,3.27143,10,4.81071,2.04222,0.897778
open_space,18.9,-18.7,3.91224,1,0,2.2,0,0.8,3.04737,0.655556,1,1,0.8,0.8,1.1,10,10,1.4,1.12444,1.08444,0.897778,0.877778,2.52619,10,10,3.04737
open_space,3.8,-6.5,3.73148,1,1,13.6,0,10,3.7,0,4.3,10,10,10,6.4,6.3,3.7,3.6,6.16667,10,10,10,7.675,6.55111,4.57333,3.76444
open_space,16.7,-11.4,4.40832,1,0,11.7,0,3,9.25625,0,6.6,3.2,3,3.4,9.9,10,10,8.7,8.30222,4.2,3.08222,5.14444,9.9,10,10,9.25625
open_space,0.8,-19,2.11755,1,0,1.8,0,0.7,2.75,0.683333,0.6,0.6,0.7,0.7,0.8,2.8,10,1.1,0.777778,0.615556,0.784444,0.72,1.30667,4.61,10,2.75
open_space,1.3,-5.9,1.54208,1,1,6.8,0,1.1,6.50889,0.383333,1.6,1.1,1.1,1.5,10,10,8.4,5.7,3.58667,1.24889,1.20667,3.11951,10,10,9.1,6.50889
open_space,13.5,-17.1,0.0735224,1,1,14,0,10,2.6,0.158333,6.2,9.5,10,10,3.5,2.6,2.6,4,7.18444,9.7,10,10,5.44118,2.83111,3.00444,5.78222
open_space,14.4,-14.7,0.734218,1,0,15.3,0,8.64167,5.3,0,7.1,10,10,7.6,5,5,5.3,5.3,8.35294,10,10,8.64167,5.77556,5.46444,6.04889,5.78667
open_space,9.9,-8.8,2.95809,1,1,19.9,0,10,8.6,0,9.7,10,10,10,9.8,8.8,8.6,9.9,9.78462,10,10,10,9.86667,9.27,8.94286,9.95
open_space,4.5,-14.1,5.6797,1,0,15.7,0,6.98667,5.6,0,9.8,10,10,5.3,4.3,4.4,5.6,5.7,9.8,10,10,6.98667,4.52889,5.32667,5.90222,6.96444
open_space,11.4,-13.2,1.67673,1,1,18.5,0,7.00444,8.3,0,10,10,8.5,6.5,6.5,8.3,8.3,10,10,10,9.13,7.00444,7.61818,8.7725,8.95862,10
open_space,18.9,-18.4,2.5259,1,1,11.3,0,1.28,1.3,0.638889,8.3,1.6,1.3,1,0.8,0.8,1.3,10,8.85,2.99111,1.36889,1.28,0.837778,0.973333,2.88065,10
open_space,13.8,-11.6,5.11867,1,1,14.5,0,6.4,8.31111,0,6.4,5.9,6.4,10,10,10,8.8,8.1,8.18444,6.05111,7.7129,10,10,10,9.3,8.31111
open_space,17.7,-16.5,3.11058,1,0,13,0,2.28,10,0.263889,4.7,3.2,3,2,2,2.7,10,10,6.54167,3.64889,3.34444,2.28,2.19778,4.67222,10,10
open_space,11.7,-13.4,0.794152,1,1,18,0,9.41667,8,0,10,10,10,9,6.3,6.3,8,8,10,10,10,9.41667,7.06,7.06,8.73023,8.61892
open_space,2.6,-2.6,0.216702,1,0,12.5,0,2.5,10,0.4,2.9,2.4,2.5,2.4,2.5,4.4,10,10,4.71628,2.50222,2.86222,2.50222,3.05556,6.26316,10,10
open_space,8.1,-2.9,1.32211,1,0,10.7,0,7.9,3.58444,0.133333,2.7,3.1,7.9,9.2,10,10,5.4,2.8,2.79333,4.98222,8.18667,9.5625,10,10,7.14667,3.58444
open_space,1,-16.3,0.0541542,1,1,6.2,0,0.871111,3.4,0.416667,10,10,1.1,0.8,0.8,1.2,3.4,5.1,10,10,2.43953,0.871111,0.906667,2.39556,3.89333,6.89565
open_space,1.4,-4.8,1.0487,1,1,6.6,0,1.2,7.04848,0.369444,4.6,1.4,1.2,1.2,2.4,10,10,5.4,4.76889,2.24889,1.23778,1.58444,4.37917,10,10,7.04848
open_space,15.6,-8.7,5.50046,1,0,11.7,0,5.8,7.5,0,4.1,4.1,5.8,8.5,10,10,10,5.9,4.60889,4.57778,8.09778,8.98485,10,10,10,7.5
open_space,11.4,-12,4.71953,1,0,16,0,8.3,8.4125,0,7.7,8.3,8.3,10,10,10,10,7.7,8.4025,8.83529,8.85714,10,10,10,10,8.4125
open_space,1.7,-10.9,3.58903,1,1,11.3,0,9.8,1.53333,0.333333,1.7,4.4,9.8,10,10,3.5,1.6,1.5,2.43111,8.33333,9.875,10,10,5.62941,2.16889,1.53333
open_space,12.8,-6.7,0.204982,1,0,13.5,0,6.6,7.24,0,7,6.5,6.6,10,10,10,8.3,6.9,8.09778,6.81556,7.81538,10,10,10,9.07692,7.24
open_space,16.5,-2.8,2.81262,1,0,10.4,0,4.6,2.6,0.158333,7.9,10,7.5,3.4,3.2,2.8,2.6,2.9,8.9,10,8.48571,4.6,3.28667,3.41778,2.66444,4.28444
open_space,3.6,-18,0.590562,1,0,12.1,0,3.47556,2,0.308333,10,6.2,3.5,3.1,1.7,1.7,2,8.6,10,7.77857,4.32222,3.47556,2.15111,1.77333,3.54,9
open_space,5,-15.1,2.49079,1,0,10.7,0,4.6,7.625,0,4.8,4.8,4.6,4.6,7.6,10,10,6.1,5.12444,5.58444,4.90889,5.53111,8.65455,10,10,7.625
open_space,6.3,-12.7,2.44279,1,1,15.1,0,7,8.90833,0,6.1,6.1,7,7,10,10,10,8.1,6.61778,7.12,7.59556,8.00952,10,10,10,8.90833
open_space,6.5,-16.3,5.01017,1,1,13.4,0,10,3.50667,0,3.6,7.2,10,10,7.2,6.3,3.9,3.4,4.66,8.38889,10,10,8.34783,6.5,5.48444,3.50667
open_space,16,-16,1.54223,1,0,10.6,0,4.22222,3.7,0,10,10,5.5,3.7,3.7,3.7,3.7,5.1,10,10,7.12381,4.22222,4.07556,4.21333,4.07556,6.87692
open_space,0.5,-19,3.14168,1,0,1,0,0.7,0.326667,0.702778,0.3,0.4,0.7,1,10,10,0.4,0.3,0.324444,0.604444,0.773333,2.37381,10,10,1.18605,0.326667
open_space,6.2,-15.5,2.57853,1,0,11.4,0,4.2,8.35238,0,6,5,4.2,4.3,7.8,10,10,7.2,6.26444,6.26444,4.38667,5.37778,8.7125,10,10,8.35238
open_space,8.4,-4.9,3.65915,1,1,18.2,0,9.7,5.4,0,9.4,10,10,9.7,4.9,4.7,5.4,8.2,9.66667,10,10,9.7,6.36222,4.85778,7.48667,8.48222
open_space,9.1,-4.3,4.03977,1,1,19,0,6.99259,6.6,0,10,10,10,5.3,4.1,4.1,6.6,9,10,10,10,6.99259,4.40889,4.86,8.72444,9.37273
open_space,7.6,-2.4,0.927154,1,1,6.4,0,3.6,4.665,0.236111,2.2,2.2,3.6,7.5,10,10,10,2.8,2.34,2.64889,6.35111,8.35143,10,10,10,4.665
open_space,2.4,-0.8,5.61808,1,0,10.6,0,0.6,3.5,0.586111,5.4,0.8,0.6,0.6,0.9,2.2,3.5,10,6.7,1.56,0.633333,0.702222,1.76,2.61556,5.51538,10
open_space,8.1,-5.6,5.5236,1,0,15.4,0,5.4,10,0,10,7.6,5.4,5.4,7.8,7.9,10,10,10,8.63571,6.00444,6.10222,8.43778,8.56757,10,10
open_space,14.9,-10.1,2.92849,1,1,19.1,0,6.19556,9.9,0,10,9.9,9.1,4.9,4.8,5.7,9.9,10,10,9.94,9.68529,6.19556,5.00222,7.24483,9.945,10
open_space,10.2,-13.2,2.77647,1,1,16.5,0,6.5,10,0,10,7,6.5,7.1,9.5,10,10,10,10,8.12857,6.67111,8.22308,9.68205,10,10,10
open_space,16.1,-3.7,4.95305,1,0,13.7,0,3.64222,10,0,4.2,3.6,3.7,3.5,3.6,6.7,10,10,6.02432,3.74444,4.27778,3.64222,4.55333,8.14167,10,10
open_space,8.4,-7,2.32327,1,0,16.8,0,10,6.8,0,8.2,8.2,10,10,10,10,6.8,6.8,8.92368,8.74737,10,10,10,10,7.78,7.48222
open_space,11.7,-11.4,0.585513,1,1,18,0,10,8.2,0,9.6,10,10,10,8.5,8.3,8.2,8,9.75,10,10,10,9.07727,8.68,8.92692,8.36889
open_space,2.1,-16.8,2.29638,1,0,5.4,0,2.5,4.82667,0.338889,1.9,1.9,2.5,2.9,3.9,10,10,2.9,2.19778,2.06667,3.02444,3.15333,5.75312,10,10,4.82667
open_space,13.5,-5.1,4.86946,1,0,16.1,0,5.19111,10,0,7.8,6.2,6.1,4.9,5,8.3,10,10,8.75625,6.58,6.86667,5.19111,5.98,8.98571,10,10
open_space,19,-8.4,0.601033,1,0,10.6,0,9.9,0.7,0.427778,0.8,3.6,9.9,10,10,1.2,0.7,0.7,1.45778,8.15333,9.9,10,10,2.75667,0.866667,0.726667
open_space,14.3,-1.7,0.117745,1,0,6.9,0,1.5,5.79778,0.333333,1.9,1.5,1.5,2.4,10,10,7,5.4,3.49778,1.60444,1.77333,4.26667,10,10,8.21579,5.79778
open_space,4.8,-17.5,3.47007,1,1,6.9,0,2.3,4.73111,0.233333,2.5,2.2,2.3,4.9,10,10,5.2,4.6,3.57778,2.25778,3.10222,6.71429,10,10,6.78889,4.73111
open_space,3.8,-16.1,3.34335,1,0,7.3,0,3.7,3.77333,0,3.7,3.6,3.7,6.5,10,10,4.4,3.6,4.29333,3.77333,4.53778,7.91538,10,10,6.16,3.77333
open_space,17.9,-0.9,5.52979,1,0,3.2,0,0.7,4.38889,0.611111,1.8,1,0.7,0.7,1,10,10,2.5,1.98889,1.52444,0.766667,0.786667,2.3975,10,10,4.38889
open_space,17.4,-9,6.04132,1,0,11.2,0,8.8,3.03778,0.216667,2.3,2.7,8.8,10,10,10,4.5,2.4,2.38222,4.37333,9.0907,10,10,10,6.53889,3.03778
open_space,15.5,-13,0.849302,1,0,14.2,0,9.43333,4.2,0,6.3,10,10,9,6.7,5.7,4.2,4.2,7.75882,10,10,9.43333,7.33111,6.92889,4.59556,4.83778
open_space,15.8,-4.5,2.90562,1,1,12.6,0,5.12667,4.3,0,10,10,7.6,4,3.9,4.4,4.3,5,10,10,8.5875,5.12667,4.04889,4.99111,4.46222,6.75294
open_space,5.3,-13.8,5.42133,1,1,15.9,0,8.88,5.9,0,7.8,10,10,8,5.1,5.1,5.9,5.9,8.72857,10,10,8.88,5.97778,5.51556,6.66444,6.38222
open_space,2.1,-17.4,1.31131,1,0,11.9,0,1.9,8.8,0.497222,3.9,2,1.9,2.2,2.3,2.7,8.8,10,5.88421,2.54222,1.95778,2.56,2.37556,4.23778,9.1,10
open_space,1.1,-15.6,5.33171,1,1,14.1,0,3.26,1.1,0.405556,5,10,10,1.6,0.9,0.9,1.1,4.1,6.75161,10,10,3.26,1.10667,0.942222,1.96667,4.31778
open_space,15.6,-3.3,2.55005,1,1,13.2,0,6.76875,3.1,0,5.5,10,10,5,4.1,3.8,3.1,3.2,7.3,10,10,6.76875,4.30667,4.44667,3.25111,3.88
open_space,9.6,-11.4,3.23227,1,0,17.7,0,8.3,9.56,0,9.4,8.3,8.3,10,10,10,10,9.4,9.675,8.77949,8.93667,10,10,10,10,9.56
open_space,13.8,-8,3.70074,1,0,16.1,0,6.1,9.2,0,10,10,6.1,5.9,7,7.8,9.2,10,10,10,7.41707,6.14,8.41111,8.11556,9.5875,10
open_space,10.9,-10.1,0.290341,1,1,18.8,0,10,9.09333,0,9.2,9.9,10,10,10,9.6,10,8.8,9.55385,9.94,10,10,10,9.73333,10,9.09333
open_space,18.4,-10.5,3.33167,1,1,11.6,0,1.36222,10,0.358333,10,7.3,1.6,1.3,1.3,2.3,10,10,10,9.3,2.84222,1.36222,1.61556,4.14444,10,10
open_space,6.9,-11.5,0.484143,1,1,17.1,0,6.90222,9.3,0,10,10,7.1,6.7,7.6,8.2,9.3,10,10,10,8.18387,6.90222,8.87436,8.44889,9.5875,10
open_space,7.5,-10.3,3.97536,1,0,17.3,0,10,7.3,0,9.4,9.4,10,10,10,10,7.3,7.3,9.5913,9.64211,10,10,10,10,8.03778,8.15366
open_space,10,-19.6,1.41687,1,0,10.1,0,0.1,0.4,0.494444,10,9.9,0.1,0.1,0.1,0.1,0.4,10,10,9.975,2.47778,0.1,0.1,0.157778,6.66,10
open_space,13.8,-0.8,0.191904,1,0,3.8,0,0.6,6.00222,0.441667,0.7,0.6,0.6,1,10,10,7.2,3.2,1.27111,0.624444,0.735556,2.40323,10,10,8.385,6.00222
open_space,17.2,-17.6,3.49171,1,0,8.5,0,2.2,7.8625,0.430556,2.3,2.1,2.2,2.5,2.7,5.9,10,6.3,3.44,2.15333,2.72889,2.56444,3.60889,7.42727,10,7.8625
open_space,0.4,-14.2,0.655983,1,1,10.2,0,0.2,6.9,0.483333,10,0.3,0.2,0.2,0.2,1.2,6.9,10,10,0.894444,0.226667,0.2,0.431111,5.39111,8.185,10
open_space,5.3,-8.2,1.92697,1,1,13.4,0,5.4,8.21778,0,5.6,5.1,5.4,10,10,10,8.9,8,7.55333,5.23556,6.9825,10,10,10,9.36667,8.21778
open_space,10.6,-14.3,4.68222,1,0,14.5,0,9.1,6.16889,0,5.4,7.4,9.1,10,10,10,8,5.4,5.95333,9.07105,9.36667,10,10,10,8.84,6.16889
open_space,5,-4,1.30143,1,0,8.8,0,4.8,5.14889,0,3.8,4.4,4.8,5.5,10,10,7.9,4,3.92444,5.25111,4.96444,7.14848,10,10,8.78571,5.14889
open_space,19.1,-8,0.703885,1,0,10.6,0,10,0.6,0.438889,0.8,6.8,10,10,10,0.9,0.6,0.6,1.68889,8.36591,10,10,10,2.32432,0.695556,0.64
open_space,12.4,-8.1,3.07845,1,0,20,0,8.18718,7.9,0,10,10,10,7.3,7.3,7.9,7.9,10,10,10,10,8.18718,7.93556,8.73514,8.47857,10
open_space,8,-1.1,2.10665,1,1,10,0,9.1,0.9,0.405556,1,3.5,9.1,10,10,1.8,0.9,0.9,1.66,7.52444,9.51111,10,10,3.516,1.18444,0.924444
open_space,1.8,-15.8,4.32837,1,0,11.7,0,10,1.6,0.319444,3.9,4.2,10,10,4.2,1.7,1.6,1.7,3.99778,5.98222,10,10,6.30714,2.44444,1.63556,2.44222
open_space,5.5,-9,0.977121,1,0,15.3,0,5.3,10,0,8.8,6.5,5.3,5.4,9.4,10,10,10,9.09487,8.52143,5.57333,6.63111,9.7,10,10,10
open_space,16.1,-12.9,1.81523,1,0,14.9,0,7.07556,3.7,0,10,10,8,6.8,4.2,3.6,3.7,6.9,10,10,8.8625,7.07556,6.04,3.74222,4.7,8.27273
open_space,16.5,-16.6,0.197987,1,0,13.2,0,10,3.2,0,3.3,5.7,10,10,3.8,3.1,3.2,3.2,4.02444,7.41875,10,10,5.65263,3.25333,3.71778,3.35556
open_space,12.5,-2.8,1.17056,1,0,9.4,0,6.6,4.07333,0.158333,2.6,2.8,6.6,10,10,7.9,7.1,2.8,2.66222,3.90222,8.04444,10,10,8.76667,7.37556,4.07333
open_space,16.1,-5.1,2.87312,1,0,13.1,0,4.87333,4.9,0,10,10,7.5,3.8,3.6,4.1,4.9,5.6,10,10,8.5,4.87333,3.72,5.15778,5.06444,7.20312
open_space,11.7,-11.8,1.30831,1,0,19.2,0,8.95217,8,0,10,10,10,8.2,7.9,8.3,8,9.2,10,10,10,8.95217,8.17333,9.16452,8.27556,9.5875
open_space,10,-19.3,2.6432,1,0,10.4,0,0.4,10,0.461111,1.4,0.5,0.4,0.4,0.8,10,10,10,6.58966,0.695556,0.4,0.522222,5.02955,10,10,10
open_space,15.3,-18.3,4.92401,1,0,5.9,0,4.5,1.46,0.347222,1.4,2.5,4.5,8.1,10,7,1.7,1.4,1.76889,4.04,5.58889,8.9875,10,8.225,2.91333,1.46
open_space,3.8,-2.6,3.54403,1,0,13.6,0,7.77778,2.6,0.197222,3.9,9.6,10,6.3,2.6,2.4,2.6,3.6,5.54222,9.8,10,7.77778,3.67111,2.46,3.42667,3.69333
open_space,11.9,-10.4,1.70399,1,0,20,0,9.47931,7.9,0,10,10,10,9.3,9.4,7.8,7.9,10,10,10,10,9.47931,9.6625,8.33556,8.6375,10
open_space,0.6,-8.5,5.16279,1,1,9.9,0,5.22222,0.4,0.461111,10,10,8.8,0.9,0.4,0.4,0.4,1.1,10,10,9.36,5.22222,0.557778,0.4,0.626667,2.77222
open_space,2,-11.6,4.78969,1,1,12.7,0,10,1.8,0.294444,8.1,10,10,10,2.4,1.8,1.8,2.7,8.75625,10,10,10,4.3,1.95778,2.08,5.74444
open_space,15.6,-1.5,2.32461,1,0,11.3,0,7.65789,1.3,0.358333,1.8,10,10,6.1,4.1,1.9,1.3,1.3,3.49,10,10,7.65789,4.68667,3.34222,1.48,1.42444
open_space,13.6,-4.1,6.08935,1,0,10.1,0,3.9,7.48049,0,6.1,4,3.9,4.7,10,10,10,6.2,6.38222,4.95111,4.07778,6.47941,10,10,10,7.48049
open_space,1.7,-12.3,5.27222,1,0,16.5,0,4.83478,1.8,0.333333,8.7,10,10,2.9,1.5,1.5,1.8,6.5,9.29091,10,10,4.83478,1.94889,1.55333,2.92667,7.66444
open_space,12.1,-2.6,0.425474,1,0,8.6,0,2.6,7.60889,0.2,2.6,2.4,2.6,6.7,10,10,8.2,6,3.56667,2.45778,3.79111,8.175,10,10,8.95,7.60889
open_space,17.5,-3.2,2.82327,1,1,8.4,0,3.12444,3,0.233333,9.5,10,5,2.3,2.2,2.5,3,3.4,9.75,10,6.87143,3.12444,2.25556,3.10667,3.08,5.02667
open_space,14.1,-11.8,1.95412,1,0,18.6,0,8.11111,6,0,10,10,8.6,7.9,6.1,5.6,6,10,10,10,9.24667,8.11111,7.90444,5.74889,7.46571,10
open_space,9,-1.7,0.514461,1,0,4.8,0,1.7,5.23333,0.333333,1.6,1.5,1.7,5.5,10,10,10,3.1,2.02667,1.54222,2.69111,8.76667,10,10,10,5.23333
open_space,9,-9.2,0.282442,1,1,19.4,0,9.10222,10,0,10,9,9.4,8.8,9.2,10,10,10,10,9.25,9.66364,9.10222,9.53077,10,10,10
open_space,5,-4,3.57723,1,1,14.8,0,9.5,4.2,0,5.3,10,10,9.3,4.1,3.8,4.2,4.8,6.87027,10,10,9.5,5.6,3.9,5.16222,4.92222
open_space,8.3,-16.2,2.90639,1,0,11.9,0,3.5,9.00455,0,6.8,3.6,3.5,4.1,10,10,10,8.4,8.16889,4.6,3.63111,5.97179,10,10,10,9.00455
open_space,2.4,-15,1.03085,1,1,12.2,0,2.2,9.1,0.236111,9.6,2.6,2.2,2.3,4.2,4.8,9.1,10,9.6,4.28889,2.28222,2.86222,4.78222,6.13778,9.55,10
open_space,14.6,-17.9,1.79407,1,0,11.6,0,1.87333,5.2,0.294444,10,8.6,2.1,1.8,1.8,3.3,5.2,9.5,10,9,3.67111,1.87333,2.30222,4.86222,6.54222,9.65
open_space,11.4,-4.2,4.02413,1,0,18.3,0,7.60667,6.3,0,10,10,8.3,5.2,4,4,6.3,10,10,10,8.75641,7.60667,4.32222,4.69111,7.79412,10
open_space,6,-2.7,2.79219,1,1,12.8,0,10,2.5,0.180556,5.8,6.4,10,10,6.1,2.7,2.5,2.8,5.95778,7.71,10,10,7.55,3.67556,2.56222,3.98
open_space,19,-16,5.20098,1,0,2.3,0,0.8,3.15556,0.430556,0.7,0.7,0.8,2.3,10,8.1,3.9,1.5,0.96,0.713333,1.18222,4.35,10,8.9,5.15111,3.15556
open_space,2.6,-13.2,5.56353,1,0,16.5,0,5.24286,3.6,0.2,9.8,10,10,3.2,2.4,2.4,3.6,6.5,9.9,10,10,5.24286,2.62,2.76444,5.74889,7.49778
open_space,4.3,-17.9,2.4753,1,0,7.1,0,1.8,6.93704,0.294444,4.1,2.3,1.8,1.8,2.9,10,10,5.3,4.39556,3.52,1.92667,2.13556,4.96207,10,10,6.93704
open_space,2.1,-16.5,1.76921,1,0,11.9,0,1.9,10,0.277778,2.3,1.9,1.9,3.2,3.3,5.7,10,10,4.08889,1.98889,2.38444,3.33556,4.02444,7.41875,10,10
open_space,4.1,-16.9,4.34994,1,1,10.8,0,7.8,3.87333,0.102778,2.8,3.1,7.8,10,9.8,4.2,3.9,3,2.86889,4.42,8.66,10,9.8,5.84,4.00222,3.87333
