env_type,robot_x,robot_y,robot_theta,has_expert_label,expert_confidence,ctrlnums,controlGraph,robot_positions,corridor_width,front_clearance,left_clearance,right_clearance,obstacle_density,sector_0_min,sector_1_min,sector_2_min,sector_3_min,sector_4_min,sector_5_min,sector_6_min,sector_7_min,sector_0_avg,sector_1_avg,sector_2_avg,sector_3_avg,sector_4_avg,sector_5_avg,sector_6_avg,sector_7_avg
open_space,0.9,-13.9,4.65273,0,0,3,,,8.4,0.9,0.7,7.7,0.427778,5.8,7.7,10,10,1,0.7,0.7,0.9,6.31556,8.72857,10,10,2.41622,0.8,0.753333,2.10222
open_space,5,-15.1,1.51857,0,0,3,,,14.8,7.3,6.2,4.8,0,7.3,4.8,4.8,4.6,4.6,6.2,10,10,8.40769,5.54222,5.23778,5.30667,5.02444,7.62857,10,10
open_space,6.9,-14.6,0.265466,0,0,3,,,15.3,10,5.1,7.8,0,10,10,7.8,6.7,5.9,5.1,5.3,10,10,10,8.73333,6.94667,7.21111,5.28889,6.78444,10
open_space,11.6,-5.7,1.16327,1,1,3,0|1|1；0|0|0；0|0|0,0|0；-0.5|0.5；-0.5|-0.5,14,5.5,8.1,5.9,0,5.5,5.9,10,10,10,8.9,8.1,6,5.64444,7.36111,10,10,10,9.41538,8.31556,7.89556
open_space,18.7,-11.7,5.94899,0,0,3,,,3.4,1,2.3,1.1,0.394444,1,1.1,2.9,10,10,8.5,2.3,1.1,1.01778,1.61778,4.92857,10,10,9.16667,6.4,1.43556
open_space,12,-8.1,3.17199,0,0,3,,,17.9,10,7.9,10,0,10,10,10,7.7,7.7,7.9,7.9,10,10,10,10,8.37805,8.44103,8.55,8.57568,10
open_space,1.1,-5.6,1.20656,0,0,3,,,11,2.2,10,0.9,0.405556,2.2,1,0.9,1,2.4,10,10,5.8,4.78,1.33111,0.913333,1.39556,4.30625,10,10,7.25
open_space,12.3,-9.5,3.82008,1,1,3,0|1|1；0|0|0；0|0|0,0|0；-0.5|0.5；-0.5|-0.5,20,10,9.3,7.5,0,10,10,7.5,7.4,9.4,9.3,10,10,10,10,8.32778,7.92889,9.65,9.48621,10,10
open_space,11.5,-3.9,4.31358,0,0,3,,,18.4,10,4,8.2,0,10,9,8.2,4,3.7,4,9.4,10,10,9.43333,8.41556,5.75556,3.79333,5.58,9.65,10
open_space,3.3,-4.5,5.70933,1,1,3,0|1|1；0|0|0；0|0|0,0|0；-0.5|0.5；-0.5|-0.5,10.9,10,3.2,4.3,0,10,5.2,4.3,3.7,3.1,3.2,5.7,10,10,6.82258,4.50222,4.55556,3.24,3.93333,7.4125,10
open_space,2.7,-4.9,0.866538,1,1,3,0|1|1；0|0|0；0|0|0,0|0；-0.5|0.5；-0.5|-0.5,13.3,4.7,10,2.5,0.177778,4.7,3.3,2.5,2.5,3.8,10,10,6.2,5.10889,4.53778,2.71556,2.90444,5.87407,10,10,7.6619
open_space,1.8,-13.4,1.07125,1,1,3,0|1|1；0|0|0；0|0|0,0|0；-0.5|0.5；-0.5|-0.5,11.8,5.9,6.6,1.6,0.322222,5.9,1.8,1.6,1.7,3.3,6.6,10,10,7.48571,2.88444,1.64889,2.15556,5.72889,7.76571,10,10
open_space,19.3,-10.7,3.72468,0,0,3,,,10.7,9.2,1.8,0.4,0.461111,9.2,0.7,0.4,0.4,0.5,1.8,10,10,9.54286,4.13333,0.495556,0.408889,0.78,3.56,10,10
open_space,14.3,-9.7,0.114418,0,0,3,,,15.7,5.4,7,8.7,0,5.4,8.7,9.6,10,10,10,7,5.4,6.40889,9.56562,9.76154,10,10,10,8.25263,5.80444
open_space,3,-0.5,3.16014,1,1,3,0|1|0；0|0|1；0|0|0,0|0；-0.5|0；-1|0,4.3,0.4,0.3,4,0.538889,2.8,4,10,10,0.4,0.3,0.3,0.4,3.14889,5.88929,10,10,1.15909,0.324444,0.326667,1.10444
open_space,4.8,-4.3,0.354016,1,1,3,0|1|1；0|0|0；0|0|0,0|0；-0.5|0.5；-0.5|-0.5,14.1,4.5,10,4.1,0,4.5,4.1,4.4,4.6,4.9,10,10,10,6.29024,4.20889,5.22,4.72444,6.5093,10,10,10
open_space,1.8,-8.3,6.18921,0,0,3,,,18.2,10,2.1,2.5,0.322222,10,8.2,2.5,1.6,1.6,2.1,10,10,10,8.83871,5.65556,1.88889,1.71778,3.87619,10,10
open_space,14.9,-17,1.48026,0,0,3,,,14.8,6.2,3.5,4.3,0.133333,10,10,4.3,2.7,2.7,3.5,4.8,6.2,10,10,6.23333,3.18667,2.90222,4.68667,5.16667,7.66818
open_space,10.3,-5.8,3.41293,0,0,3,,,15.8,10,5.6,10,0,10,10,10,9.4,6.5,5.6,5.8,10,10,10,10,9.57222,8.21562,5.79778,7.19756,10
open_space,19.3,-6.5,1.61064,1,1,3,0|1|0；0|0|1；0|0|0,0|0；-0.5|0；-1|0,9.7,0.6,0.4,9.3,0.461111,6.3,9.3,10,10,0.5,0.4,0.4,0.6,7.16889,9.62,10,10,1.52667,0.431111,0.442222,1.92
open_space,3.8,-6.4,0.502881,0,0,3,,,16.2,6.5,10,3.8,0,6.5,6.2,3.8,3.6,4.1,10,10,10,7.72571,6.39556,4.93111,3.71111,5.92927,10,10,10
open_space,12.9,-17.4,3.42523,0,0,3,,,12.3,2.6,10,2.3,0.216667,2.6,2.3,2.4,4.7,7.1,10,10,8.6,4.18889,2.37333,3.09778,6.61111,8.17187,10,10,9.23333
open_space,16.5,-14.6,3.88097,0,0,3,,,14.8,5.1,10,3.2,0,5.1,4.8,3.2,3.2,4.3,10,10,7.7,5.87111,5.34667,3.68,3.50222,6.23667,10,10,8.75
open_space,19.1,-17.1,2.27175,0,0,3,,,4.9,6.6,0.6,2.6,0.547222,10,4.1,2.6,0.9,0.6,0.6,0.8,6.6,10,6.068,3.05556,1.89556,0.695556,0.637778,1.66889,7.45
open_space,18.5,-3.3,6.00051,0,0,3,,,3.9,1.2,2.5,1.4,0.369444,1.2,1.4,3.1,3.5,10,10,2.5,1.3,1.22889,2.07778,3.19556,5.38864,10,10,4.60455,1.63778
open_space,14.7,-14.5,3.10577,0,0,3,,,15.2,7.8,6.8,5.2,0,7.8,5.2,5.2,5,5,6.8,10,10,8.67273,5.95778,5.71778,5.72667,5.49778,8.12778,10,10
open_space,11.1,-1.3,2.24018,0,0,3,,,10.2,1.1,1.1,9.1,0.383333,1.4,9.1,10,10,8.7,1.8,1.1,1.1,2.79778,9.1,10,10,9.17917,5.05111,1.31111,1.17111
open_space,5.8,-1.8,5.39756,0,0,3,,,9.8,10,5.6,1.6,0.319444,10,2.6,1.6,1.6,2.1,5.6,7.2,10,10,4.56,1.89556,1.71111,3.70222,6.00889,8.41667,10
open_space,2.7,-13.7,4.23436,1,1,3,0|1|1；0|0|0；0|0|0,0|0；-0.5|0.5；-0.5|-0.5,8.8,2.6,2.5,6.3,0.177778,5.4,6.3,10,10,8.6,2.8,2.5,2.6,6.09333,7.575,10,10,9.2,4.37778,2.57333,3.45111
open_space,6.2,-0.5,4.56818,1,1,3,0|1|0；0|0|1；0|0|0,0|0；-0.5|0；-1|0,11.8,7.5,0.4,0.5,0.472222,10,10,0.5,0.3,0.3,0.4,1.8,7.5,10,10,1.44,0.348889,0.306667,0.651111,5.92667,8.53529
open_space,1,-19.3,3.6551,0,0,3,,,1.2,0.4,0.8,0.4,0.688889,0.4,0.4,0.5,1.4,10,1.6,0.8,0.8,0.524444,0.4,0.691111,2.98571,10,3.52,1.07333,0.813333
open_space,8.4,-10.9,3.32489,1,1,3,0|1|1；0|0|0；0|0|0,0|0；-0.5|0.5；-0.5|-0.5,18.8,8.2,10,8.8,0,8.3,8.8,8.9,10,10,10,10,8.2,8.964,9.10256,9.37895,10,10,10,10,8.64
open_space,6.9,-4.9,4.67174,1,1,3,0|1|1；0|0|0；0|0|0,0|0；-0.5|0.5；-0.5|-0.5,16.7,9.1,6.4,7,0,10,10,7,4.7,4.7,6.4,6.7,9.1,10,10,8.21429,5.39333,5.15778,7.17556,7.35333,9.48333
open_space,2.1,-16.4,0.037448,0,0,3,,,13.3,4.8,2.8,2.6,0.280556,10,10,2.6,1.9,1.9,2.8,3.3,4.8,10,10,4.55556,2.09778,2.14889,3.37333,3.74667,6.60833
open_space,16.4,-15.1,3.13893,1,1,3,0|1|1；0|0|0；0|0|0,0|0；-0.5|0.5；-0.5|-0.5,14.6,6.6,4.6,4.6,0,6.6,4.6,4.6,3.3,3.3,4.6,10,10,7.95882,5.18222,4.95333,3.71556,3.67778,6.54074,10,10
open_space,18.7,-0.6,3.67586,0,0,3,,,2.5,1.5,0.4,1,0.677778,10,2,1,0.8,0.4,0.4,0.5,1.5,10,3.952,1.32222,0.98,0.513333,0.402222,0.717778,3.23077
open_space,6.5,-15.4,2.84374,1,1,3,0|1|1；0|0|0；0|0|0,0|0；-0.5|0.5；-0.5|-0.5,14.5,6.3,10,4.3,0,6.3,4.5,4.3,4.9,10,10,10,6.6,6.48889,5.84,4.42889,6.54054,10,10,10,7.86471
open_space,5,-17.7,1.80062,0,0,3,,,14.8,5.7,3.7,2.4,0.263889,5.7,4.8,2.4,2,2.1,3.7,10,10,7.24483,5.00222,3.66667,2.07778,2.57556,5.75714,10,10
open_space,13.8,-1.2,1.64717,0,0,3,,,2.8,1,1.3,1.5,0.394444,1,1.5,10,10,7.9,5.9,1.3,1,1.15333,3.25833,10,10,8.8,6.42444,2.84,1.08222
open_space,17.5,-2.2,3.71866,0,0,3,,,6.5,9.5,2,2.3,0.5,10,4.1,2.3,2.2,2.1,2,2.4,9.5,10,6.05,2.82222,2.28889,2.45556,2.08222,4.06667,9.5
open_space,16.7,-11.7,1.02932,0,0,3,,,13,3.1,3,10,0,5.8,10,10,9.4,8,3.5,3,3.1,7.35,10,10,9.7,8.32222,5.59111,3.12,3.90889
open_space,1.6,-19.5,0.0323424,1,1,3,0|1|0；0|0|1；0|0|0,0|0；-0.5|0；-1|0,10.2,0.3,0.2,1.9,0.666667,10,10,1.9,1.4,0.3,0.2,0.2,0.3,10,10,3.80256,1.54444,0.591111,0.204444,0.211111,0.888372
open_space,12.5,-18.1,5.10381,1,1,3,0|1|1；0|0|0；0|0|0,0|0；-0.5|0.5；-0.5|-0.5,5.8,1.6,1.7,4.1,0.322222,1.7,4.1,7.8,10,10,4.3,1.7,1.6,2.41111,6.84889,8.65909,10,10,6.26154,2.47111,1.63778
open_space,1,-10.4,2.98644,1,1,3,0|1|1；0|0|0；0|0|0,0|0；1|0；2|0,2.4,0.8,1.4,1,0.416667,0.8,1,4.9,10,10,10,1.4,0.8,0.837778,1.80667,9.04687,10,10,10,2.92581,0.973333
open_space,17.4,-19,0.828949,0,0,3,,,11,2.3,0.7,10,0.572222,3.4,10,10,0.9,0.7,0.7,1,2.3,5.37667,10,10,2.22791,0.762222,0.786667,1.81111,2.61778
open_space,6.8,-8.2,2.1258,1,1,3,0|1|1；0|0|0；0|0|0,0|0；-0.5|0.5；-0.5|-0.5,14.9,6.8,8.3,6.6,0,6.8,6.6,7.8,10,10,10,8.3,8,8.18537,6.86667,8.71667,10,10,10,8.97083,8.31778
open_space,12.2,-19.4,2.97152,1,1,3,0|1|0；0|0|1；0|0|0,0|0；-0.5|0；-1|0,10.3,0.5,9.2,0.3,0.472222,0.5,0.3,0.3,0.4,1.5,9.2,10,10,1.34848,0.357778,0.302222,0.615556,7.04889,9.55714,10,10
open_space,2.8,-11.9,5.76518,1,1,3,0|1|1；0|0|0；0|0|0,0|0；-0.5|0.5；-0.5|-0.5,15.2,8.1,2.7,10,0.158333,10,10,10,3,2.6,2.7,5.2,8.1,10,10,10,4.88444,2.69333,3.44889,7.50889,8.82917
open_space,7.4,-10.4,4.4243,0,0,3,,,17.2,8.2,7.2,10,0,9.3,10,10,10,10,7.5,7.2,8.2,9.48974,10,10,10,10,8.47037,7.42,9.15714
open_space,5.1,-19.1,2.21605,1,1,3,0|1|1；0|0|0；0|0|0,0|0；-0.5|0.5；-0.5|-0.5,11,5,4,0.6,0.441667,5,1,0.6,0.6,0.7,4,10,8.3,5.98222,2.9,0.717778,0.628889,1.38667,5.6,10,9
open_space,0.5,-7.3,1.79072,1,1,3,0|1|0；0|0|1；0|0|0,0|0；-0.5|0；-1|0,8.8,0.3,8.5,0.3,0.472222,0.3,0.3,0.3,0.5,10,10,8.5,1.3,0.575556,0.3,0.366667,1.37419,10,10,9.14167,6.39333
open_space,18.9,-13.1,5.65563,0,0,3,,,6.2,0.8,5.4,0.8,0.416667,0.8,0.8,1.3,10,10,8.2,5.4,1,0.842222,0.964444,2.92187,10,10,9.04615,6.96,1.86889
open_space,7,-18.1,5.99262,1,1,3,0|1|1；0|0|0；0|0|0,0|0；-0.5|0.5；-0.5|-0.5,11.6,1.8,1.6,10,0.322222,5.5,10,10,7.1,3.4,1.7,1.6,1.8,7.075,10,10,8.19667,6.16,2.20222,1.64444,2.78444
open_space,12.4,-2.9,4.10686,0,0,3,,,13.7,10,2.7,7.3,0.133333,10,9,7.3,3.3,2.7,2.7,4.7,10,10,9.425,7.70444,5.38222,2.84,3.34889,6.62,10
open_space,8.5,-1.1,4.6212,1,1,3,0|1|1；0|0|0；0|0|0,0|0；-0.5|0.5；-0.5|-0.5,18.3,10,1.2,1.4,0.405556,10,10,1.4,0.9,0.9,1.2,8.3,10,10,10,2.97941,1.05556,0.96,2.48222,8.7675,10
open_space,12.2,-9.3,2.22792,1,1,3,0|1|1；0|0|0；0|0|0,0|0；-0.5|0.5；-0.5|-0.5,19.2,9.1,7.5,10,0,10,10,10,10,7.6,7.5,9.2,9.1,10,10,10,10,8.43824,7.98444,9.56818,9.33636
open_space,6.9,-19.3,6.12349,0,0,3,,,10.4,0.5,0.4,10,0.461111,2.3,10,10,6.8,0.7,0.4,0.4,0.5,4.45,10,10,7.91538,3.04444,0.477778,0.413333,0.855556
open_space,16.2,-16.8,2.89027,1,1,3,0|1|1；0|0|0；0|0|0,0|0；-0.5|0.5；-0.5|-0.5,13,5.8,4.1,2.9,0.0611111,5.8,3,2.9,3.4,3.5,4.1,10,10,7.54286,3.85556,3,3.91111,3.62222,5.9275,10,10
open_space,9.9,-14.1,6.24061,0,0,3,,,15.6,7.6,5.6,10,0,9.8,10,10,9.7,8.4,5.6,5.6,7.6,9.8625,10,10,9.83333,9.57692,6.44,6.14222,9.14167
open_space,15.4,-18.9,0.303712,0,0,3,,,10,1.7,0.8,9.2,0.416667,4.5,9.2,10,2.7,0.9,0.8,0.8,1.7,5.92667,9.53333,10,4.90769,1.38,0.817778,1.08667,3.61778
open_space,17.9,-5.8,1.56187,1,1,3,0|1|1；0|0|0；0|0|0,0|0；-0.5|0.5；-0.5|-0.5,9.6,2.5,1.8,7.8,0.294444,5.6,7.8,10,10,2.6,1.8,1.8,2.5,6.22667,8.75,10,10,4.55588,2.02667,1.99556,4.37333
open_space,17.2,-2.4,4.47693,0,0,3,,,11.9,4.9,2.6,2.5,0.411111,4.9,2.6,2.5,2.3,2.2,2.6,9.3,10,6.77059,3.28,2.59333,2.74444,2.28,4.23333,9.65,10
open_space,13.3,-18.5,4.10151,0,0,3,,,8.6,1.2,7.4,1.2,0.369444,1.2,1.2,2.1,6.5,10,10,7.4,1.5,1.26222,1.47333,4.71556,7.65854,10,10,8.4,2.72889
open_space,11.3,-1.2,1.11268,1,1,3,0|1|1；0|0|0；0|0|0,0|0；-0.5|0.5；-0.5|-0.5,4.3,1,3.2,1.1,0.394444,1,1.1,2.2,10,10,9.4,3.2,1.1,1.02,1.4,4.09048,10,10,9.7,7.66222,1.67333
open_space,4.7,-5.6,2.27404,1,1,3,0|1|1；0|0|0；0|0|0,0|0；-0.5|0.5；-0.5|-0.5,9.9,4.5,5.4,4.5,0,4.5,4.5,5.9,10,10,8.5,5.4,5.4,5.28889,4.86,7.49167,10,10,9.11429,6.34889,5.83556
open_space,16.6,-12,2.25619,1,1,3,0|1|1；0|0|0；0|0|0,0|0；-0.5|0.5；-0.5|-0.5,14,10,3.1,7.8,0,10,10,7.8,5,3.1,3.1,4,10,10,10,8.54706,7.25111,3.68667,3.32222,5.83636,10
open_space,17.9,-4.9,6.04752,0,0,3,,,5.6,1.8,3.5,2.1,0.294444,1.8,2.1,4.7,5.5,10,10,3.5,1.9,1.86,3.29333,4.88,7.10323,10,10,5.54762,2.35778
open_space,18.9,-8.9,4.26666,0,0,3,,,10.9,2.4,9.2,0.8,0.416667,2.4,0.9,0.8,0.8,1.8,9.2,10,10,4.54667,1.30667,0.813333,1.12889,6.31333,9.57273,10,10
open_space,13.7,-1.6,4.49227,0,0,3,,,12.4,10,1.6,2.6,0.344444,10,6.2,2.6,1.4,1.4,1.6,6.2,10,10,7.44,5.10667,1.80889,1.45111,2.76222,7.52,10
open_space,8.5,-6,2.54529,0,0,3,,,14.2,5.9,5.8,8.4,0,8.3,8.4,10,10,10,7.1,5.8,5.9,8.73333,9.0625,10,10,10,8.265,6.10444,7.24667
open_space,2.2,-17.7,3.15248,0,0,3,,,4.8,2,2.8,2,0.516667,2,2,2,2.8,10,10,2.8,2,2.23556,2.23111,2.23556,4.87059,10,10,4.82059,2.23111
open_space,10.8,-8.2,1.01108,1,1,3,0|1|1；0|0|0；0|0|0,0|0；-0.5|0.5；-0.5|-0.5,17.1,8,8.9,8.2,0,8,8.2,10,10,10,10,8.9,9.1,8.35111,8.912,10,10,10,10,9.1675,9.57
open_space,17.6,-5.4,1.76265,1,1,3,0|1|1；0|0|0；0|0|0,0|0；-0.5|0.5；-0.5|-0.5,11.4,3.7,2.1,9.3,0.252778,5.3,9.3,10,10,2.6,2.1,2.1,3.7,6.50889,9.65,10,10,4.46591,2.20222,2.62444,5.06
open_space,6,-16.6,0.0592653,0,0,3,,,13.1,4.6,3.1,7.9,0,10,10,7.9,5.8,4.2,3.1,3.1,4.6,10,10,8.80769,6.36,5.65333,3.39778,3.56,6.4625
open_space,13.8,-3.4,3.6634,1,1,3,0|1|1；0|0|0；0|0|0,0|0；-0.5|0.5；-0.5|-0.5,13.7,10,3.2,6.1,0,10,10,6.1,5.9,3.3,3.2,3.7,10,10,10,7.49744,6.10222,4.31556,3.30444,5.5119,10
open_space,15.6,-8.1,1.96332,0,0,3,,,14.4,7.9,4.1,10,0,8.5,10,10,10,4.5,4.1,4.4,7.9,9.16875,10,10,10,6.1814,4.20444,6.14444,8.10889
open_space,12.5,-7.4,2.20484,0,0,3,,,17.3,7.2,7.2,10,0,8.9,10,10,10,7.3,7.2,7.3,7.2,9.44444,10,10,10,8.24857,7.61333,8.49318,7.61333
open_space,4.5,-18,5.20243,1,1,3,0|1|1；0|0|0；0|0|0,0|0；-0.5|0.5；-0.5|-0.5,7.5,1.7,1.8,5.7,0.308333,1.9,5.7,10,9.4,4.5,3.7,1.8,1.7,2.94,7.375,10,9.55,5.98667,4.33778,2.35333,1.74667
open_space,4.7,-18.3,4.7126,0,0,3,,,4,1.4,2,2,0.347222,1.4,2,10,10,6.5,4.5,2,1.4,1.55556,3.82895,10,10,7.86111,5.05778,3.53111,1.56889
open_space,14.1,-14.5,5.3793,0,0,3,,,10.8,5.2,5.2,5.6,0,5.7,5.6,7.1,10,10,8.6,5.2,5.2,6.48,5.97333,8.33684,10,10,9.25714,6.26444,5.54889
open_space,1,-10.3,1.9015,1,1,3,0|1|1；0|0|0；0|0|0,0|0；-0.5|0.5；-0.5|-0.5,10.8,0.9,10,0.8,0.416667,0.9,0.8,0.8,1.8,9.9,10,10,2.5,1.32889,0.813333,1.11556,6.59333,9.95,10,10,4.44286
open_space,5.3,-7.2,3.49524,0,0,3,,,15.7,5.1,5.7,10,0,5.4,10,10,10,7.8,7,5.7,5.1,6.97,10,10,10,8.70952,7.18889,7.20889,5.23778
open_space,5.5,-8.8,2.10785,0,0,3,,,14.2,5.5,8.9,5.3,0,5.5,5.3,6.2,10,10,10,8.9,8.6,7.04222,5.49111,7.60714,10,10,10,9.40588,8.91778
open_space,7.9,-15.3,5.7391,1,1,3,0|1|1；0|0|0；0|0|0,0|0；-0.5|0.5；-0.5|-0.5,14.4,4.5,4.4,10,0,8.5,10,10,9.1,7.7,5.2,4.4,4.5,9.16667,10,10,9.4875,8.01333,7.17111,4.57778,5.72444
open_space,13.3,-5.1,4.79775,0,0,3,,,16.4,8.5,7.6,6.4,0,8.5,6.4,6.4,4.9,4.9,7.6,10,10,9.17,6.94667,7.01778,5.32,5.71333,8.66667,10,10
open_space,14.4,-9.4,4.77588,1,1,3,0|1|1；0|0|0；0|0|0,0|0；-0.5|0.5；-0.5|-0.5,15.3,7.2,10,5.3,0,7.2,5.3,5.3,8,9.2,10,10,10,8.30625,5.8,6.11111,9.28378,9.52857,10,10,10
open_space,15.5,-0.7,3.61567,1,1,3,0|1|1；0|0|0；0|0|0,0|0；-0.5|0.5；-0.5|-0.5,10.1,1.5,0.5,4.4,0.45,10,9.5,4.4,1.1,0.5,0.5,0.6,1.5,10,9.65,5.93333,3.18889,0.684444,0.502222,0.822222,3.36875
open_space,5.7,-8.4,1.00845,0,0,3,,,16.6,8.2,10,5.5,0,8.2,6.6,5.5,5.6,10,10,10,9.8,8.56667,8.39111,5.74444,7.06,10,10,10,9.9
open_space,11.1,-19.1,4.48788,1,1,3,0|1|1；0|0|0；0|0|0,0|0；1|0；2|0,1.8,0.6,1.1,0.7,0.438889,0.6,0.7,2.5,10,10,10,1.1,0.6,0.617778,1.14222,7.99333,10,10,10,2.50714,0.766667
open_space,8.4,-9.9,2.32411,1,1,3,0|1|1；0|0|0；0|0|0,0|0；-0.5|0.5；-0.5|-0.5,17.9,8.2,9.7,8.2,0,8.2,8.2,9.8,9.8,10,10,9.7,9.7,8.80909,8.75,9.9,9.86667,10,10,9.83077,9.80556
open_space,12.4,-9.6,4.18435,1,1,3,0|1|1；0|0|0；0|0|0,0|0；-0.5|0.5；-0.5|-0.5,18.5,10,9.7,7.3,0,10,8.5,7.3,7.5,9.4,9.7,10,10,10,9.18462,7.57778,8.46897,9.56286,9.87143,10,10
open_space,6.1,-10.3,1.17842,1,1,3,0|1|1；0|0|0；0|0|0,0|0；-0.5|0.5；-0.5|-0.5,16.4,10,10,5.9,0,10,6.4,5.9,6.4,9.4,10,10,10,10,7.73226,6.05778,7.70625,9.61905,10,10,10
open_space,0.4,-8.4,3.57827,0,0,3,,,0.7,0.2,0.2,0.5,0.486111,0.2,0.5,10,10,8.8,0.4,0.2,0.2,0.288889,1.61,10,10,9.33333,4.64667,0.264444,0.2
open_space,4,-13.5,0.0235359,0,0,3,,,16.2,9,5.5,5.3,0,10,10,5.3,3.8,3.8,5.5,6.2,9,10,10,7.06667,4.22889,4.28444,6.44,7.00222,9.41667
open_space,16.6,-16.2,3.09004,1,1,3,0|1|1；0|0|0；0|0|0,0|0；-0.5|0.5；-0.5|-0.5,13.5,5.3,4.2,3.5,0,5.3,3.5,3.5,3.1,3.1,4.2,10,10,7,4.04444,3.82222,3.57778,3.38,6.11613,10,10
open_space,3.7,-15.7,5.77991,1,1,3,0|1|1；0|0|0；0|0|0,0|0；-0.5|0.5；-0.5|-0.5,14,4.2,3.6,10,0,8.2,10,10,4,3.5,3.6,4,4.2,8.98333,10,10,5.815,3.62,4.41333,4.13333,5.40222
open_space,17.4,-15.2,4.61119,1,1,3,0|1|1；0|0|0；0|0|0,0|0；-0.5|0.5；-0.5|-0.5,9.5,3.7,7.2,2.3,0.216667,3.7,2.3,2.3,3,10,10,7.2,4.5,4.54222,2.72889,2.46444,4.84737,10,10,8.38333,5.35333
open_space,6.8,-2.6,2.26906,1,1,3,0|1|1；0|0|0；0|0|0,0|0；-0.5|0.5；-0.5|-0.5,9,2.4,2.4,6.6,0.197222,3.1,6.6,8.6,10,10,3.8,2.4,2.4,5.16444,7.11778,9.27,10,10,5.8,2.82889,2.58667
open_space,13.7,-13.9,2.16527,0,0,3,,,17.2,10,6,5.9,0,10,10,5.9,5.8,6.1,6,7.2,10,10,10,7.22093,6.07778,7.10222,6.28444,8.375,10
open_space,16.2,-14.2,0.523263,0,0,3,,,13.6,3.5,3.6,10,0,4,10,10,10,5.7,5.5,3.6,3.5,5.835,10,10,10,7.1122,5.68889,4.68667,3.62
open_space,19.5,-8.7,0.522611,0,0,3,,,0.8,0.2,0.2,0.6,0.483333,0.2,0.6,9.8,10,10,0.4,0.2,0.2,0.322222,6.56222,9.9,10,10,1.26207,0.244444,0.2
open_space,6.7,-15.4,2.45671,1,1,3,0|1|1；0|0|0；0|0|0,0|0；-0.5|0.5；-0.5|-0.5,15.6,6.5,10,4.3,0,6.5,5.6,4.3,4.3,6.8,10,10,8.5,7.02222,6.79778,4.64222,5.05778,8.15333,10,10,9.17
open_space,11.4,-11.8,5.64581,0,0,3,,,16.3,8,7.9,8.4,0,8.3,8.4,10,10,10,9.9,7.9,8,8.73333,8.97692,10,10,10,9.9,8.40889,8.71667
open_space,16.1,-17.2,1.799,0,0,3,,,13.7,6.8,3.6,3,0.180556,10,10,3,2.5,2.6,3.6,3.7,6.8,10,10,4.80698,2.60222,3.20444,3.75333,4.63778,8.18333
open_space,18.7,-8,2.58452,0,0,3,,,11.8,8,1,4.6,0.391667,10,10,4.6,1.2,1,1,1.8,8,10,10,6.4,1.99333,1.03556,1.27556,5.32444,8.8
open_space,4.5,-5.3,0.635684,1,1,3,0|1|1；0|0|0；0|0|0,0|0；-0.5|0.5；-0.5|-0.5,15.1,5.2,10,4.4,0,5.2,5.1,4.4,4.3,5.3,10,10,8.8,6.26667,5.39111,5.23778,4.54444,7.02069,10,10,9.36667
open_space,11.6,-14,1.76444,0,0,3,,,18.3,10,8.1,6.9,0,10,10,6.9,5.7,5.8,8.1,8.3,10,10,10,8.15238,5.99111,7.14222,8.51111,8.95,10
open_space,18,-0.5,3.4295,0,0,3,,,6.5,0.6,0.3,1.9,0.638889,10,6.2,1.9,1,0.3,0.3,0.3,0.6,10,7.5,3.06222,1.67111,0.506667,0.3,0.384444,1.76429
open_space,17.5,-5.8,3.70476,1,1,3,0|1|1；0|0|0；0|0|0,0|0；-0.5|0.5；-0.5|-0.5,10.8,10,5.6,2.3,0.233333,10,4.2,2.3,2.2,2.6,5.6,6.6,10,10,6.1,2.85333,2.28444,4.06667,5.82889,7.976,10
open_space,9.7,-19.4,2.00586,0,0,3,,,10.7,10,0.8,0.3,0.472222,10,0.7,0.3,0.3,0.3,0.8,10,10,10,5.57045,0.415556,0.3,0.448889,4.15,10,10
open_space,13.8,-2.4,4.92274,1,1,3,0|1|1；0|0|0；0|0|0,0|0；-0.5|0.5；-0.5|-0.5,15.9,7.1,4,2.6,0.236111,7.1,5.9,2.6,2.2,2.2,4,10,10,8.31429,6.18,4.24,2.29778,2.78222,5.99524,10,10
open_space,1.8,-19.6,5.82626,1,1,3,0|1|0；0|0|1；0|0|0,0|0；-0.5|0；-1|0,10.1,0.1,0.1,5.1,0.658333,0.2,10,5.1,1.8,0.2,0.1,0.1,0.1,0.457692,10,6.75556,2.69333,1.20889,0.126667,0.1,0.106667
open_space,16.8,-18.6,0.664971,0,0,3,,,11.4,2.9,1.1,10,0.438889,3.7,10,10,1.8,1.1,1.1,1.4,2.9,5.61667,10,10,3.69062,1.31333,1.16667,2.24444,3.08889
open_space,13.7,-9.6,4.77649,1,1,3,0|1|1；0|0|0；0|0|0,0|0；-0.5|0.5；-0.5|-0.5,16,8.1,10,6,0,8.1,6,6,9.1,9.4,10,10,10,8.975,6.56444,6.92,9.55862,9.65556,10,10,10
open_space,6.4,-12.3,5.96173,0,0,3,,,17.4,8.3,6.9,10,0,10,10,10,6.6,6.2,6.9,7.4,8.3,10,10,10,7.82121,6.37778,8.26,7.61111,9.04706
open_space,2.1,-11.2,0.352101,0,0,3,,,14.8,10,4.5,2.1,0.280556,10,5.7,2.1,1.9,2,4.5,9.1,10,10,7.33333,3.10222,1.94889,2.74,7.87333,9.48462,10
open_space,9.4,-5.1,2.68126,0,0,3,,,14.6,5.2,4.9,9.7,0,9.2,9.7,10,10,10,5.5,4.9,5.2,9.42381,9.86667,10,10,10,7.08824,5.04444,6.73256
open_space,9.6,-18,0.0240617,1,1,3,0|1|1；0|0|0；0|0|0,0|0；-0.5|0.5；-0.5|-0.5,11.7,2.4,1.7,10,0.305556,10,10,10,9.4,2.4,1.7,1.7,2.4,10,10,10,9.60909,5.26444,1.88667,1.91111,4.43714
open_space,15,-7.2,0.511281,0,0,3,,,11.9,4.7,4.9,7,0,5.4,7,8,10,10,9.9,4.9,4.7,7.00444,7.23111,8.86471,10,10,9.9,6.41111,4.85111
open_space,3.4,-15.3,2.70142,1,1,3,0|1|1；0|0|0；0|0|0,0|0；-0.5|0.5；-0.5|-0.5,13.2,3.2,9.8,3.4,0,3.2,3.4,4.4,4.7,10,10,9.8,3.6,3.28667,4.33333,4.52,6.33333,10,10,9.8,5.3
open_space,9.7,-9.6,2.64385,1,1,3,0|1|1；0|0|0；0|0|0,0|0；-0.5|0.5；-0.5|-0.5,19.3,9.5,9.4,9.9,0,9.5,9.9,10,10,10,10,9.4,9.8,9.65429,9.96667,10,10,10,10,9.57838,9.92
open_space,16.2,-2.1,3.8437,1,1,3,0|1|1；0|0|0；0|0|0,0|0；-0.5|0.5；-0.5|-0.5,8,10,1.9,3.5,0.280556,10,5.5,3.5,3,1.9,1.9,2.5,10,10,7.275,4.11778,3.56222,2.23333,2.04444,4.4275,10
open_space,1.6,-10.8,1.90166,1,1,3,0|1|1；0|0|0；0|0|0,0|0；-0.5|0.5；-0.5|-0.5,11.4,1.6,10,1.4,0.347222,1.6,1.4,1.5,3.1,9.4,10,10,4.4,2.34444,1.43333,1.96667,7.40222,9.67778,10,10,6.48182
open_space,2.9,-2.1,1.41446,0,0,3,,,5.6,1.9,3.3,2.3,0.413889,1.9,2.3,2.7,3.3,10,10,3.3,1.9,2,2.84667,2.84667,5.24103,10,10,5.324,2.34
open_space,6.7,-8.2,2.3912,1,1,3,0|1|1；0|0|0；0|0|0,0|0；-0.5|0.5；-0.5|-0.5,14.5,6.5,8,6.5,0,6.5,6.5,9.5,10,10,10,8,8,7.2,7.38,9.7,10,10,10,8.61026,8.77143
open_space,16.3,-2.8,3.1271,0,0,3,,,12.6,3.6,2.6,4.9,0.158333,10,10,4.9,3.4,3.4,2.6,2.6,3.6,10,10,6.7375,3.84889,3.70444,2.94222,2.87556,5.64375
open_space,6.5,-5.4,4.47363,1,1,3,0|1|1；0|0|0；0|0|0,0|0；-0.5|0.5；-0.5|-0.5,16.3,7.4,6.1,10,0,10,10,10,5.4,5.2,6.1,6.3,7.4,10,10,10,6.86222,5.39556,7.04,6.54222,8.4
open_space,1.7,-18,3.00928,1,1,3,0|1|1；0|0|0；0|0|0,0|0；-0.5|0.5；-0.5|-0.5,4.2,1.5,2.5,1.7,0.569444,1.5,1.7,1.7,2.1,10,10,2.5,1.5,1.58889,1.93778,1.80222,3.99773,10,10,4.56207,1.81333
open_space,14,-15.7,4.69269,1,1,3,0|1|1；0|0|0；0|0|0,0|0；-0.5|0.5；-0.5|-0.5,11.4,4,5.9,5.5,0,4,5.5,5.7,7.9,10,10,5.9,4,4.42889,6.10889,6.30667,8.78333,10,10,7.44,4.54222
open_space,17.9,-5.6,2.81158,1,1,3,0|1|1；0|0|0；0|0|0,0|0；-0.5|0.5；-0.5|-0.5,15.4,6,2,4.2,0.291667,10,10,4.2,1.9,1.8,2,5.4,6,10,10,6.28125,2.58,1.84667,2.95778,5.54444,7.4625
open_space,4.8,-6.4,1.45225,0,0,3,,,14.6,6.2,10,4.6,0,6.2,4.6,4.6,5.8,10,10,10,6.3,6.61111,5.54222,4.90889,7.384,10,10,10,7.46444
open_space,4.8,-2.9,5.04414,1,1,3,0|1|1；0|0|0；0|0|0,0|0；-0.5|0.5；-0.5|-0.5,13.5,10,4.6,3,0.130556,10,8.6,3,2.7,2.9,4.6,4.9,10,10,9.13333,4.55556,2.77333,3.79778,4.73111,6.44773,10
open_space,12.7,-12.5,4.18183,0,0,3,,,17.4,7.2,10,7,0,7.2,7.4,7,7.2,10,10,10,8.4,7.47333,8.58444,7.26889,8.25937,10,10,10,9.08462
open_space,8.5,-1.4,2.85428,0,0,3,,,10.6,1.4,1.2,9.4,0.372222,4.1,9.4,10,10,2.5,1.3,1.2,1.4,7.99111,9.65,10,10,4.4381,1.64444,1.22444,2.08889
open_space,8.5,-7.3,1.57847,1,1,3,0|1|1；0|0|0；0|0|0,0|0；-0.5|0.5；-0.5|-0.5,18.3,7.1,10,8.3,0,7.1,8.3,8.3,10,10,10,10,7.1,7.95556,8.83529,8.82353,10,10,10,10,7.95778
open_space,13.2,-9.3,0.830298,0,0,3,,,15.6,6.5,6.5,9.1,0,9.1,9.1,10,10,10,8.9,6.5,6.5,9.41667,9.43043,10,10,10,9.42857,7.17556,7.41778
open_space,10.4,-16,2.66539,1,1,3,0|1|1；0|0|0；0|0|0,0|0；-0.5|0.5；-0.5|-0.5,14.2,10,9.8,3.7,0,10,4.2,3.7,3.9,8,9.8,10,10,10,6.01463,3.81333,5.12667,9.39778,9.88,10,10
open_space,8.3,-1.3,0.66427,0,0,3,,,11.1,1.1,10,1.1,0.380556,1.1,1.1,1.4,8.1,10,10,10,1.8,1.31333,1.16667,2.75778,8.60909,10,10,10,3.7
open_space,16.3,-17.4,3.45413,0,0,3,,,12.3,2.6,7.4,2.3,0.219444,2.6,2.3,2.4,3.4,3.6,7.4,10,7.8,3.99333,2.36667,3.11556,3.50222,4.72444,8.5125,10,8.575
open_space,10,-4.4,0.98321,0,0,3,,,14,4.2,9.7,4.3,0,4.2,4.3,7.5,10,10,10,9.7,5.1,4.40667,5.28444,9.50588,10,10,10,9.78462,7.14571
open_space,18.2,-10.2,0.57447,0,0,3,,,8.5,1.5,1.5,7,0.333333,1.8,7,10,10,9.8,2.8,1.5,1.5,3.01333,9.47333,10,10,9.88571,7.02222,1.92222,1.55778
open_space,14.9,-14.1,4.33143,1,1,3,0|1|1；0|0|0；0|0|0,0|0；-0.5|0.5；-0.5|-0.5,15.2,5.6,10,4.8,0,5.6,5.2,4.8,5.2,10,10,10,6.1,5.74222,6.25333,4.92,6.82821,10,10,10,7.49118
open_space,15.4,-1.3,2.64346,1,1,3,0|1|1；0|0|0；0|0|0,0|0；-0.5|0.5；-0.5|-0.5,11.1,1.1,1.1,10,0.383333,2.2,10,10,4.9,4,1.3,1.1,1.1,4.2087,10,10,6.66111,4.42889,1.97333,1.12667,1.48444
open_space,12.5,-9.6,5.78158,1,1,3,0|1|1；0|0|0；0|0|0,0|0；-0.5|0.5；-0.5|-0.5,17.5,7.2,10,7.5,0,7.2,7.5,9.4,9.8,10,10,10,8.3,7.44444,8.47931,9.57568,9.9,10,10,10,9.03333
open_space,17.4,-12.5,3.18272,0,0,3,,,17.2,9.9,3.4,3.2,0.216667,9.9,7.2,3.2,2.3,2.3,3.4,10,10,9.9,7.95333,5.54,2.53778,2.61111,5.34667,10,10
open_space,9.3,-11.5,5.71904,0,0,3,,,18.2,8.4,8.2,10,0,10,10,10,10,9.1,9.3,8.2,8.4,10,10,10,10,9.31892,9.675,8.56667,9.03043
open_space,11.6,-9.2,6.20346,0,0,3,,,19,8.1,10,9,0,8.1,9,9,10,10,10,10,8.1,8.6122,9.4,9.29375,10,10,10,10,8.78065
open_space,8.1,-8.3,3.75049,0,0,3,,,18.1,7.9,8.1,10,0,9.6,10,10,10,8.3,8.1,8.1,7.9,9.8,10,10,10,8.95385,8.51111,8.88667,8.30444
open_space,7.5,-8,0.255791,1,1,3,0|1|1；0|0|0；0|0|0,0|0；-0.5|0.5；-0.5|-0.5,17.8,9.1,10,7.8,0,9.1,7.8,8.1,7.3,7.5,10,10,10,9.5,8.1,8.96053,7.57778,8.46552,10,10,10
open_space,10.9,-8.1,1.92946,0,0,3,,,18.7,7.9,8.7,10,0,8.4,10,10,10,9.7,8.8,8.7,7.9,9.1,10,10,10,9.85,9.04222,9.45455,8.11778
open_space,4.1,-9.5,1.09794,1,1,3,0|1|1；0|0|0；0|0|0,0|0；-0.5|0.5；-0.5|-0.5,14.4,9.3,10,3.9,0,9.3,4.4,3.9,4.1,8.5,10,10,10,9.4975,6.62444,4.01556,5.41556,9.16,10,10,10
open_space,4.6,-13.6,5.51472,1,1,3,0|1|1；0|0|0；0|0|0,0|0；-0.5|0.5；-0.5|-0.5,16.1,6.1,4.4,10,0,8.8,10,10,6.2,4.4,4.4,6.1,6.1,9.31429,10,10,7.74,4.91111,4.94667,6.58222,6.86
open_space,4.6,-16.2,4.31223,0,0,3,,,8.2,3.5,4.4,3.8,0,3.5,3.8,8.9,10,10,4.8,4.4,3.8,3.58889,5.26889,9.3,10,10,6.50244,4.51556,4.72444
open_space,12.1,-5.4,3.46656,0,0,3,,,15.5,10,5.2,8.6,0,10,10,8.6,7.6,5.8,5.2,5.5,10,10,10,9.19286,7.82889,7.60222,5.35111,6.99024,10
open_space,12.1,-4.1,6.12245,1,1,3,0|1|1；0|0|0；0|0|0,0|0；-0.5|0.5；-0.5|-0.5,14,6.8,10,3.9,0,6.8,4,3.9,4.8,10,10,10,7.7,7.77333,4.82889,4.11111,6.57812,10,10,10,8.54516
open_space,11.8,-6.9,6.03867,0,0,3,,,16.9,7.9,10,6.7,0,7.9,6.9,6.7,7.8,10,10,10,8.2,8.19333,8.35238,6.94667,8.76111,10,10,10,8.92083
open_space,13.7,-2,4.30253,0,0,3,,,11,10,1.9,5,0.294444,10,6.6,5,2,1.8,1.9,4.4,10,10,7.92333,6.07778,2.84,1.84,2.66222,6.40714,10
open_space,5,-13.4,4.2499,0,0,3,,,11.4,5.1,4.8,6.6,0,6.3,6.6,10,10,10,5.4,4.8,5.1,6.48889,7.84545,10,10,10,7.04286,4.94444,6.38444
open_space,10.3,-16.4,0.480448,0,0,3,,,13.7,9.4,3.3,10,0,10,10,10,7.3,3.5,3.3,3.7,9.4,10,10,10,8.4375,4.63111,3.39556,5.64667,9.59231
open_space,13.2,-11.4,6.18022,0,0,3,,,16.7,6.5,8.3,8.4,0,6.5,8.4,10,10,10,8.4,8.3,6.5,6.96667,9.07273,10,10,10,8.97143,8.76585,7.63721
open_space,17.4,-14.8,1.09697,1,1,3,0|1|1；0|0|0；0|0|0,0|0；-0.5|0.5；-0.5|-0.5,12.3,2.4,2.3,10,0.216667,5,10,10,5.6,4.9,2.6,2.3,2.4,6.90667,10,10,7.10303,5.05111,3.81111,2.36667,3.18889
open_space,4.8,-15.7,3.76194,1,1,3,0|1|1；0|0|0；0|0|0,0|0；-0.5|0.5；-0.5|-0.5,8.7,4.1,4.7,4,0,4.1,4,4.9,10,10,8.1,4.7,4.6,4.88444,4.20889,6.69375,10,10,8.925,5.71111,4.84667
open_space,2.7,-6.3,0.606456,0,0,3,,,14.5,6.2,10,2.5,0.180556,6.2,4.5,2.5,2.5,3,10,10,10,7.47381,5.97111,3.13556,2.62,4.9881,10,10,10
open_space,2.4,-13.9,1.5131,1,1,3,0|1|1；0|0|0；0|0|0,0|0；-0.5|0.5；-0.5|-0.5,12.2,3.3,7.8,2.2,0.233333,3.3,2.2,2.2,2.9,5.8,7.8,10,10,5.37931,2.54889,2.39333,4.75778,6.31778,8.75,10,10
open_space,7.5,-12.8,3.98337,0,0,3,,,14.2,6.9,7.3,6.9,0,6.9,6.9,10,10,10,9.9,7.3,7.3,7.57333,7.87727,10,10,10,9.9,8.02,8.30444
open_space,7.7,-14.9,0.305659,1,1,3,0|1|1；0|0|0；0|0|0,0|0；-0.5|0.5；-0.5|-0.5,15,10,4.8,8.5,0,10,10,8.5,7.5,5.5,4.8,5,10,10,10,9.18571,7.73556,7.26444,4.95333,6.63111,10
open_space,7.1,-10.7,2.28134,0,0,3,,,16.9,6.9,10,6.9,0,6.9,6.9,9,9,10,10,10,10,7.92857,7.47333,9.44483,9.27742,10,10,10,10
open_space,1.2,-15.2,4.37115,0,0,3,,,6,1.1,1,5,0.394444,2.9,5,10,10,2.3,1.1,1,1.1,4.41778,6.68462,10,10,4.18947,1.44222,1.02,1.6
open_space,14.3,-9.7,5.65131,0,0,3,,,15.5,5.4,10,5.5,0,5.4,5.5,9.1,9.6,10,10,10,6.8,5.73333,6.57333,9.60323,9.79091,10,10,10,8.08571
open_space,2.6,-5.5,2.16751,0,0,3,,,7.8,2.5,5.4,2.4,0.2,2.5,2.4,2.9,10,10,9.6,5.4,4.3,3.03111,2.50889,4.82093,10,10,9.75,6.70667,5.32
open_space,2.1,-9.1,3.50754,0,0,3,,,6.7,1.9,2.1,4.6,0.280556,2,4.6,10,10,9.8,5.5,2.1,1.9,2.78444,6.55,10,10,9.9,8.67778,3.04,1.94444
open_space,11.3,-2.5,0.606165,1,1,3,0|1|1；0|0|0；0|0|0,0|0；-0.5|0.5；-0.5|-0.5,10.9,2.3,8.6,2.3,0.216667,2.3,2.3,2.8,10,10,10,8.6,4.1,2.88,2.40889,4.71163,10,10,10,9.14783,7.30444
open_space,16.1,-17.3,2.81908,0,0,3,,,12.5,5.5,4,2.4,0.2,5.5,2.5,2.4,2.7,3.6,4,10,10,7.125,3.42,2.46222,3.51778,3.7,5.8,10,10
open_space,14.6,-13.5,2.77909,0,0,3,,,16.7,10,5.6,6.2,0,10,6.7,6.2,5.5,5.1,5.6,10,10,10,7.93548,6.36,6.74,5.23333,7.13333,10,10
open_space,12.3,-2.5,4.31564,0,0,3,,,14,10,2.5,6.3,0.216667,10,8.1,6.3,2.5,2.3,2.5,5.9,10,10,8.85789,7.49111,3.58,2.35556,3.46222,7.42,10
open_space,9.8,-0.7,1.58959,0,0,3,,,1.4,0.5,0.7,0.7,0.45,0.5,0.7,9.6,10,10,9.9,0.7,0.5,0.553333,2.38222,9.75294,10,10,9.94545,2.16,0.548889
open_space,12.2,-4.9,1.33677,1,1,3,0|1|1；0|0|0；0|0|0,0|0；-0.5|0.5；-0.5|-0.5,13,4.7,7.5,5.5,0,4.7,5.5,10,10,10,7.7,7.5,4.9,4.88667,7.10645,10,10,10,8.61786,7.79333,6.17556
open_space,8.1,-18.7,4.14157,0,0,3,,,5.9,1,4.9,1,0.394444,1,1,1.8,10,10,9.5,4.9,1.2,1.04,1.26444,3.70714,10,10,9.72,8.04889,2.05778
open_space,13.9,-5.5,0.0263397,1,1,3,0|1|1；0|0|0；0|0|0,0|0；-0.5|0.5；-0.5|-0.5,13.4,5.8,8.1,5.3,0,5.8,5.3,5.3,7.7,10,10,8.1,5.8,6.51333,5.89778,5.99333,8.65,10,10,8.95455,6.44444
open_space,1.7,-2.9,0.574196,0,0,3,,,12.7,2.8,7,1.5,0.466667,2.8,2.7,1.5,1.5,1.8,7,10,5.1,3.47778,2.79556,1.92222,1.55778,3.01111,8.025,10,6.88235
open_space,1.1,-6,1.06564,0,0,3,,,11,3.3,10,0.9,0.405556,3.3,1,0.9,0.9,1.8,10,10,6.7,5.72889,1.62222,0.922222,1.2,3.768,10,10,7.948
open_space,12.5,-19.4,3.86141,0,0,3,,,10.3,0.3,10,0.3,0.472222,0.3,0.3,0.4,3.9,9.6,10,10,0.4,0.335556,0.315556,0.848889,7.70667,9.8,10,10,1.21282
open_space,13.8,-1.7,5.61428,0,0,3,,,11.9,5.9,10,1.5,0.333333,5.9,1.9,1.5,1.5,2.4,10,10,7.6,6.33333,3.6,1.60444,1.77333,4.24333,10,10,8.58667
open_space,16.7,-11.8,1.88931,0,0,3,,,13.2,6.6,3,8.9,0,10,10,8.9,7.9,3.4,3,3.2,6.6,10,10,9.40909,8.13556,5.11778,3.08444,4.19778,7.97
open_space,6.3,-17.1,1.91058,1,1,3,0|1|1；0|0|0；0|0|0,0|0；-0.5|0.5；-0.5|-0.5,16.1,6.8,6,2.9,0.155556,6.8,6.1,2.9,2.6,2.8,6,10,10,8.07407,6.27333,4.27556,2.67111,3.71556,7.5,10,10
open_space,18.2,-1.6,2.52599,0,0,3,,,11.4,1.4,1.4,9.6,0.588889,2.4,10,9.6,1.8,1.5,1.5,1.4,1.4,4.35,10,9.6,3.46222,1.58,1.73556,1.47333,1.71556
open_space,13.2,-17.7,4.44414,1,1,3,0|1|1；0|0|0；0|0|0,0|0；-0.5|0.5；-0.5|-0.5,6.4,2,4.1,2.3,0.266667,2,2.3,6.5,7.5,10,10,4.1,2.1,2.06222,3.61556,6.71778,8.53333,10,10,6.14444,2.69778
open_space,2.3,-2.8,1.44264,0,0,3,,,6.4,2.6,4.3,2.1,0.408333,2.6,2.1,2.1,2.6,10,10,4.3,2.6,2.76444,2.53556,2.23111,4.53171,10,10,6.20455,3.14
open_space,11.3,-15.6,5.38134,1,1,3,0|1|1；0|0|0；0|0|0,0|0；-0.5|0.5；-0.5|-0.5,12.5,4.1,4.1,8.4,0,5.2,8.4,10,10,10,6.7,4.1,4.1,7.59111,8.83659,10,10,10,8.08571,4.92667,4.37556
open_space,15.2,-4.5,2.30035,1,1,3,0|1|1；0|0|0；0|0|0,0|0；-0.5|0.5；-0.5|-0.5,14.3,4.3,4.3,10,0,5.8,10,10,6.9,4.5,4.5,4.3,4.3,7.40833,10,10,8.18,5.21778,4.90667,4.96889,4.69111
open_space,3.2,-4.8,3.51539,0,0,3,,,10.7,3,3.3,7.4,0,3.2,7.4,10,10,5.1,4.6,3.3,3,4.44444,8.51429,10,10,6.70513,4.72,4.36222,3.07556
open_space,11.9,-18.2,5.57072,0,0,3,,,9.3,1.5,1.5,7.8,0.333333,2.3,7.8,10,10,10,2,1.5,1.5,5.11333,8.57222,10,10,10,3.76,1.62889,1.72667
open_space,1.3,-11.9,1.94412,0,0,3,,,11.1,1.2,10,1.1,0.383333,1.2,1.1,1.2,2.7,8.4,10,10,3.1,1.73111,1.12444,1.61556,6.60667,9.04444,10,10,5.17333
open_space,19,-6.5,1.73687,0,0,3,,,10.7,1.2,0.7,10,0.427778,6.4,10,10,4.4,0.9,0.7,0.7,1.2,7.55714,10,10,6.06,1.59333,0.731111,0.844444,3.64667
open_space,2.9,-0.9,3.99256,0,0,3,,,11,2.7,0.7,10,0.530556,4.1,10,10,0.9,0.7,0.7,1,2.7,5.97692,10,10,2.32889,0.757778,0.795556,2.00667,3.10444
open_space,2.3,-0.9,6.22882,0,0,3,,,10.7,1,2.8,0.7,0.588889,1,0.7,0.7,0.9,2.1,2.8,10,10,2.55,0.8,0.757778,1.58222,2.28444,4.77297,10,10
open_space,17.6,-10.4,0.496768,0,0,3,,,9.5,2.1,2.2,7.3,0.25,2.4,7.3,10,10,9.8,4.5,2.2,2.1,3.68,8.3,10,10,9.88,8.34222,2.89111,2.16222
open_space,2.4,-10.3,1.07473,1,1,3,0|1|1；0|0|0；0|0|0,0|0；-0.5|0.5；-0.5|-0.5,12.5,8.1,9.8,2.2,0.233333,8.1,2.5,2.2,2.3,4.6,9.8,10,10,8.95,3.96444,2.27111,2.98444,8.39778,9.92,10,10
open_space,2.9,-16.8,6.21063,1,1,3,0|1|1；0|0|0；0|0|0,0|0；-0.5|0.5；-0.5|-0.5,12.9,3.8,2.9,4.2,0.191667,10,10,4.2,2.7,2.7,2.9,2.9,3.8,10,10,6.152,3.15333,2.92222,3.31778,3.14,5.74545
open_space,11.4,-12.5,0.214711,0,0,3,,,17.4,8.3,7.2,10,0,8.5,10,10,10,8.6,7.2,7.4,8.3,9.1087,10,10,10,9.23636,7.53333,8.4,8.68667
open_space,1.4,-16.8,1.9273,0,0,3,,,11.2,1.3,6.9,1.2,0.433333,1.3,1.2,1.3,2.8,3.1,6.9,10,3.5,1.92889,1.22444,1.72889,2.95778,4.21333,8.3,10,5.45385
open_space,1.5,-6.1,5.00803,0,0,3,,,11.4,2.7,1.3,6.7,0.358333,10,10,6.7,4.6,1.5,1.3,1.4,2.7,10,10,8.05385,6.00222,2.29778,1.33333,1.76667,4.65238
open_space,3.6,-9.2,6.27486,1,1,3,0|1|1；0|0|0；0|0|0,0|0；-0.5|0.5；-0.5|-0.5,19,10,4.7,4.9,0,10,9,4.9,3.4,3.4,4.7,10,10,10,9.36154,7.84222,3.83778,3.78,6.53846,10,10
open_space,8.9,-6.5,2.05904,1,1,3,0|1|1；0|0|0；0|0|0,0|0；-0.5|0.5；-0.5|-0.5,15.3,6.3,6.6,8.7,0,7.1,8.7,9.8,10,10,10,6.6,6.3,8.73243,8.96444,9.9,10,10,10,7.86471,6.49111
open_space,17.6,-18.4,3.17819,0,0,3,,,11.3,1.8,3.1,1.3,0.552778,1.8,1.3,1.3,1.9,2.1,3.1,10,10,3.48205,1.43333,1.47111,2.18,2.38222,5.11562,10,10
open_space,3.6,-14.2,1.94074,0,0,3,,,13.4,3.7,10,3.4,0,3.7,3.4,3.6,5.5,5.9,10,10,9.8,5.43111,3.48667,4.86444,5.64667,7.31389,10,10,9.8
open_space,16.4,-18.3,4.93242,0,0,3,,,4.3,1.4,1.7,2.6,0.344444,1.4,2.6,3.4,6.1,10,6.8,1.7,1.4,1.78222,3.27556,4.22444,7.67857,10,7.85,2.86444,1.45556
open_space,3.3,-11.6,0.673951,1,1,3,0|1|1；0|0|0；0|0|0,0|0；-0.5|0.5；-0.5|-0.5,15,10,8.1,3.1,0,10,5,3.1,3.1,4,8.1,10,10,10,6.805,3.70667,3.31556,6.41333,8.6,10,10
open_space,14.4,-11.4,4.11118,0,0,3,,,16.5,8.3,10,5.3,0,8.3,6.5,5.3,5.4,9.3,10,10,10,8.71364,8.39111,5.58222,6.6,9.56667,10,10,10
open_space,8.8,-16.8,4.04523,1,1,3,0|1|1；0|0|0；0|0|0,0|0；-0.5|0.5；-0.5|-0.5,11.5,2.9,8.6,2.9,0.0583333,2.9,2.9,4.7,10,10,10,8.6,3.7,3.11111,3.44889,6.52727,10,10,10,8.99737,6.35556
open_space,9.8,-18,2.32289,0,0,3,,,12.5,9.6,9.9,1.7,0.308333,9.6,2.5,1.7,1.7,2.3,9.9,10,10,9.76667,5.83333,1.93778,1.86444,5.10889,9.93333,10,10
open_space,4.5,-14.8,0.00368147,1,1,3,0|1|1；0|0|0；0|0|0,0|0；-0.5|0.5；-0.5|-0.5,14.9,6.9,4.9,6.1,0,10,10,6.1,4.3,4.3,4.9,4.9,6.9,10,10,7.715,4.83111,4.80889,5.46444,5.48222,8.175
open_space,11.5,-5.7,4.37963,1,1,3,0|1|1；0|0|0；0|0|0,0|0；-0.5|0.5；-0.5|-0.5,18.7,10,6.1,8.2,0,10,8.7,8.2,5.9,5.5,6.1,10,10,10,9.29375,8.42889,7.65333,5.65111,7.57812,10,10
open_space,8.2,-17.3,3.9871,0,0,3,,,10.4,2.4,8,2.4,0.2,2.4,2.4,3.6,10,10,10,8,3.2,2.62667,2.75333,5.51071,10,10,10,8.5725,5.83556
open_space,9.4,-7.8,3.74955,0,0,3,,,19.2,9.2,7.6,10,0,10,10,10,10,7.7,7.6,9.2,9.2,10,10,10,10,8.57333,7.98444,9.635,9.39412
open_space,18.9,-18.4,2.41393,0,0,3,,,3,10,0.8,1.3,0.636111,10,1.8,1.3,1.1,0.8,0.8,1.2,10,10,3.56098,1.42,1.32444,0.871111,0.906667,2.71316,10
open_space,18.8,-7.5,3.18349,0,0,3,,,17.3,10,1.3,1.2,0.405556,10,10,1.2,0.9,0.9,1.3,7.3,10,10,10,2.7381,0.986667,1.01556,3.50222,8.16429,10
open_space,14,-16.8,1.91187,0,0,3,,,15,10,5.7,3.2,0.0611111,10,9,3.2,2.9,3.1,5.7,6,10,10,9.25,4.82222,2.97778,4.14222,5.85778,7.46757,10
open_space,2,-13.7,4.08304,1,1,3,0|1|1；0|0|0；0|0|0,0|0；-0.5|0.5；-0.5|-0.5,7.9,1.8,1.8,6.1,0.291667,3,6.1,10,10,10,2.2,1.8,1.8,5.21111,7.32,10,10,10,4.03023,1.90667,2.18889
open_space,2.6,-6.7,5.05868,0,0,3,,,12.5,5.6,2.4,7.2,0.2,10,10,7.2,6.5,2.7,2.4,2.5,5.6,10,10,8.32917,6.68222,3.96,2.46222,3.44667,7.26667
open_space,7,-5.7,5.46307,0,0,3,,,17.5,10,6.8,5.5,0,10,8.2,5.5,5.5,6.8,6.8,9.3,10,10,8.93333,6.3,6.05111,7.54222,7.47778,9.6,10
open_space,7.7,-3,5.06711,0,0,3,,,16.4,10,6.6,3.1,0.102778,10,8.4,3.1,2.8,3,6.6,8,10,10,9.075,4.56889,2.87333,4.06667,7.60444,8.82273,10
open_space,2.8,-16.9,3.08487,1,1,3,0|1|1；0|0|0；0|0|0,0|0；-0.5|0.5；-0.5|-0.5,6.8,2.6,4,2.8,0.261111,2.6,2.8,2.8,3.7,10,10,4,2.6,2.83111,3.19111,3.04889,5.71515,10,10,5.84615,3.00667
open_space,7.8,-12.2,5.09336,1,1,3,0|1|1；0|0|0；0|0|0,0|0；-0.5|0.5；-0.5|-0.5,18.2,7.5,7.6,10,0,8.1,10,10,10,8.3,7.6,8.2,7.5,8.90476,10,10,10,9.03529,7.8,8.97105,7.69778
open_space,0.6,-8.3,0.853493,1,1,3,0|1|0；0|0|1；0|0|0,0|0；-0.5|0；-1|0,10.5,7,10,0.4,0.461111,7,0.5,0.4,0.4,0.6,10,10,10,8.6375,1.25778,0.428889,0.448889,1.6925,10,10,10
open_space,0.6,-10.1,0.455816,0,0,3,,,10.9,10,1.1,0.4,0.461111,10,0.9,0.4,0.4,0.4,1.1,10,10,10,4.88611,0.551111,0.4,0.635556,6.42162,10,10
open_space,6.6,-11.8,0.546818,0,0,3,,,19.2,10,7.9,6.6,0,10,10,6.6,6.4,7.5,7.9,9.2,10,10,10,7.79167,6.64444,8.73636,8.20444,9.55714,10
open_space,16.4,-10.9,5.36208,0,0,3,,,12.2,3.3,8.9,3.3,0,3.3,3.3,4.1,10,10,10,8.9,5.5,4.01556,3.50222,5.97353,10,10,10,9.35238,8.24889
open_space,2.1,-0.7,3.76799,0,0,3,,,10.6,1.9,0.5,10,0.613889,2.3,10,10,0.8,0.5,0.5,0.6,1.9,4.18182,10,10,2.17576,0.604444,0.522222,1.05333,2
open_space,2.2,-12.4,0.784778,0,0,3,,,12.9,10,7.3,2,0.263889,10,2.9,2,2,2.8,7.3,10,10,10,4.80909,2.24889,2.22889,5.28,8.10682,10,10
open_space,10.5,-19.6,2.2215,1,1,3,0|1|0；0|0|1；0|0|0,0|0；-0.5|0；-1|0,10.1,10,0.4,0.1,0.494444,10,0.1,0.1,0.1,0.1,0.4,10,10,10,0.352778,0.1,0.1,0.164444,7.40625,10,10
open_space,19.6,-7,1.70738,1,1,3,0|1|0；0|0|1；0|0|0,0|0；-0.5|0；-1|0,10.1,0.1,0.1,10,0.494444,6.9,10,10,0.5,0.1,0.1,0.1,0.1,7.9,10,10,1.22857,0.171111,0.1,0.1,1.50444
open_space,5.3,-18.7,2.5381,0,0,3,,,11.2,5.1,10,1,0.394444,5.1,1.2,1,1,1.7,10,10,6.3,5.37111,2.20889,1.04889,1.23111,3.61,10,10,7.748
open_space,13.8,-14.3,1.64963,1,1,3,0|1|1；0|0|0；0|0|0,0|0；-0.5|0.5；-0.5|-0.5,15.9,9.1,5.9,7.2,0,10,10,7.2,5.4,5.4,5.9,5.9,9.1,10,10,8.39412,5.87778,6.27111,6.41778,6.85556,9.5
open_space,19.1,-12.4,5.19013,0,0,3,,,8.3,0.6,7.7,0.6,0.438889,0.6,0.6,0.7,1.9,10,10,7.7,1.3,0.826667,0.606667,0.995556,3.75333,10,10,8.596,5.00667
open_space,9.9,-8.5,4.24019,1,1,3,0|1|1；0|0|0；0|0|0,0|0；-0.5|0.5；-0.5|-0.5,19.7,10,8.7,9.8,0,10,10,9.8,9.4,8.3,8.7,9.7,10,10,10,9.876,9.7,8.55778,9.27647,9.81935,10
open_space,3.8,-6.6,1.1568,0,0,3,,,14,6.4,10,3.6,0,6.4,4,3.6,3.9,8.9,10,10,7,6.56889,5.47333,3.69111,5.32444,9.23333,10,10,8.18077
open_space,17,-18.7,3.14038,1,1,3,0|1|1；0|0|0；0|0|0,0|0；-0.5|0.5；-0.5|-0.5,11,1.4,3.8,1,0.513889,1.4,1,1,1.4,2.7,3.8,10,10,3.04872,1.11778,1.10667,2.26667,3.00667,5.73333,10,10
open_space,5.1,-6.7,2.48862,1,1,3,0|1|1；0|0|0；0|0|0,0|0；-0.5|0.5；-0.5|-0.5,11.4,4.9,6.5,4.9,0,4.9,4.9,8,10,10,8.3,6.5,6.2,5.23778,5.88,8.9,10,10,9.05833,6.94889,7.08444
open_space,13,-3.6,2.81706,1,1,3,0|1|1；0|0|0；0|0|0,0|0；-0.5|0.5；-0.5|-0.5,13.4,3.8,3.4,10,0,10,10,10,7.1,6.7,3.6,3.4,3.8,10,10,10,8.2,6.88889,4.86667,3.49111,5.65333
open_space,17.8,-19.6,1.96172,0,0,3,,,2.3,4.9,0.2,0.1,0.636111,10,0.2,0.1,0.1,0.1,0.2,2.1,4.9,10,0.786364,0.117778,0.1,0.115556,1.20667,2.86889,6.60833
open_space,11.5,-0.3,4.81439,1,1,3,0|1|0；0|0|1；0|0|0,0|0；-0.5|0；-1|0,10.6,10,0.1,0.1,0.494444,10,0.6,0.1,0.1,0.1,0.1,10,10,10,7.89024,0.188889,0.1,0.1,0.346154,10,10
open_space,7,-6.7,6.07648,0,0,3,,,16.7,10,8.1,6.5,0,10,6.7,6.5,7,6.8,8.1,10,10,10,7.8,6.78667,8.03778,7.09778,8.94667,10,10
open_space,2.6,-0.4,2.44536,1,1,3,0|1|1；0|0|0；0|0|0,0|0；1|0；2|0,2.6,0.2,0.2,2.4,0.591667,0.3,2.4,3.7,10,2.1,0.2,0.2,0.2,0.946667,2.8,5.74815,10,4.2,0.52,0.2,0.217778
open_space,17.8,-5.8,5.941,0,0,3,,,6.6,1.9,4.5,2.1,0.277778,1.9,2.1,5.6,6.2,10,10,4.5,2,1.94889,3.06889,5.74,7.56452,10,10,6.39286,2.76222
open_space,4.4,-12.4,0.98812,0,0,3,,,15.1,10,7.5,4.2,0,10,5.1,4.2,4.3,7.3,7.5,10,10,10,6.84375,4.40222,5.3,7.59333,8.36875,10,10
open_space,18.7,-1.8,2.21595,0,0,3,,,11.2,1.6,1,10,0.605556,2,10,10,1.7,1,1,1.2,1.6,3.81778,10,10,3.43548,1.20667,1.05333,1.59778,1.69111
open_space,5.9,-10.1,6.12823,1,1,3,0|1|1；0|0|0；0|0|0,0|0；-0.5|0.5；-0.5|-0.5,19.6,10,7,9.9,0,10,10,9.9,5.8,5.7,7,9.6,10,10,10,9.94,7.03111,6.02222,8.72143,9.71481,10
open_space,8.7,-2.8,3.17373,1,1,3,0|1|1；0|0|0；0|0|0,0|0；-0.5|0.5；-0.5|-0.5,12.6,3.8,2.6,10,0.158333,8.5,10,10,10,3.6,2.6,2.6,3.8,9.00968,10,10,10,5.6375,2.87333,2.94222,6.73556
open_space,17.7,-11.1,1.05706,0,0,3,,,12,2.1,2,10,0.266667,4,10,10,10,7.8,2.3,2,2.1,6.08947,10,10,10,8.87556,3.71111,2.06444,2.66222
open_space,17.6,-9.9,2.09967,1,1,3,0|1|1；0|0|0；0|0|0,0|0；-0.5|0.5；-0.5|-0.5,12.4,8.1,2.1,10,0.25,10,10,10,4.2,2.2,2.1,2.4,8.1,10,10,10,8.34419,2.80444,2.17111,3.88889,9.68333
open_space,15.8,-19.2,0.109495,0,0,3,,,6.7,0.8,0.5,6.2,0.45,3.9,6.2,10,4.9,0.6,0.5,0.5,0.8,4.61556,7.77647,10,6.3,1.33556,0.528889,0.577778,2.15556
open_space,11.8,-4.3,5.91527,0,0,3,,,14.4,7.9,10,4.1,0,7.9,4.4,4.1,4.5,10,10,10,8.5,8.10889,6.10667,4.20444,6.24186,10,10,10,9.16471
open_space,3.1,-11.5,2.85567,0,0,3,,,9.5,2.9,6.2,3.3,0.0611111,2.9,3.3,8.2,9.3,10,10,6.2,3,2.98667,5.08,8.46222,9.61429,10,10,7.80833,3.98444
open_space,19,-2.7,0.793498,1,1,3,0|1|1；0|0|0；0|0|0,0|0；-0.5|0.5；-0.5|-0.5,3.2,0.7,0.7,2.5,0.552778,1,2.5,3.5,10,10,1,0.7,0.7,1.82444,2.79556,5.54516,10,10,2.30488,0.773333,0.773333
open_space,10.4,-6.3,3.49715,1,1,3,0|1|1；0|0|0；0|0|0,0|0；-0.5|0.5；-0.5|-0.5,16.5,10,6.1,10,0,10,10,10,9.3,6.8,6.1,6.5,10,10,10,10,9.51667,8.16667,6.26889,7.79394,10
open_space,1.8,-1.3,0.421333,0,0,3,,,11.1,1.2,4.4,1.1,0.6,1.2,1.1,1.2,1.6,1.7,4.4,10,2.7,1.62889,1.12222,1.56,1.63556,2.50222,6.21667,10,4.88333
open_space,7.6,-14.8,2.09938,1,1,3,0|1|1；0|0|0；0|0|0,0|0；-0.5|0.5；-0.5|-0.5,17.4,7.7,10,5.1,0,7.7,7.4,5.1,4.9,5.7,10,10,10,8.55926,7.66,6.52222,5.07556,7.21613,10,10,10
open_space,17.4,-17.1,3.14306,0,0,3,,,12.6,3.7,3.2,2.6,0.377778,3.7,2.6,2.6,2.3,2.3,3.2,10,10,5.72333,2.92,2.88222,2.58,2.56444,5.17187,10,10
open_space,15.4,-8.6,0.397381,0,0,3,,,13.1,4.3,4.7,8.4,0,4.7,8.4,9.1,10,10,10,4.7,4.3,6.48222,8.61556,9.51818,10,10,10,6.35952,4.41111
open_space,5.5,-2,1.08331,0,0,3,,,8.3,1.8,6.4,1.9,0.291667,1.8,1.9,3.8,5.5,10,10,6.4,2,1.85333,2.46,5.18889,7.02857,10,10,7.63333,3.18667
open_space,12.4,-12.6,5.73055,0,0,3,,,14.6,7.3,7.1,7.5,0,7.3,7.5,10,10,10,8.4,7.1,7.3,7.61111,8.44839,10,10,10,9.11538,7.39556,8.52326
open_space,7,-17.9,2.47803,0,0,3,,,12.3,6.8,10,1.8,0.291667,6.8,2.3,1.8,1.8,2.9,10,10,8.7,7.28889,4.24444,1.92667,2.14,4.825,10,10,9.31111
open_space,5.3,-18.8,0.547046,1,1,3,0|1|1；0|0|0；0|0|0,0|0；-0.5|0.5；-0.5|-0.5,11,3.7,0.9,5.3,0.405556,10,10,5.3,1.7,0.9,0.9,1,3.7,10,10,6.72444,4.02222,1.17333,0.926667,1.69778,5.53333
open_space,4.7,-12.7,0.0960399,1,1,3,0|1|1；0|0|0；0|0|0,0|0；-0.5|0.5；-0.5|-0.5,17,10,7,5.9,0,10,10,5.9,4.5,4.5,7,7,10,10,10,7.51667,4.86222,5.27778,7.38889,8.00488,10
open_space,12.4,-18,5.27583,0,0,3,,,9,1.7,1.7,7.3,0.308333,2,7.3,8.6,10,10,3.2,1.7,1.7,3.34444,7.6,9.25,10,10,5.2,2.20444,1.76222
open_space,8.3,-6.9,0.726774,0,0,3,,,16.7,6.7,10,6.7,0,6.7,6.7,8.1,8.1,10,10,10,10,7.72273,7.3,8.8975,8.635,10,10,10,10
open_space,8.4,-1.5,1.9848,0,0,3,,,4.9,1.3,1.4,3.5,0.358333,1.4,3.5,9,10,10,3.3,1.4,1.3,2.01111,7.43111,9.40833,10,10,5.34375,1.94444,1.32889
open_space,3,-15.1,2.68165,0,0,3,,,12.1,2.8,9.1,3,0.102778,2.8,3,4.6,4.9,10,10,9.1,3.1,2.87556,3.89778,4.73111,6.47778,10,10,9.35,4.77111
open_space,17.7,-0.8,5.9451,0,0,3,,,5.3,1.4,4.7,0.6,0.602778,1.4,0.6,0.6,0.7,1.7,10,4.7,2.1,1.95111,0.853333,0.604444,0.953333,3.63529,10,6.65714,2.89778
open_space,8.1,-3.5,2.0768,1,1,3,0|1|1；0|0|0；0|0|0,0|0；-0.5|0.5；-0.5|-0.5,11.3,3.3,3.4,7.9,0,3.8,7.9,9,10,10,7,3.4,3.3,5.69556,8.15556,9.48,10,10,8.32,4.51556,3.40444
open_space,16.6,-12.3,0.395279,0,0,3,,,11.5,3.1,3.4,8.1,0,3.4,8.1,10,10,8.1,7.4,3.4,3.1,4.72667,8.86,10,10,8.895,7.59333,4.79333,3.17778
open_space,12.1,-19.5,5.4382,0,0,3,,,2.8,0.2,0.2,2.6,0.483333,0.3,2.6,10,10,10,0.3,0.2,0.2,0.551111,8.04667,10,10,10,0.835,0.217778,0.2
open_space,18.8,-8.3,3.15989,0,0,3,,,18.1,10,1.3,1.3,0.405556,10,10,1.3,0.9,0.9,1.3,8.1,10,10,10,2.84878,0.995556,1.00444,3.44444,8.71667,10
open_space,18,-19.5,5.43836,1,1,3,0|1|1；0|0|0；0|0|0,0|0；1|0；2|0,1.9,0.2,0.2,1.7,0.644444,0.3,1.7,2.3,10,10,0.3,0.2,0.2,0.544444,1.84667,4.06923,10,10,0.83,0.215556,0.2
open_space,8.7,-14.2,4.39255,1,1,3,0|1|1；0|0|0；0|0|0,0|0；-0.5|0.5；-0.5|-0.5,14.6,5.5,8.5,6.1,0,5.5,6.1,10,10,10,9,8.5,5.8,5.65556,7.58387,10,10,10,9.46429,8.74222,7.58864
open_space,8.6,-11.6,0.878708,1,1,3,0|1|1；0|0|0；0|0|0,0|0；-0.5|0.5；-0.5|-0.5,20,10,8.1,8.4,0,10,10,8.4,8.4,8.1,8.1,10,10,10,10,8.84737,9.01724,8.62195,8.8125,10,10
open_space,13.8,-12.8,4.20494,0,0,3,,,16.8,6.9,10,5.9,0,6.9,6.8,5.9,6.1,10,10,10,8,7.14222,7.82444,6.10667,7.48205,10,10,10,8.81765
open_space,10.6,-19,0.777986,1,1,3,0|1|1；0|0|0；0|0|0,0|0；-0.5|0.5；-0.5|-0.5,11,9.1,0.7,10,0.427778,10,10,10,1,0.7,0.7,1,9.1,10,10,10,2.31,0.78,0.766667,2.73333,9.39231
open_space,15.5,-1.9,0.665017,0,0,3,,,5.9,1.7,4.2,1.7,0.308333,1.7,1.7,2.1,10,10,6.9,4.2,2.8,2.04,1.80889,3.98372,10,10,8.20769,5.05556,3.98889
open_space,8.2,-14.3,2.59392,0,0,3,,,16.4,8,10,5.4,0,8,6.4,5.4,5.6,10,10,10,9.5,8.33333,8.17556,5.62222,7.01111,10,10,10,9.7
open_space,5.1,-11.8,5.64701,1,1,3,0|1|1；0|0|0；0|0|0,0|0；-0.5|0.5；-0.5|-0.5,17.9,8,5,10,0,10,10,10,6.2,4.9,5,7.9,8,10,10,10,7.6375,5.20889,5.94667,8.3,8.72333
open_space,18.5,-1.7,4.60863,0,0,3,,,11.2,1.9,1.9,1.2,0.6,1.9,1.2,1.2,1.5,1.5,1.9,10,10,3.78437,1.42222,1.28222,1.65778,1.60444,3.67209,10,10
open_space,9.2,-3.9,0.155526,0,0,3,,,13.7,4.6,10,3.7,0,4.6,3.7,3.7,6.2,9.1,10,10,10,6.44375,3.92222,4.50667,8.68222,9.47778,10,10,10
open_space,3.5,-3.9,2.86823,0,0,3,,,7.5,3.3,3.7,3.8,0,3.3,3.8,10,10,7.7,3.9,3.7,3.4,3.40444,5.60476,10,10,8.64286,5.04,3.82,4.14667
open_space,11.1,-11.8,1.21377,0,0,3,,,18.6,9.4,8.6,10,0,10,10,10,8.5,7.9,8.7,8.6,9.4,10,10,10,9.12941,8.11111,9.4,8.82889,9.7
open_space,8.7,-12.2,3.72596,0,0,3,,,16.2,7.7,8.7,7.5,0,7.7,7.5,9,10,10,10,8.7,8.5,8.56667,7.84222,9.45556,10,10,10,9.235,8.86591
open_space,10.8,-5.2,2.69828,1,1,3,0|1|1；0|0|0；0|0|0,0|0；-0.5|0.5；-0.5|-0.5,15,5.3,5,10,0,10,10,10,9.9,8.9,5.6,5,5.3,10,10,10,9.95,9.15111,7.65116,5.13778,6.83415
open_space,7.6,-9.2,3.43093,0,0,3,,,18.5,7.4,8.5,10,0,7.7,10,10,10,10,9,8.5,7.4,8.64074,10,10,10,10,9.26279,9.38333,7.64444
open_space,3.7,-8.9,2.73687,0,0,3,,,12.5,3.5,8.7,3.8,0,3.5,3.8,8.8,10,10,9.5,8.7,3.8,3.59111,5.24667,9.4,10,10,9.75,8.93333,5.51111
open_space,8.5,-8.5,2.59138,1,1,3,0|1|1；0|0|0；0|0|0,0|0；-0.5|0.5；-0.5|-0.5,16.8,8.3,8.3,8.5,0,8.3,8.5,10,10,10,9.8,8.3,8.5,8.65111,9.10476,10,10,10,9.85,8.65111,9.16957
open_space,13,-7.5,2.1057,0,0,3,,,17.6,7.3,6.7,10,0,8.5,10,10,10,6.9,6.7,7.6,7.3,9.14615,10,10,10,8.02424,6.94667,8.52222,7.56444
open_space,7.5,-8.4,4.28743,1,1,3,0|1|1；0|0|0；0|0|0,0|0；-0.5|0.5；-0.5|-0.5,17.3,7.8,7.3,10,0,10,10,10,9.1,8.2,8.1,7.3,7.8,10,10,10,9.50909,8.42444,9.07647,7.49333,8.68261
open_space,4,-14.6,6.08119,0,0,3,,,15.1,6.1,4.5,7,0,10,10,7,3.9,3.8,4.5,5.1,6.1,10,10,8.3,4.85778,3.97111,5.47556,5.32667,7.6
open_space,2.4,-13.9,4.48885,1,1,3,0|1|1；0|0|0；0|0|0,0|0；-0.5|0.5；-0.5|-0.5,9,2.6,2.2,6.8,0.233333,5.8,6.8,10,10,4.2,2.3,2.2,2.6,6.03778,8.08696,10,10,6.12632,2.86,2.28222,4.09333
open_space,3.9,-18.2,3.7907,1,1,3,0|1|1；0|0|0；0|0|0,0|0；-0.5|0.5；-0.5|-0.5,5.2,1.5,3.7,1.5,0.333333,1.5,1.5,1.9,10,10,6.2,3.7,2.5,1.81556,1.58667,3.62,10,10,7.68667,4.50444,3.53556
open_space,12,-1.8,3.0969,1,1,3,0|1|1；0|0|0；0|0|0,0|0；-0.5|0.5；-0.5|-0.5,11.6,2.2,1.6,10,0.322222,10,10,10,7.7,2.4,1.6,1.6,2.2,10,10,10,8.47027,5.17333,1.83778,1.74889,3.98718
open_space,3.1,-12.9,4.66775,1,1,3,0|1|1；0|0|0；0|0|0,0|0；-0.5|0.5；-0.5|-0.5,12.1,3.9,2.9,9.2,0.0611111,6.8,9.2,10,10,4.4,2.9,2.9,3.9,7.45333,9.58333,10,10,6.216,3.33333,3.17333,5.98222
open_space,12.6,-14.3,5.95878,0,0,3,,,13.3,6,5.4,7.9,0,7.1,7.9,10,10,10,5.7,5.4,6,7.29778,8.77895,10,10,10,7.22051,5.55333,7.51333
open_space,18.6,-3.1,2.22308,1,1,3,0|1|1；0|0|0；0|0|0,0|0；-0.5|0.5；-0.5|-0.5,11.4,2.9,1.1,10,0.444444,3.6,10,10,1.8,1.1,1.1,1.4,2.9,5.60811,10,10,3.6871,1.32667,1.16444,2.22,3.08
open_space,11.7,-6.9,2.70733,0,0,3,,,16.7,7.1,6.7,10,0,10,10,10,8.9,8,7.4,6.7,7.1,10,10,10,9.38333,8.22222,8.7878,6.88444,8.25172
open_space,0.6,-6.1,4.03557,1,1,3,0|1|0；0|0|1；0|0|0,0|0；-0.5|0；-1|0,10.4,0.4,0.4,10,0.461111,0.6,10,10,7.7,3.9,0.5,0.4,0.4,1.60811,10,10,8.68,6.28667,1.04889,0.422222,0.46
open_space,18,-14.9,5.3453,1,1,3,0|1|1；0|0|0；0|0|0,0|0；-0.5|0.5；-0.5|-0.5,6.6,1.7,4.9,1.7,0.308333,1.7,1.7,2.1,10,10,8.3,4.9,2.9,2.08889,1.79111,3.92444,10,10,8.98571,5.91333,4.44889
open_space,13.6,-16.3,1.8289,0,0,3,,,16.3,10,6.1,4,0,10,10,4,3.4,3.5,6.1,6.3,10,10,10,5.8525,3.52667,4.48,6.32222,7.54737,10
open_space,0.5,-2.6,2.00026,1,1,3,0|1|1；0|0|0；0|0|0,0|0；1|0；2|0,2.9,0.3,2.6,0.3,0.586111,0.3,0.3,0.3,0.8,10,5.9,2.6,0.7,0.42,0.3,0.448889,1.85789,10,7.63636,3.55333,1.92
open_space,7.9,-18.1,1.04224,0,0,3,,,12.1,10,1.7,6.6,0.319444,10,9,6.6,1.9,1.6,1.7,3.1,10,10,9.43333,7.94444,3.04222,1.65111,2.10667,5.19545,10
open_space,11.1,-6.6,5.57992,0,0,3,,,18.5,8.6,10,6.4,0,8.6,8.5,6.4,6.4,9.9,10,10,10,8.99714,9.14595,6.95556,7.45556,9.9,10,10,10
open_space,8.7,-5.7,2.83914,1,1,3,0|1|1；0|0|0；0|0|0,0|0；-0.5|0.5；-0.5|-0.5,15.1,6.2,5.5,9.6,0,8.5,9.6,10,10,10,5.8,5.5,6.2,8.75333,9.8,10,10,10,7.21026,5.66222,8.19091
open_space,7.9,-3.1,0.195038,0,0,3,,,12.9,3.5,10,2.9,0.0583333,3.5,2.9,3,5.2,7.8,10,10,10,5.42051,3.04,3.63333,7.38,8.63448,10,10,10
open_space,17.2,-18.6,4.81279,1,1,3,0|1|1；0|0|0；0|0|0,0|0；-0.5|0.5；-0.5|-0.5,3.1,1.1,1.4,1.7,0.530556,1.1,1.7,2.5,3.9,10,10,1.4,1.1,1.28444,2.38667,2.93333,5.97692,10,10,2.99091,1.18222
open_space,1.3,-7.5,2.42812,0,0,3,,,8.4,1.1,7.3,1.1,0.380556,1.1,1.1,1.7,10,10,9.8,7.3,1.5,1.19111,1.26222,3.34286,10,10,9.85,7.97111,3.25556
open_space,18.6,-1.1,2.8572,0,0,3,,,10.9,1,0.9,2.3,0.644444,3.1,10,2.3,1.1,1.1,0.9,0.9,1,5.15,10,4.24545,1.49778,1.12444,1.15778,0.92,1.56222
open_space,3.9,-3.6,2.09923,0,0,3,,,7.2,3.4,3.5,3.7,0,3.8,3.7,4.3,10,10,6.9,3.5,3.4,4.32222,3.82889,6.10769,10,10,8.15,4.54889,3.51778
open_space,13.8,-0.5,2.17948,0,0,3,,,1.8,0.3,0.3,1.5,0.472222,0.4,1.5,10,10,6,0.5,0.3,0.3,0.606667,3.01111,10,10,7.33409,2.60667,0.357778,0.302222
open_space,9.8,-18.7,1.93442,1,1,3,0|1|1；0|0|0；0|0|0,0|0；-0.5|0.5；-0.5|-0.5,12.8,10,2.4,1.1,0.394444,10,2.8,1.1,1,1.1,2.4,10,10,10,7.82632,1.59111,1.01778,1.45111,6.88,10,10
open_space,17.4,-3.5,2.48647,1,1,3,0|1|1；0|0|0；0|0|0,0|0；-0.5|0.5；-0.5|-0.5,13.3,3.3,2.3,10,0.216667,5.4,10,10,2.9,2.3,2.3,3.3,3.3,7.11053,10,10,4.86154,2.45556,2.75333,3.50444,3.95556
open_space,0.5,-3.8,2.63131,0,0,3,,,1.3,0.3,1,0.3,0.472222,0.3,0.3,0.6,10,10,4.2,1,0.3,0.3,0.38,1.50714,10,10,5.93333,3.24889,0.517778
open_space,8.5,-13.4,3.77303,1,1,3,0|1|1；0|0|0；0|0|0,0|0；-0.5|0.5；-0.5|-0.5,14.7,6.4,8.4,6.3,0,6.4,6.3,7.8,10,10,10,8.4,8.3,7.5881,6.65778,8.76875,10,10,10,9.036,8.74091
open_space,3,-19.5,4.1279,1,1,3,0|1|1；0|0|0；0|0|0,0|0；1|0；2|0,1.1,0.2,0.9,0.2,0.544444,0.2,0.2,0.3,10,10,3.4,0.9,0.2,0.2,0.233333,0.966667,10,10,5.2875,2.68889,0.373333
open_space,4.4,-4.1,5.86812,0,0,3,,,14.3,10,4.5,3.9,0,10,4.3,3.9,4.2,4.2,4.5,10,10,10,6.04419,4.00444,4.89556,4.31111,6.21778,10,10
open_space,13.6,-9.2,4.41751,1,1,3,0|1|1；0|0|0；0|0|0,0|0；-0.5|0.5；-0.5|-0.5,16.4,10,10,6.1,0,10,6.4,6.1,6.9,9,10,10,10,10,7.66286,6.28444,8.53529,9.25909,10,10,10
open_space,8,-9.6,2.76001,0,0,3,,,17.9,7.8,9.4,8.5,0,7.8,8.5,10,10,10,10,9.4,8.5,8.00222,9.15294,10,10,10,10,9.6,9.14118
open_space,2.4,-19.1,5.38938,0,0,3,,,5.7,0.6,0.6,5.1,0.586111,0.8,5.1,10,3.6,2.2,0.9,0.6,0.6,1.53111,7.15,10,5.6,2.62,1.77556,0.702222,0.633333
open_space,19.3,-11.9,4.96133,0,0,3,,,9.6,0.5,9.2,0.4,0.461111,0.5,0.4,0.4,0.7,10,10,9.2,1.6,0.74,0.404444,0.504444,1.88276,10,10,9.5625,6.91111
open_space,8.6,-3.5,1.11328,0,0,3,,,13.5,3.3,10,3.5,0,3.3,3.5,7.4,8.9,10,10,10,3.7,3.39333,4.65778,8.50889,9.36667,10,10,10,5.49773
open_space,17.2,-1.9,5.02963,1,1,3,0|1|1；0|0|0；0|0|0,0|0；-0.5|0.5；-0.5|-0.5,12.5,2.8,3.7,1.9,0.488889,2.8,2.5,1.9,1.7,1.8,3.7,10,8.3,4.30222,2.57111,2.49111,1.74667,2.36222,5.78333,10,8.83333
open_space,15.9,-5.6,6.22007,1,1,3,0|1|1；0|0|0；0|0|0,0|0；-0.5|0.5；-0.5|-0.5,10.8,3.8,5.8,5,0,3.8,5,5.4,7.2,10,10,5.8,3.8,4.13111,5.77556,5.87556,8.38235,10,10,7.47895,4.41556
open_space,4.4,-2.3,2.02282,0,0,3,,,6.4,2.1,2.2,4.2,0.25,2.3,4.2,4.7,10,10,4.9,2.2,2.1,3.31333,4.31333,6.375,10,10,6.87143,3.02667,2.15333
open_space,16.5,-3.6,0.272449,0,0,3,,,7.1,3.2,3.7,3.4,0,3.3,3.4,3.5,6.9,10,10,3.7,3.2,3.93333,3.51778,4.54222,8.12,10,10,5.58333,3.31333
open_space,17.7,-6.9,3.74765,0,0,3,,,11.7,10,6.7,2,0.266667,10,3.6,2,2,2.4,6.7,8.1,10,10,5.59565,2.50444,2.09333,4.13333,7.04,8.95,10
open_space,5,-8.7,1.07307,1,1,3,0|1|1；0|0|0；0|0|0,0|0；-0.5|0.5；-0.5|-0.5,15.5,8.5,10,4.8,0,8.5,5.5,4.8,5,10,10,10,9.8,8.78667,7.68,4.96444,6.51556,10,10,10,9.9
open_space,14.2,-11,3.43493,1,1,3,0|1|1；0|0|0；0|0|0,0|0；-0.5|0.5；-0.5|-0.5,18.7,10,10,6.3,0,10,8.7,6.3,5.5,5.7,10,10,10,10,8.99111,8.28095,5.68,7.19756,10,10,10
open_space,14.5,-4.9,1.31922,1,1,3,0|1|1；0|0|0；0|0|0,0|0；-0.5|0.5；-0.5|-0.5,10.7,4.7,5.2,5.5,0,4.7,5.5,10,10,10,5.4,5.2,4.9,4.87111,7.05625,10,10,10,6.86591,5.38889,5.85333
open_space,15.8,-1.7,3.50469,0,0,3,,,11.6,3.6,1.5,4.3,0.333333,10,10,4.3,3.9,1.7,1.5,1.6,3.6,10,10,6.09767,4.00444,2.40667,1.53333,2.18222,5.54375
open_space,3.4,-16.4,4.56359,0,0,3,,,7.3,3.3,3.2,4.1,0,3.3,4.1,10,10,5.5,3.2,3.2,3.3,3.48667,5.97429,10,10,7.28333,3.92444,3.38222,3.87333
open_space,12.7,-13.2,0.406104,1,1,3,0|1|1；0|0|0；0|0|0,0|0；-0.5|0.5；-0.5|-0.5,17.1,7,6.5,10,0,7.6,10,10,10,7,6.5,7.1,7,8.57826,10,10,10,8.21429,6.67111,8.19556,7.18222
open_space,7.8,-5.2,1.76069,0,0,3,,,13.7,5,6.1,7.6,0,5.1,7.6,7.7,10,10,10,6.1,5,6.25111,7.99333,8.59032,10,10,10,7.61538,5.26222
open_space,12.5,-1.4,2.87112,0,0,3,,,11.2,1.4,1.2,10,0.372222,4.4,10,10,7.5,2.5,1.2,1.2,1.4,6.14444,10,10,8.43571,5.8,1.61778,1.22889,2.14889
open_space,11.9,-18.4,0.553999,0,0,3,,,11.5,5.5,1.3,10,0.358333,9.2,10,10,2.5,1.3,1.3,1.5,5.5,9.575,10,10,4.48333,1.69111,1.34222,2.50444,7.95556
open_space,9.8,-7.7,2.01605,1,1,3,0|1|1；0|0|0；0|0|0,0|0；-0.5|0.5；-0.5|-0.5,17.6,7.5,8,9.6,0,8.3,9.6,10,10,10,9.9,8,7.5,9.04118,9.74118,10,10,10,9.94,8.83182,7.70667
open_space,1.3,-9.4,6.20516,0,0,3,,,19.2,10,1.4,1.7,0.383333,10,9.2,1.7,1.1,1.1,1.4,10,10,10,9.55263,4.87111,1.28222,1.18444,3.04773,10,10
open_space,14.2,-5.3,5.70373,1,1,3,0|1|1；0|0|0；0|0|0,0|0；-0.5|0.5；-0.5|-0.5,15.6,5.5,10,5.1,0,5.5,5.6,5.1,5.2,9.3,10,10,6.6,5.76667,6.42444,5.34444,6.45333,9.53333,10,10,7.94348
open_space,18.5,-10.1,6.17215,1,1,3,0|1|1；0|0|0；0|0|0,0|0；-0.5|0.5；-0.5|-0.5,3.4,1.2,1.9,1.5,0.369444,1.2,1.5,9.9,10,10,9.7,1.9,1.2,1.27778,3.11111,9.92941,10,10,9.83,5.52667,1.42667
open_space,10.4,-14.4,1.36761,1,1,3,0|1|1；0|0|0；0|0|0,0|0；-0.5|0.5；-0.5|-0.5,19.3,10,6.3,9.9,0,10,10,9.9,5.4,5.3,6.3,9.3,10,10,10,9.9,6.79111,5.53778,8.29429,9.47353,10
open_space,0.9,-9.3,0.932607,1,1,3,0|1|1；0|0|0；0|0|0,0|0；-0.5|0.5；-0.5|-0.5,10.9,5.1,10,0.7,0.427778,5.1,0.9,0.7,0.7,1.1,10,10,10,9.02727,1.68,0.735556,0.833333,2.58182,10,10,10
open_space,4.6,-12.9,3.56853,0,0,3,,,11.5,4.4,4.7,6.8,0,4.8,6.8,7.5,10,10,10,4.7,4.4,6.42222,6.98444,8.5125,10,10,10,6.38372,4.51333
open_space,4.2,-9.1,0.21064,0,0,3,,,18.9,10,7.3,4.8,0,10,8.9,4.8,4,4.1,7.3,10,10,10,9.16923,7.29333,4.18889,5.07333,8.43,10,10
open_space,1.9,-10.4,5.63325,0,0,3,,,12.8,9.4,1.7,10,0.308333,10,10,10,2.2,1.7,1.7,2.8,9.4,10,10,10,4.00698,1.80889,2.04,6.47111,9.64667
open_space,5.9,-4.1,4.44182,1,1,3,0|1|1；0|0|0；0|0|0,0|0；-0.5|0.5；-0.5|-0.5,15.7,6.5,4.5,8.1,0,10,10,8.1,4.1,3.9,4.5,5.7,6.5,10,10,8.86667,5.28889,4.02667,5.76889,5.88889,7.90741
open_space,9.9,-5.2,5.62085,0,0,3,,,16.4,9.8,9.8,5,0,9.8,6.4,5,5,8.1,9.8,10,10,9.85263,8.29286,5.36,5.97111,9.55161,9.9,10,10
open_space,2.9,-15.4,1.29208,0,0,3,,,12.8,5.7,4.9,2.7,0.130556,5.7,2.8,2.7,3.1,4.3,4.9,10,10,7.32308,3.69333,2.78444,4.13111,4.43778,6.60278,10,10
open_space,11.8,-1.3,1.22162,0,0,3,,,3.8,1.1,2.6,1.2,0.380556,1.1,1.2,3.1,10,10,8.5,2.6,1.2,1.12222,1.74444,5.02143,10,10,9.12778,6.61556,1.60444
open_space,16.1,-2.5,4.8532,1,1,3,0|1|1；0|0|0；0|0|0,0|0；-0.5|0.5；-0.5|-0.5,13.6,4.6,3.8,2.9,0.219444,4.6,3.6,2.9,2.3,2.3,3.8,10,10,6.41562,3.83333,3.67556,2.44667,2.76889,5.72917,10,10
open_space,2,-11.5,1.34173,0,0,3,,,11.9,3.5,9.6,1.8,0.294444,3.5,1.9,1.8,2.1,7.8,9.6,10,10,5.45238,2.34667,1.86222,3.49778,8.51333,9.825,10,10
open_space,7.1,-10,1.40037,1,1,3,0|1|1；0|0|0；0|0|0,0|0；-0.5|0.5；-0.5|-0.5,17,9.8,10,6.9,0,9.8,7,6.9,8.4,9.7,10,10,10,9.86087,8.03611,7.26444,9.37647,9.78,10,10,10
open_space,14.6,-10,0.486812,1,1,3,0|1|1；0|0|0；0|0|0,0|0；-0.5|0.5；-0.5|-0.5,15.2,5.1,5.4,9.8,0,5.8,9.8,10,10,10,9.7,5.4,5.1,7.26562,9.876,10,10,10,9.81613,6.88333,5.25556
open_space,2.8,-10.9,4.56505,0,0,3,,,12.6,3.2,2.6,10,0.155556,8.8,10,10,10,4.4,2.6,2.6,3.2,9.11316,10,10,10,6.32857,3.19111,2.74889,5.63556
open_space,8.3,-15.3,1.64092,0,0,3,,,18.1,10,6.7,5.9,0,10,8.1,5.9,4.4,4.4,6.7,10,10,10,8.6525,7.91556,4.80222,5.08667,8.08125,10,10
open_space,17,-8.9,3.14471,0,0,3,,,18.7,10,3.8,3.9,0.133333,10,10,3.9,2.7,2.7,3.8,8.7,10,10,10,5.77586,3.02889,3.01556,6.77111,9.11667,10
open_space,1.2,-5.1,5.89208,0,0,3,,,7.8,10,1.1,2.6,0.394444,10,5.3,2.6,1.1,1,1.1,2.5,10,10,6.91316,4.63556,1.52667,1.02,1.5,4.42941,10
open_space,9.6,-1.8,4.15223,0,0,3,,,13,9.6,1.6,7.6,0.319444,10,10,7.6,1.9,1.6,1.6,3,9.6,10,10,8.3,3.24222,1.66222,2.04667,7.10889,9.8
open_space,2,-9.9,4.19324,1,1,3,0|1|1；0|0|0；0|0|0,0|0；-0.5|0.5；-0.5|-0.5,11.8,1.9,1.8,10,0.294444,3.6,10,10,10,7.2,2.1,1.8,1.9,7.86744,10,10,10,9.55333,3.37111,1.85778,2.38444
open_space,16.1,-4.9,4.62741,0,0,3,,,13.6,5.7,6.1,3.6,0,5.7,3.6,3.6,4.7,4.7,6.1,10,10,7.35263,4.23333,3.88,5.15778,5.06667,7.67391,10,10
open_space,11.5,-12.1,3.71694,0,0,3,,,17.6,7.8,10,7.6,0,7.8,7.6,8.4,8.2,9.8,10,10,10,8.625,7.92889,9.19375,8.56222,9.9,10,10,10
open_space,15.5,-11.9,2.51462,0,0,3,,,16.8,10,4.3,7.8,0,10,9.7,7.8,5.2,4.2,4.3,7.1,10,10,9.86667,8.27333,7.32222,4.45111,5.13111,8.34167,10
open_space,4.1,-4.5,4.9627,1,1,3,0|1|1；0|0|0；0|0|0,0|0；-0.5|0.5；-0.5|-0.5,14,7.6,3.9,5,0,10,10,5,4.3,4.4,3.9,4,7.6,10,10,6.78235,4.46444,4.99778,4.05111,5.11556,8.68889
open_space,4.6,-13.2,0.977984,0,0,3,,,15.4,10,6.6,4.4,0,10,5.4,4.4,4.5,6.5,6.6,10,10,10,7.05,4.62222,5.51111,6.83556,7.75385,10,10
open_space,4.2,-14.4,0.228005,1,1,3,0|1|1；0|0|0；0|0|0,0|0；-0.5|0.5；-0.5|-0.5,15.4,10,5.3,4.8,0,10,10,4.8,4,4.1,5.3,5.4,10,10,10,6.49118,4.17111,5.09111,5.52889,6.82444,10
open_space,13.7,-2.2,4.91249,0,0,3,,,16,7.3,3.6,2.4,0.266667,7.3,6,2.4,2,2,3.6,10,10,8.37368,6.29778,4.01556,2.09111,2.51111,5.64783,10,10
open_space,6,-2.7,5.17932,0,0,3,,,12.2,10,5.8,2.6,0.180556,10,5.7,2.6,2.5,2.8,5.8,6.5,10,10,7.35,3.55111,2.56667,4.11333,5.96444,7.84138,10
open_space,5.1,-6.8,0.855253,1,1,3,0|1|1；0|0|0；0|0|0,0|0；-0.5|0.5；-0.5|-0.5,16.6,6.6,10,4.9,0,6.6,6.6,4.9,4.9,7.4,10,10,8.9,7.20889,7.17778,5.34667,5.66222,8.48333,10,10,9.425
open_space,12.9,-2.4,4.15466,0,0,3,,,12.2,10,2.3,6.8,0.236111,10,8.1,6.8,2.6,2.2,2.3,4.1,10,10,8.92,7.09556,4.29333,2.28889,2.82222,6.09,10
open_space,7.6,-4,1.90808,0,0,3,,,11.6,3.8,4.2,7.4,0,4,7.4,7.8,10,10,10,4.2,3.8,5.41333,7.61111,8.72083,10,10,10,6.05,3.90667
open_space,12.1,-7.7,5.30927,0,0,3,,,17.6,7.8,10,7.6,0,7.8,7.6,7.7,7.5,9.1,10,10,10,8.61667,7.96667,8.73684,7.86444,9.5,10,10,10
open_space,8.6,-1.1,0.862903,1,1,3,0|1|1；0|0|0；0|0|0,0|0；-0.5|0.5；-0.5|-0.5,10.9,0.9,10,0.9,0.405556,0.9,0.9,1.4,8.4,10,10,10,1.2,0.973333,1.03556,4.02667,8.96897,10,10,10,2.65227
open_space,0.9,-1.5,1.17096,0,0,3,,,4.3,1.3,3.5,0.7,0.641667,1.3,0.8,0.7,0.8,1.7,10,3.5,1.4,1.32889,1.04889,0.704444,1.03778,3.67,10,5.45714,2.01778
open_space,19.6,-14.1,1.98141,0,0,3,,,10.1,0.2,0.1,6.1,0.494444,10,10,6.1,0.2,0.1,0.1,0.1,0.2,10,10,7.45294,3.14889,0.115556,0.1,0.117778,0.731818
open_space,2.2,-15.4,5.57051,0,0,3,,,13,4.3,2,10,0.263889,6.5,10,10,2.7,2,2,3,4.3,7.93125,10,10,4.54324,2.17778,2.31111,4.15556,4.97778
open_space,13.3,-3.3,1.17806,0,0,3,,,9.8,3.1,6.4,3.4,0,3.1,3.4,8,10,10,7,6.4,3.4,3.17778,4.70667,8.82,10,10,8.17857,6.56667,4.76
open_space,7.4,-8.8,2.16011,0,0,3,,,16,7.4,8.8,7.2,0,7.4,7.2,8.7,10,10,10,8.8,8.6,8.35152,7.53778,9.27273,10,10,10,9.32,8.94884
open_space,0.6,-4.2,4.19888,0,0,3,,,10.4,0.4,0.4,10,0.461111,0.8,10,10,4.6,1.4,0.5,0.4,0.4,2.03571,10,10,6.41622,3.73778,0.711111,0.402222,0.515556
open_space,4.2,-13.1,5.66267,1,1,3,0|1|1；0|0|0；0|0|0,0|0；-0.5|0.5；-0.5|-0.5,16.6,6.7,4.1,10,0,10,10,10,5,4,4.1,6.6,6.7,10,10,10,6.75161,4.22889,4.90889,6.90889,7.7925
open_space,7.5,-6.6,4.78155,1,1,3,0|1|1；0|0|0；0|0|0,0|0；-0.5|0.5；-0.5|-0.5,17.3,10,7.3,8.6,0,10,10,8.6,6.4,6.4,7.3,7.3,10,10,10,9.21111,6.99111,7.4,7.97778,8.1875,10
open_space,0.5,-4.7,2.06865,0,0,3,,,5,0.3,4.7,0.3,0.472222,0.3,0.3,0.3,0.9,10,9.7,4.7,0.6,0.391111,0.3,0.493333,2.5875,10,9.85,6.21111,2.76222
open_space,10.7,-8.2,6.21307,1,1,3,0|1|1；0|0|0；0|0|0,0|0；-0.5|0.5；-0.5|-0.5,18,9,10,8,0,9,8,8,10,10,10,10,9,9.28387,8.72121,8.56667,10,10,10,10,9.4
open_space,5.6,-12.4,4.9234,1,1,3,0|1|1；0|0|0；0|0|0,0|0；-0.5|0.5；-0.5|-0.5,15.5,7.3,5.4,10,0,7.5,10,10,10,6.5,5.4,5.5,7.3,8.4,10,10,10,7.84167,5.65333,6.82889,7.64667
open_space,9.5,-3.8,3.81844,0,0,3,,,14.6,9.3,3.6,10,0,10,10,10,5.8,3.6,3.6,4.6,9.3,10,10,10,7.38824,4.3,3.85111,7.42667,9.48621
open_space,13.4,-3.7,0.340691,0,0,3,,,10.5,3.9,7,3.5,0,3.9,3.5,3.7,8.1,10,10,7,6.3,5.45111,3.59333,5.01333,8.95,10,10,8.18,6.48
open_space,7.4,-16.2,3.07626,1,1,3,0|1|1；0|0|0；0|0|0,0|0；-0.5|0.5；-0.5|-0.5,13.5,5.4,10,3.5,0,5.4,3.5,3.5,4.6,10,10,10,7.2,7.08889,4.07333,3.8,6.47586,10,10,10,8.1275
open_space,6.7,-12.5,4.0976,0,0,3,,,13.8,6.6,6.5,7.3,0,7.2,7.3,10,10,10,8,6.5,6.6,7.61333,8.26286,10,10,10,8.89286,6.87111,7.85778
open_space,6.9,-8.9,4.90255,0,0,3,,,16.8,10,6.7,10,0,10,10,10,8.7,8.2,6.7,6.8,10,10,10,10,9.0439,9.19412,7.04889,7.92632,10
open_space,17,-10.3,3.35376,1,1,3,0|1|1；0|0|0；0|0|0,0|0；-0.5|0.5；-0.5|-0.5,19.4,10,4.9,3.2,0.133333,10,9.4,3.2,2.7,2.8,4.9,10,10,10,9.54687,5.52,2.82,3.43111,6.79444,10,10
open_space,14,-12.1,4.83683,0,0,3,,,15.4,7.3,9.7,5.7,0,7.3,5.7,5.7,9.3,10,10,9.7,7.6,8.28,6.10444,6.81333,9.6,10,10,9.86667,8.14
open_space,19.2,-15.6,5.91616,1,1,3,0|1|1；0|0|0；0|0|0,0|0；1|0；2|0,1.7,0.5,1.2,0.5,0.452778,0.5,0.5,1.3,10,10,4.4,1.2,0.5,0.5,0.76,2.96316,10,10,6.16889,3.36222,0.733333
open_space,12.3,-7.5,2.43671,1,1,3,0|1|1；0|0|0；0|0|0,0|0；-0.5|0.5；-0.5|-0.5,17.3,7.3,7.3,10,0,10,10,10,9.8,7.4,7.4,7.3,7.3,10,10,10,9.9,8.05556,8.40952,7.93556,8.18718
open_space,11.5,-12.6,3.2763,0,0,3,,,17.1,9,10,7.1,0,9,7.1,7.2,8.2,8.3,10,10,10,9.44286,7.58222,8.13421,8.68837,8.90714,10,10,10
open_space,16.6,-8.5,3.33016,0,0,3,,,18.4,10,5.5,3.8,0,10,10,3.8,3.1,3.2,5.5,8.4,10,10,10,5.73158,3.25333,3.86889,7.90889,9.0625,10
open_space,6.6,-9.1,1.65752,0,0,3,,,16.4,8.5,10,6.4,0,8.5,6.4,6.4,9.9,10,10,10,8.9,9.27273,6.94222,7.47333,9.9,10,10,10,9.20937
open_space,6.7,-5.9,6.26395,1,1,3,0|1|1；0|0|0；0|0|0,0|0；-0.5|0.5；-0.5|-0.5,15.7,8.4,9,5.7,0,8.4,5.7,5.7,6.5,6.5,9,10,10,9.08889,6.47333,6.30667,7.28667,7.19556,9.43333,10,10
open_space,14.6,-8.6,1.06177,1,1,3,0|1|1；0|0|0；0|0|0,0|0；-0.5|0.5；-0.5|-0.5,13.8,5.3,5.1,8.7,0,8.4,8.7,10,10,10,5.9,5.1,5.3,8.69333,9.27222,10,10,10,7.41667,5.27778,6.84
open_space,14.3,-11.9,4.60175,1,1,3,0|1|1；0|0|0；0|0|0,0|0；-0.5|0.5；-0.5|-0.5,15.4,7.8,10,5.4,0,7.8,5.4,5.4,6.9,10,10,10,7.9,8.30222,6.46889,5.77333,8.11579,10,10,10,8.6125
open_space,7.1,-6.9,0.140935,1,1,3,0|1|1；0|0|0；0|0|0,0|0；-0.5|0.5；-0.5|-0.5,16.7,8.5,10,6.7,0,8.5,6.7,6.8,6.9,7,10,10,10,9.17273,7.14222,7.92889,7.35333,7.97949,10,10,10
open_space,6.1,-2,1.17016,0,0,3,,,6.8,1.8,4.9,1.9,0.291667,1.8,1.9,4.5,6.4,10,10,4.9,2,1.84222,2.7,5.88889,7.7303,10,10,6.64545,2.80667
open_space,0.5,-1,1.37648,0,0,3,,,1.7,0.5,1.4,0.3,0.694444,0.5,0.3,0.3,0.4,1.3,10,1.4,0.8,0.746667,0.362222,0.3,0.584444,2.84,10,3.1069,1.00222
open_space,11.7,-11.2,0.690605,1,1,3,0|1|1；0|0|0；0|0|0,0|0；-0.5|0.5；-0.5|-0.5,18.1,8,8.1,10,0,10,10,10,10,8.6,8.5,8.1,8,10,10,10,10,9.09231,8.90526,8.73871,8.53256
open_space,8.6,-2.5,1.38934,1,1,3,0|1|1；0|0|0；0|0|0,0|0；-0.5|0.5；-0.5|-0.5,6.9,2.3,4.1,2.8,0.216667,2.3,2.8,8.4,10,10,10,4.1,2.3,2.40889,4.82444,8.79773,10,10,10,6.08095,2.88667
open_space,10.7,-1,6.28091,1,1,3,0|1|1；0|0|0；0|0|0,0|0；-0.5|0.5；-0.5|-0.5,10.8,1.1,10,0.8,0.416667,1.1,0.8,0.8,1.1,10,10,10,9,3.30889,0.891111,0.884444,2.5,10,10,10,9.34615
open_space,14.4,-19.6,5.60767,1,1,3,0|1|0；0|0|1；0|0|0,0|0；-0.5|0；-1|0,5.4,0.1,0.1,5.3,0.494444,0.1,5.3,8.4,10,0.6,0.1,0.1,0.1,1.06,6.26889,9.175,10,2.58333,0.184444,0.1,0.1
open_space,15,-0.3,1.31614,1,1,3,0|1|1；0|0|0；0|0|0,0|0；1|0；2|0,0.3,0.1,0.2,0.1,0.494444,0.1,0.1,0.2,10,9.5,4.9,0.2,0.1,0.1,0.133333,0.88,10,9.65,6.29333,1.94889,0.1
open_space,13.4,-10.7,4.70842,1,1,3,0|1|1；0|0|0；0|0|0,0|0；-0.5|0.5；-0.5|-0.5,16.3,9,10,6.3,0,9,6.3,6.3,8.9,10,10,10,9,9.36061,7.10667,7.02889,9.35714,10,10,10,9.35
open_space,16.2,-17.8,4.82864,1,1,3,0|1|1；0|0|0；0|0|0,0|0；-0.5|0.5；-0.5|-0.5,5.4,1.9,2.4,3,0.280556,1.9,3,3.5,5.6,10,10,2.4,1.9,2.25333,3.56889,4.15556,7.34211,10,10,4.26,2.03778
open_space,18.9,-18.9,1.53169,0,0,3,,,10.8,1.1,0.8,1.2,0.666667,10,10,1.2,0.8,0.8,0.8,0.8,1.1,10,10,2.69737,0.906667,0.871111,0.904444,0.871111,2.41163
open_space,17.5,-11.1,1.86001,1,1,3,0|1|1；0|0|0；0|0|0,0|0；-0.5|0.5；-0.5|-0.5,12.3,4.6,2.2,9.9,0.233333,10,10,9.9,8.1,2.5,2.2,2.3,4.6,10,10,9.95,8.86222,3.96667,2.27111,2.98444,6.6
open_space,3,-15.5,2.87506,0,0,3,,,9,2.8,5.8,3.2,0.102778,2.8,3.2,4.2,4.8,10,10,5.8,2.9,2.89333,4.19333,4.34,6.53056,10,10,7.37692,3.78
open_space,6,-9.2,4.35509,0,0,3,,,15.8,6.4,5.8,10,0,10,10,10,9.7,9,6.2,5.8,6.4,10,10,10,9.85,9.24,7.725,5.94889,7.73226
open_space,8.7,-11.4,0.891102,0,0,3,,,20,10,8.3,8.5,0,10,10,8.5,8.5,8.3,8.3,10,10,10,10,8.91579,9.08889,8.7725,8.95862,10,10
open_space,16.7,-7,5.42433,0,0,3,,,13,3,10,3,0,3,3,3.9,6.8,9,10,10,4.7,3.50889,3.24444,5.97111,7.36889,9.41429,10,10,6.53478
open_space,8.1,-18.7,5.09018,1,1,3,0|1|1；0|0|0；0|0|0,0|0；-0.5|0.5；-0.5|-0.5,3.5,1,1.1,2.4,0.394444,1.1,2.4,10,10,8.7,2.7,1.1,1,1.47556,4.33333,10,10,9.22857,6.91111,1.56,1.02
open_space,12,-19.5,4.70814,0,0,3,,,0.6,0.2,0.3,0.3,0.483333,0.2,0.3,7.7,10,10,10,0.3,0.2,0.206667,0.84,8.40732,10,10,10,0.767442,0.208889
open_space,16.3,-12.5,5.17292,0,0,3,,,11,3.6,7.6,3.4,0,3.6,3.4,3.8,10,10,10,7.6,7.2,4.86889,3.49111,5.64889,10,10,10,8.56,7.39778
open_space,10.7,-15.5,3.5577,0,0,3,,,14.2,4.5,10,4.2,0,4.5,4.2,4.6,9,9.8,10,10,10,6.24318,4.30667,6.51556,9.24,9.9,10,10,10
open_space,16.8,-2.7,6.27809,1,1,3,0|1|1；0|0|0；0|0|0,0|0；-0.5|0.5；-0.5|-0.5,6.7,2.9,4.2,2.5,0.238889,2.9,2.5,2.5,3.5,10,10,4.2,2.9,3.21111,2.81556,2.77778,5.5375,10,10,6.16071,3.26889
open_space,16.5,-13.9,5.83564,1,1,3,0|1|1；0|0|0；0|0|0,0|0；-0.5|0.5；-0.5|-0.5,9.2,3.2,5.8,3.4,0,3.2,3.4,7.3,10,10,6.5,5.8,3.6,3.28889,4.56222,8.4875,10,10,7.83103,5.96444,4.99556
open_space,8,-10.1,3.35089,0,0,3,,,19,7.8,9.4,9.6,0,8,9.6,9.8,10,10,9.9,9.4,7.8,8.76429,9.71379,9.91667,10,10,9.94211,9.7,8.16889
open_space,14.3,-7.3,1.89689,0,0,3,,,15.7,7.1,5.4,10,0,7.5,10,10,10,6.1,5.4,5.7,7.1,8.46296,10,10,10,7.54194,5.55778,7.18889,7.30444
open_space,15.2,-10,4.40524,0,0,3,,,14.7,9.7,10,4.5,0,9.7,4.7,4.5,5.1,9.8,10,10,10,9.80667,6.32889,4.62889,6.76757,9.87692,10,10,10
open_space,1.2,-9.5,2.15983,0,0,3,,,10.5,1,9.5,1,0.394444,1,1,1.2,4.9,10,10,9.5,1.8,1.26,1.04,2.06,6.56667,10,10,9.74545,5.82222
open_space,6.9,-10.3,1.77827,0,0,3,,,16.7,8.1,10,6.7,0,8.1,6.7,6.8,9.4,9.6,10,10,10,8.94,7.02,7.95676,9.55,9.77778,10,10,10
open_space,18.8,-0.3,1.26552,1,1,3,0|1|1；0|0|0；0|0|0,0|0；1|0；2|0,0.3,0.1,0.2,0.1,0.7,0.1,0.1,0.2,10,2,0.9,0.2,0.1,0.1,0.126667,0.833333,10,3.81818,1.25111,0.591111,0.106667
open_space,4.9,-8.5,2.51127,0,0,3,,,13.1,4.7,8.3,4.8,0,4.7,4.8,7.9,10,10,10,8.3,5.9,4.98222,5.73333,8.83333,10,10,10,8.74884,8.00222
open_space,1.4,-4.2,1.57677,1,1,3,0|1|1；0|0|0；0|0|0,0|0；-0.5|0.5；-0.5|-0.5,6.9,1.7,5.7,1.2,0.369444,1.7,1.2,1.2,1.7,10,10,5.7,4,3.06,1.33778,1.33556,3.5,10,10,7.39545,4.48667
open_space,5.7,-2.6,4.48667,1,1,3,0|1|1；0|0|0；0|0|0,0|0；-0.5|0.5；-0.5|-0.5,15.5,6.5,2.8,4.6,0.197222,10,10,4.6,2.5,2.4,2.8,5.5,6.5,10,10,6.51111,3.12222,2.49333,4.3,5.72222,7.82
open_space,3.5,-8.2,2.63402,0,0,3,,,11.4,3.3,8,3.4,0,3.3,3.4,6.7,10,10,9.2,8,3.8,3.41111,4.43111,8.14545,10,10,9.5875,8.28,5.82
open_space,17.4,-19.6,5.30581,0,0,3,,,0.4,0.1,0.1,0.3,0.608333,0.1,0.3,2.8,10,10,0.1,0.1,0.1,0.148889,2.03111,4.58605,10,10,0.409091,0.1,0.1
open_space,14.1,-17.7,1.38656,0,0,3,,,15.6,6.8,2.4,3.6,0.266667,10,10,3.6,2,2,2.4,5.6,6.8,10,10,5.68261,2.51111,2.09111,3.93556,5.87333,8.04545
open_space,11.6,-9,5.07605,1,1,3,0|1|1；0|0|0；0|0|0,0|0；-0.5|0.5；-0.5|-0.5,18.1,8.9,10,8.1,0,8.9,8.1,8.7,8.8,9.4,10,10,10,9.45,8.32,9.365,9.04,9.7,10,10,10
open_space,1.4,-15.5,3.46501,0,0,3,,,3.9,1.2,1.3,2.6,0.372222,1.3,2.6,4.4,9.4,10,3.9,1.3,1.2,1.67333,4.01333,5.90444,9.55,10,5.72727,2.02889,1.22444
open_space,6.8,-17,1.08412,1,1,3,0|1|1；0|0|0；0|0|0,0|0；-0.5|0.5；-0.5|-0.5,13.2,10,2.8,6.6,0.133333,10,7.5,6.6,3.1,2.7,2.8,5.7,10,10,8.5619,6.81333,4.66667,2.78222,3.7,7.36923,10
open_space,2.1,-17.4,3.08969,0,0,3,,,5.2,1.9,2.9,2.3,0.5,1.9,2.3,2.3,3.1,10,10,2.9,1.9,2.06889,2.56,2.50667,4.98286,10,10,4.89032,2.18889
open_space,17.2,-14.4,3.84528,1,1,3,0|1|1；0|0|0；0|0|0,0|0；-0.5|0.5；-0.5|-0.5,13.9,5.3,10,2.5,0.180556,5.3,3.9,2.5,2.5,3.3,10,10,8.3,6.23556,5.19778,2.93333,2.69556,5.225,10,10,9.05
open_space,16.2,-14.4,0.276846,0,0,3,,,11.1,3.5,4,7.1,0,3.6,7.1,10,10,6.1,5.3,4,3.5,4.7,8.25556,10,10,7.6,5.48222,5.27333,3.62
open_space,2.3,-9.3,2.27001,1,1,3,0|1|1；0|0|0；0|0|0,0|0；-0.5|0.5；-0.5|-0.5,11.2,2.1,9.1,2.1,0.25,2.1,2.1,2.7,10,10,10,9.1,3.3,2.46889,2.26222,4.71282,10,10,10,9.495,6.78
open_space,5.3,-5.8,1.67177,1,1,3,0|1|1；0|0|0；0|0|0,0|0；-0.5|0.5；-0.5|-0.5,12.4,5.6,7.3,5.1,0,5.6,5.1,5.1,8,10,10,7.3,5.6,6.41111,5.50667,6.00444,8.84444,10,10,8.47647,6.04222
open_space,1,-9.8,2.53437,0,0,3,,,5.5,0.8,4.7,0.8,0.416667,0.8,0.8,1.4,10,10,10,4.7,1,0.837778,0.975556,5.16889,10,10,10,9.07037,1.77333
open_space,19.6,-10.2,5.18712,0,0,3,,,10.1,0.1,10,0.1,0.494444,0.1,0.1,0.1,0.2,10,10,10,0.2,0.106667,0.1,0.126667,2.99167,10,10,10,4.33333
open_space,14.7,-0.3,3.13092,1,1,3,0|1|0；0|0|1；0|0|0,0|0；-0.5|0；-1|0,10.1,0.1,0.1,7.3,0.494444,4.7,10,7.3,5,0.1,0.1,0.1,0.1,4.7,10,8.39286,5.65556,0.513333,0.1,0.1,0.28
open_space,18.8,-5.2,1.11252,1,1,3,0|1|1；0|0|0；0|0|0,0|0；-0.5|0.5；-0.5|-0.5,6.2,0.9,0.9,5.3,0.405556,2,5.3,10,10,2.8,1,0.9,0.9,4.27556,6.80952,10,10,4.73846,1.50222,0.917778,1.25333
open_space,7,-5.1,6.18464,0,0,3,,,14.9,7.9,8.8,4.9,0,7.9,4.9,4.9,6.3,6.8,8.8,10,10,8.8,5.81556,5.26667,7.31556,7.3,9.35556,10,10
open_space,1.9,-9.6,4.2727,0,0,3,,,11.7,1.8,1.7,10,0.308333,3.9,10,10,10,5.2,1.9,1.7,1.8,5.89375,10,10,10,8.9125,2.79333,1.74222,2.43333
open_space,15.1,-10.4,2.80946,1,1,3,0|1|1；0|0|0；0|0|0,0|0；-0.5|0.5；-0.5|-0.5,19.9,10,5.1,9.3,0,10,9.9,9.3,4.9,4.6,5.1,10,10,10,9.96667,9.51429,6.48605,4.72667,6.72162,10,10
open_space,8.3,-18.9,5.08455,0,0,3,,,2.8,0.8,0.9,1.9,0.416667,0.9,1.9,10,10,8.9,2.2,0.9,0.8,1.16889,3.85,10,10,9.38333,6.77556,1.25111,0.808889
open_space,14,-13.6,3.93335,0,0,3,,,16.1,6.1,10,5.7,0,6.1,6.1,5.7,5.7,8.1,10,10,8.7,6.84889,6.82222,6.39778,6.38889,8.95455,10,10,9.325
open_space,14.9,-14.7,0.241465,1,1,3,0|1|1；0|0|0；0|0|0,0|0；-0.5|0.5；-0.5|-0.5,14.3,4.8,5,9.2,0,4.9,9.2,10,10,5.9,5,5.1,4.8,6.24444,9.5,10,10,7.44828,5.20444,5.92667,4.98889
open_space,15.4,-8.8,3.14922,0,0,3,,,18.6,10,6.1,6.1,0,10,10,6.1,4.3,4.3,6.1,8.6,10,10,10,7.67,4.81778,4.81333,8.32444,9.04839,10
open_space,1.3,-15.9,1.48709,0,0,3,,,11.1,1.7,5,1.1,0.380556,1.7,1.1,1.1,1.4,3.8,5,10,10,3.54706,1.28444,1.18222,2.57333,4.09778,6.71786,10,10
open_space,17.7,-0.4,5.35644,0,0,3,,,10.3,2,1.1,0.2,0.625,2,0.3,0.2,0.2,0.2,1.1,10,3.4,2.44,1.02,0.226667,0.2,0.413333,2.8125,10,5.384
open_space,13.9,-10.6,0.813159,0,0,3,,,15.8,5.8,5.8,10,0,8.4,10,10,10,9.1,8.1,5.8,5.8,9.13333,10,10,10,9.38462,9.26571,6.44444,6.56
open_space,8.9,-18.1,5.17749,0,0,3,,,6.7,1.6,1.7,5,0.322222,1.8,5,10,10,9.2,3.6,1.7,1.6,2.65778,6.83,10,10,9.56364,7.59778,2.26889,1.64
open_space,1.1,-0.6,0.715173,0,0,3,,,10.4,0.4,10,0.4,0.683333,0.4,0.4,0.5,0.9,1.2,10,10,0.6,0.455556,0.426667,0.766667,0.968889,2.70667,10,10,1.53947
open_space,15.9,-3.1,1.29938,1,1,3,0|1|1；0|0|0；0|0|0,0|0；-0.5|0.5；-0.5|-0.5,7.1,2.9,3.8,3.3,0.0611111,2.9,3.3,10,10,7.9,4,3.8,3,2.99333,5.12955,10,10,8.84286,5.16,3.92444,3.79111
open_space,17.5,-14.9,2.00979,0,0,3,,,12.4,6.4,2.2,5.1,0.233333,10,10,5.1,4.8,2.4,2.2,2.4,6.4,10,10,6.69268,4.92444,3.22444,2.25333,3.53556,7.8375
open_space,9.5,-10,3.42192,0,0,3,,,19.7,9.3,9.8,9.7,0,9.7,9.7,10,10,10,9.8,10,9.3,9.84286,9.81935,10,10,10,9.876,10,9.48684
open_space,6.7,-19.1,5.41523,1,1,3,0|1|1；0|0|0；0|0|0,0|0；-0.5|0.5；-0.5|-0.5,7.3,0.6,0.6,6.7,0.438889,0.8,6.7,10,10,6.5,0.9,0.6,0.6,1.68222,7.6,10,10,7.64889,2.99333,0.695556,0.64
open_space,8.2,-11.9,1.71398,0,0,3,,,18,10,10,8,0,10,8,8.1,7.8,7.9,10,10,10,10,8.52222,8.87812,8.31111,8.62581,10,10,10
open_space,4.3,-5.1,1.00011,1,1,3,0|1|1；0|0|0；0|0|0,0|0；-0.5|0.5；-0.5|-0.5,14.9,4.9,10,4.1,0,4.9,4.9,4.1,4.2,7.5,10,10,5.9,5.12444,5.52444,4.28889,5.21556,8.55556,10,10,7.44286
open_space,1.5,-19.5,0.588806,0,0,3,,,2.6,0.8,0.2,1.3,0.672222,10,2.4,1.3,0.3,0.2,0.2,0.2,0.8,10,4.32308,1.64222,0.873333,0.233333,0.2,0.366667,2.14545
open_space,14,-14.7,2.40832,0,0,3,,,15.3,10,5.7,5,0,10,6.8,5,5,5.7,5.7,8.5,10,10,8.15,5.5,5.72667,6.25556,6.52222,9.15,10
open_space,4.9,-8.2,1.88928,0,0,3,,,13.7,5.3,9,4.7,0,5.3,4.7,4.9,10,10,10,9,8,7.29333,4.84,6.56444,10,10,10,9.46,8.24444
open_space,8.8,-8.8,1.03554,0,0,3,,,18.9,8.6,10,8.6,0,8.6,8.9,8.6,8.9,10,10,10,10,8.94,9.35294,8.94,9.35294,10,10,10,10
open_space,7.2,-16.3,5.94293,1,1,3,0|1|1；0|0|0；0|0|0,0|0；-0.5|0.5；-0.5|-0.5,13.4,3.8,3.4,10,0,10,10,10,7.5,7,3.6,3.4,3.8,10,10,10,8.47308,7.18889,4.95778,3.48889,5.53333
open_space,17.3,-5.1,0.401403,0,0,3,,,7.5,2.4,2.6,4.9,0.197222,2.6,4.9,5.3,10,10,6.3,2.6,2.4,3.64667,5.02,6.86053,10,10,7.82222,3.68,2.46222
open_space,14.8,-4.6,4.61877,0,0,3,,,14.9,7.8,5.7,4.9,0,7.8,4.9,4.9,4.4,4.4,5.7,10,10,8.76,5.80667,5.26889,5.18667,4.73111,7.32,10,10
open_space,1,-9,3.02518,1,1,3,0|1|1；0|0|0；0|0|0,0|0；1|0；2|0,2.3,0.8,1.3,1,0.416667,0.8,1,6.5,10,10,8.9,1.3,0.8,0.846667,2.01333,7.8,10,10,9.32727,4.38222,0.951111
open_space,2.3,-16.3,2.78672,0,0,3,,,7.5,2.1,5.2,2.3,0.25,2.1,2.3,3.4,3.7,9.7,10,5.2,2.3,2.15111,3.10667,3.48667,5.41556,9.7,10,6.875,3.10889
open_space,15.1,-9.2,3.70779,0,0,3,,,18.8,10,9,4.7,0,10,8.8,4.7,4.6,5.4,9,10,10,10,9.32,5.96,4.78667,7.81136,9.26,10,10
open_space,12,-18.8,5.14371,0,0,3,,,3.5,0.9,1,2.5,0.405556,1,2.5,8.5,10,10,2.2,1,0.9,1.41111,6.66667,9.14375,10,10,4.02105,1.31556,0.915556
open_space,8.5,-17.2,4.91079,0,0,3,,,7.5,2.5,3,4.5,0.177778,2.5,4.5,10,10,10,8.3,3,2.5,3.14444,6.405,10,10,10,8.71556,5.16,2.62
open_space,4.5,-8.5,4.78029,0,0,3,,,14.3,6.5,4.3,10,0,10,10,10,8.3,5.8,4.3,4.3,6.5,10,10,10,8.80263,7.96222,4.69778,4.96889,7.8625
open_space,7.3,-14,6.19046,0,0,3,,,15.7,7.4,5.7,10,0,10,10,10,7.1,7.1,5.7,5.7,7.4,10,10,10,8.07692,7.63333,6.75333,6.13556,8.45625
open_space,18.8,-4,4.38926,0,0,3,,,11,2,4.2,0.9,0.405556,2,1,0.9,1,2.7,4.2,10,10,3.90952,1.27556,0.915556,1.47778,3.8,6.01905,10,10
open_space,3.9,-16.5,3.77534,0,0,3,,,7,3.2,3.8,3.2,0,3.2,3.2,4,10,10,6.4,3.8,3.7,3.88444,3.38,5.875,10,10,7.77857,4.55556,3.90889
open_space,1.7,-0.5,0.141191,0,0,3,,,10.3,0.4,2.5,0.3,0.652778,0.4,0.3,0.3,0.5,1.5,2.5,10,2.1,0.688889,0.308889,0.344444,1.05333,1.80222,4.42069,10,3.76667
open_space,16.2,-5.5,2.65307,0,0,3,,,15.3,5.5,3.7,10,0,10,10,10,4,3.5,3.7,5.3,5.5,10,10,10,5.79024,3.61111,4.72444,5.47111,7.02143
open_space,9.7,-7,2.73155,0,0,3,,,16.8,7.3,6.8,10,0,9.5,10,10,10,10,7.5,6.8,7.3,9.67895,10,10,10,10,8.525,6.98444,8.3963
open_space,4.1,-11.4,2.08486,0,0,3,,,13.9,4.1,10,3.9,0,4.1,3.9,4.5,8.3,9.5,10,10,8.1,5.29556,4.02667,6.60222,8.57778,9.7,10,10,8.88333
open_space,2.9,-11.1,4.94656,1,1,3,0|1|1；0|0|0；0|0|0,0|0；-0.5|0.5；-0.5|-0.5,12.8,5.1,2.7,10,0.133333,8.8,10,10,10,3.2,2.7,2.8,5.1,9.32222,10,10,10,5.13023,2.80889,3.48667,8.01333
open_space,10.1,-2,5.57128,1,1,3,0|1|1；0|0|0；0|0|0,0|0；-0.5|0.5；-0.5|-0.5,12.4,9.6,9.9,1.8,0.294444,9.6,2.4,1.8,1.8,2.7,9.9,10,10,9.71429,5.05778,1.95778,2.07778,6.31778,9.96667,10,10
open_space,8.4,-15.5,2.66892,1,1,3,0|1|1；0|0|0；0|0|0,0|0；-0.5|0.5；-0.5|-0.5,14.8,8.2,10,4.2,0,8.2,4.8,4.2,4.4,9.2,10,10,9.3,8.45111,6.81778,4.32667,5.84,9.5,10,10,9.65
open_space,10.3,-1.1,0.843891,1,1,3,0|1|1；0|0|0；0|0|0,0|0；-0.5|0.5；-0.5|-0.5,10.3,0.9,9.4,0.9,0.405556,0.9,0.9,1.3,10,10,10,9.4,1.2,0.98,1.02444,2.87838,10,10,10,9.59167,3.00667
open_space,15.6,-8.7,0.552761,1,1,3,0|1|1；0|0|0；0|0|0,0|0；-0.5|0.5；-0.5|-0.5,12.7,4.1,4.2,8.5,0,4.8,8.5,10,10,10,8,4.2,4.1,7.09333,8.83333,10,10,10,8.82857,5.37556,4.26
open_space,1.9,-5.6,1.29234,1,1,3,0|1|1；0|0|0；0|0|0,0|0；-0.5|0.5；-0.5|-0.5,11.8,3.6,10,1.7,0.308333,3.6,1.8,1.7,1.9,6.1,10,10,5.6,5.2,2.31333,1.75111,3.02444,7.58571,10,10,7.07561
open_space,15.4,-17.4,6.07105,0,0,3,,,7.4,2.7,2.3,5.1,0.216667,4.3,5.1,10,10,4.3,2.4,2.3,2.7,4.48444,6.86667,10,10,6.20526,2.96,2.39333,3.87111
open_space,11.2,-4.1,0.981228,0,0,3,,,12.5,3.9,8.5,4,0,3.9,4,7,10,10,10,8.5,4.7,4.09556,4.89333,8.3,10,10,10,8.87674,7.14
open_space,19.2,-2.8,3.60366,0,0,3,,,4,8.1,1.5,0.5,0.552778,10,1.1,0.5,0.5,0.6,1.5,2.9,8.1,10,2.48696,0.695556,0.5,0.808889,2.51111,4.32667,8.8
open_space,15.6,-19.1,1.68011,1,1,3,0|1|1；0|0|0；0|0|0,0|0；-0.5|0.5；-0.5|-0.5,10.1,6.5,0.9,0.8,0.438889,10,6,0.8,0.6,0.6,0.9,4.1,6.5,10,7.7,1.62,0.637778,0.697778,2.43333,4.84667,7.89333
open_space,5.2,-2.5,2.47497,0,0,3,,,7.3,2.3,2.3,5,0.216667,3.7,5,8.1,10,10,3,2.3,2.3,4.90667,5.94889,8.9,10,10,4.84737,2.46444,2.72889
open_space,13.1,-4,3.6923,0,0,3,,,14.5,10,3.8,6.8,0,10,10,6.8,6.6,3.9,3.8,4.5,10,10,10,7.94286,6.85111,4.98889,3.94667,6.26486,10
open_space,11.4,-4.7,2.86514,0,0,3,,,14.5,5.1,4.5,10,0,10,10,10,8.7,8.3,4.7,4.5,5.1,10,10,10,9.24444,8.56889,6.14444,4.64889,6.83429
open_space,7.7,-4.9,1.03911,0,0,3,,,14.9,4.7,10,4.9,0,4.7,4.9,7.5,7.7,10,10,10,5.5,4.88,6.18667,7.79111,8.62857,10,10,10,7.10323
open_space,11.8,-17,4.00808,1,1,3,0|1|1；0|0|0；0|0|0,0|0；-0.5|0.5；-0.5|-0.5,12.7,2.7,10,2.7,0.133333,2.7,2.7,4.1,7.9,10,10,10,3.6,2.93333,3.13556,6.84,8.63529,10,10,10,5.56765
open_space,19,-2.8,4.59144,1,1,3,0|1|1；0|0|0；0|0|0,0|0；-0.5|0.5；-0.5|-0.5,10.7,1.1,3.3,0.7,0.544444,1.1,0.7,0.7,0.9,2.6,3.3,10,10,2.66176,0.833333,0.74,1.58222,2.76667,5.26579,10,10
open_space,9.5,-10.1,2.32742,1,1,3,0|1|1；0|0|0；0|0|0,0|0；-0.5|0.5；-0.5|-0.5,19.2,9.3,9.9,9.3,0,9.3,9.3,9.6,9.6,10,10,9.9,9.9,9.565,9.5125,9.76,9.72632,10,10,9.95,9.93333
open_space,10.5,-5.7,4.79571,0,0,3,,,19.2,10,8.5,7.3,0,10,9.2,7.3,5.5,5.5,8.5,10,10,10,9.425,9.04444,5.97556,6.41111,9.2125,10,10
open_space,17.1,-10.4,1.41531,0,0,3,,,12.6,3.2,2.6,10,0.158333,10,10,10,9.4,4.5,2.6,2.6,3.2,10,10,10,9.69231,7.99778,3.20667,2.74,5.1675
open_space,14.4,-17.5,5.21782,0,0,3,,,7.6,2.2,2.3,5.3,0.236111,2.5,5.3,6.1,10,10,4.6,2.3,2.2,3.78222,5.47111,7.52667,10,10,6.5375,3,2.26667
open_space,19.1,-12.9,2.64131,0,0,3,,,9,10,0.6,2.1,0.438889,10,7.8,2.1,0.7,0.6,0.6,1.2,10,10,8.72222,6.18,1.05778,0.613333,0.795556,2.76923,10
open_space,1.2,-1.1,2.41257,0,0,3,,,1.9,0.9,0.9,1,0.65,1,1,1.5,10,10,1.2,0.9,0.9,1.09111,1.13778,3.17568,10,10,2.73023,0.98,1.02444
open_space,14.6,-1.3,1.91872,1,1,3,0|1|1；0|0|0；0|0|0,0|0；-0.5|0.5；-0.5|-0.5,3.7,1.1,1.2,2.5,0.380556,1.2,2.5,10,10,5.7,3.3,1.2,1.1,1.56889,4.675,10,10,7.20588,5.02667,1.79111,1.12222
open_space,1.7,-5.6,3.23926,1,1,3,0|1|1；0|0|0；0|0|0,0|0；-0.5|0.5；-0.5|-0.5,4.3,1.5,2,2.3,0.333333,1.5,2.3,10,10,7.1,5.4,2,1.5,1.75556,4.35625,10,10,8.31111,5.83778,3.58444,1.61556
open_space,9.1,-14.9,2.58982,1,1,3,0|1|1；0|0|0；0|0|0,0|0；-0.5|0.5；-0.5|-0.5,15.7,8.9,10,4.8,0,8.9,5.7,4.8,4.9,9.1,10,10,10,9.17805,8.04889,5.00444,6.21333,9.55,10,10,10
open_space,15.9,-7.2,4.77788,0,0,3,,,13.8,5.1,10,3.8,0,5.1,3.8,3.8,5.7,7,10,10,10,6.85385,4.15111,4.37778,7.08889,7.96744,10,10,10
open_space,1.3,-2.2,5.79409,1,1,3,0|1|1；0|0|0；0|0|0,0|0；-0.5|0.5；-0.5|-0.5,4.6,7.1,1.1,2,0.572222,7.1,2.3,2,1.3,1.1,1.1,2.3,10,8.18,3.55778,2.06222,1.75556,1.12444,1.49111,4.13182,10
open_space,5,-1.4,6.18232,1,1,3,0|1|1；0|0|0；0|0|0,0|0；-0.5|0.5；-0.5|-0.5,11.2,1.9,6.2,1.2,0.369444,1.9,1.2,1.2,1.5,4.8,6.2,10,10,3.73125,1.41778,1.28222,2.87111,5.14889,7.68261,10,10
open_space,12.6,-7.4,0.71467,0,0,3,,,14.3,7.1,7.1,7.2,0,7.2,7.2,9.5,10,10,10,7.1,7.1,8.32222,7.81556,9.75,10,10,10,8.09268,7.70667
open_space,2.4,-0.6,3.33835,0,0,3,,,4.3,0.7,0.4,3.9,0.597222,2.2,3.9,10,2,0.5,0.4,0.4,0.7,2.76,5.95455,10,4.05556,0.82,0.411111,0.484444,1.6
open_space,14.4,-13.6,0.555396,1,1,3,0|1|1；0|0|0；0|0|0,0|0；-0.5|0.5；-0.5|-0.5,15.5,5.3,5.5,10,0,6.2,10,10,10,6.3,6.1,5.5,5.3,7.66296,10,10,10,7.55385,6.34222,6.62667,5.50667
open_space,12.4,-6.6,0.475564,0,0,3,,,14.1,6.8,7.7,6.4,0,6.8,6.4,7.2,10,10,10,7.7,7.3,8.16222,6.58667,8.32917,10,10,10,8.608,7.51333
open_space,9.7,-0.9,4.08719,1,1,3,0|1|1；0|0|0；0|0|0,0|0；-0.5|0.5；-0.5|-0.5,11.2,9.6,0.7,4.6,0.427778,10,10,4.6,0.9,0.7,0.7,1.2,9.6,10,10,8.73571,1.61778,0.735556,0.842222,4.57778,9.79
open_space,13.6,-8.7,4.13073,0,0,3,,,17.4,10,8.7,6.1,0,10,7.4,6.1,6.2,8.5,8.7,10,10,10,8.47895,6.39556,7.50714,8.88636,9.20952,10,10
open_space,7.9,-7.3,4.30261,0,0,3,,,17.7,8.3,7.6,10,0,10,10,10,7.8,7.1,7.6,7.7,8.3,10,10,10,8.69524,7.28444,8.79,7.90667,8.99474
open_space,8.8,-7.2,4.88972,0,0,3,,,18.7,10,8.6,8.6,0,10,10,8.6,7,7.1,8.6,8.7,10,10,10,9.27273,7.38444,8.11389,8.9561,9.25455,10
open_space,9.3,-9.1,3.7554,1,1,3,0|1|1；0|0|0；0|0|0,0|0；-0.5|0.5；-0.5|-0.5,19.3,9.1,8.9,10,0,10,10,10,10,9.1,8.9,9.3,9.1,10,10,10,10,9.44706,9.17632,9.59333,9.33611
open_space,16.2,-19,1.15078,1,1,3,0|1|1；0|0|0；0|0|0,0|0；-0.5|0.5；-0.5|-0.5,11.6,3.7,0.7,2,0.427778,8.5,10,2,0.8,0.7,0.7,1.6,3.7,9.05,10,3.97647,1.10444,0.706667,1.01333,3.16889,5.14444
open_space,0.5,-0.9,4.88031,0,0,3,,,4.7,0.5,0.3,0.9,0.7,10,4.4,0.9,0.7,0.4,0.3,0.3,0.5,10,5.98,1.58889,0.731111,0.548889,0.304444,0.353333,1.3
open_space,6.3,-4.1,4.51664,1,1,3,0|1|1；0|0|0；0|0|0,0|0；-0.5|0.5；-0.5|-0.5,16.1,7.3,4.7,7.2,0,10,10,7.2,4,3.9,4.7,6.1,7.3,10,10,8.41818,4.96,4.08,6.11333,6.38444,8.38947
open_space,3.9,-16.1,0.366838,1,1,3,0|1|1；0|0|0；0|0|0,0|0；-0.5|0.5；-0.5|-0.5,13.9,8.8,3.6,4.1,0,10,10,4.1,3.7,4,3.6,3.9,8.8,10,10,5.84545,3.79333,4.43556,3.69333,5.31111,9.35
open_space,8.9,-15.5,1.18683,0,0,3,,,19.4,10,4.6,8.7,0,10,9.4,8.7,4.6,4.2,4.6,10,10,10,9.7125,8.92667,6.39778,4.30667,6.26512,10,10
open_space,14.5,-3.5,0.0271327,1,1,3,0|1|1；0|0|0；0|0|0,0|0；-0.5|0.5；-0.5|-0.5,10.6,4.6,7.3,3.3,0,4.6,3.3,3.3,4.8,10,10,7.3,5.2,5.42889,3.66222,3.72667,6.636,10,10,8.41333,5.77778
open_space,0.4,-18.4,1.0962,1,1,3,0|1|0；0|0|1；0|0|0,0|0；-0.5|0；-1|0,3,0.6,1.4,0.2,0.669444,0.6,0.2,0.2,0.2,0.4,1.4,2.8,10,1.41875,0.308889,0.2,0.251111,0.993333,1.79333,4.95714,10
open_space,11.6,-15.1,1.46388,0,0,3,,,18.1,10,5.9,7.5,0,10,10,7.5,4.6,4.6,5.9,8.1,10,10,10,8.50909,5.49333,4.92889,7.92444,8.60698,10
open_space,7.3,-8.1,2.35229,1,1,3,0|1|1；0|0|0；0|0|0,0|0；-0.5|0.5；-0.5|-0.5,15,7.1,7.9,7.1,0,7.1,7.1,10,10,10,10,7.9,7.9,7.96591,7.91333,10,10,10,10,8.58421,8.54359
open_space,8.9,-8.8,2.34536,0,0,3,,,17.3,8.6,8.6,8.7,0,8.7,8.7,10,10,10,10,8.6,8.6,9.14483,9.10323,10,10,10,10,9.06667,9.03437
open_space,5.3,-17.7,1.13867,0,0,3,,,10.4,10,2.1,5.1,0.263889,10,5.7,5.1,2.2,2,2.1,4.7,10,10,7.16176,5.24,3.25111,2.04889,2.89333,6.59286,10
open_space,4.6,-14.3,3.64317,0,0,3,,,10,4.4,4.6,5.4,0,5,5.4,6.2,10,10,9.4,4.6,4.4,5.97778,5.56889,7.55862,10,10,9.55,6.05111,4.53778
open_space,6.3,-6,1.90247,0,0,3,,,12.6,5.8,6.5,6.1,0,6.1,6.1,6.4,10,10,10,6.5,5.8,7.17778,6.27333,7.71176,10,10,10,7.80357,5.96889
open_space,1.1,-19.6,3.03626,0,0,3,,,1.5,0.1,1.4,0.1,0.7,0.1,0.1,0.1,0.1,0.5,10,1.4,0.9,0.393333,0.1,0.1,0.177778,1.2,10,3.18824,1.06222
open_space,12.1,-2.1,2.49112,1,1,3,0|1|1；0|0|0；0|0|0,0|0；-0.5|0.5；-0.5|-0.5,11.9,1.9,1.9,10,0.280556,3.1,10,10,9.7,7.6,2.4,1.9,1.9,5.11481,10,10,9.8,8.11556,4.46667,2.02444,2.27778
open_space,9.5,-7.7,0.553626,1,1,3,0|1|1；0|0|0；0|0|0,0|0；-0.5|0.5；-0.5|-0.5,17.5,7.7,10,7.5,0,7.7,7.5,8.8,9.3,10,10,10,10,8.61071,7.79778,9.555,9.48333,10,10,10,10
open_space,4.8,-6.3,3.2897,1,1,3,0|1|1；0|0|0；0|0|0,0|0；-0.5|0.5；-0.5|-0.5,13.5,4.6,5.8,7.7,0,4.7,7.7,10,10,7.7,6.1,5.8,4.6,5.57556,8.71,10,10,8.7,6.48889,6.64222,4.88667
open_space,11.3,-14.8,0.791567,1,1,3,0|1|1；0|0|0；0|0|0,0|0；-0.5|0.5；-0.5|-0.5,17,8.4,4.9,10,0,10,10,10,7,4.9,4.9,7,8.4,10,10,10,8.24375,5.49333,5.48667,8.57778,8.92647
open_space,19.4,-18.4,1.32829,0,0,3,,,10.3,0.3,0.3,2.5,0.663889,1.1,10,2.5,1.3,0.5,0.3,0.3,0.3,2.61538,10,4.45217,1.71111,1.08889,0.375556,0.3,0.533333
open_space,19.6,-9.8,2.61391,1,1,3,0|1|0；0|0|1；0|0|0,0|0；-0.5|0；-1|0,10.1,9.9,0.1,0.3,0.494444,10,10,0.3,0.1,0.1,0.1,0.1,9.9,10,10,4.61667,0.135556,0.1,0.1,3.5,9.96667
open_space,12.2,-5.3,5.1525,1,1,3,0|1|1；0|0|0；0|0|0,0|0；-0.5|0.5；-0.5|-0.5,17.5,8,10,5.5,0,8,7.5,5.5,5.1,5.6,10,10,10,8.85909,7.70222,7.11556,5.23556,7.17429,10,10,10
open_space,7.2,-0.5,0.728509,0,0,3,,,10.3,0.3,10,0.3,0.472222,0.3,0.3,0.4,4.4,9.4,10,10,0.4,0.333333,0.317778,0.88,7.55556,9.68,10,10,1.3125
open_space,2.9,-3.7,4.60136,0,0,3,,,12.7,3.4,2.7,5.7,0.133333,10,10,5.7,3.5,3.5,2.7,2.7,3.4,10,10,7.35,4.18222,3.73778,3.22889,2.88444,5.31389
open_space,8.6,-10.2,4.26787,0,0,3,,,18.4,8.9,8.4,10,0,9.5,10,10,10,10,9.4,8.4,8.9,9.67895,10,10,10,10,9.62857,8.64222,9.37857
open_space,11.9,-8.3,2.06782,1,1,3,0|1|1；0|0|0；0|0|0,0|0；-0.5|0.5；-0.5|-0.5,18.5,8.1,7.8,10,0,9.2,10,10,10,8.2,7.8,8.5,8.1,9.55,10,10,10,8.91364,8.04667,9.19667,8.35333
open_space,11.7,-13.8,5.91094,0,0,3,,,14.6,6.4,5.9,8.7,0,8,8.7,10,10,10,6.4,5.9,6.4,8.20889,9.27857,10,10,10,7.675,6.05111,8.20222
open_space,5.9,-12.1,0.515387,0,0,3,,,18.7,10,7.6,5.9,0,10,10,5.9,5.7,6.5,7.6,8.7,10,10,10,7.3475,5.88889,8.08889,7.85333,9.29167,10
open_space,11.2,-1.4,4.14473,1,1,3,0|1|1；0|0|0；0|0|0,0|0；-0.5|0.5；-0.5|-0.5,12.2,10,1.2,5.8,0.372222,10,10,5.8,1.4,1.2,1.2,2.2,10,10,10,8.69773,2.45778,1.24667,1.52,4.03462,10
open_space,15.6,-13.3,2.2206,1,1,3,0|1|1；0|0|0；0|0|0,0|0；-0.5|0.5；-0.5|-0.5,15.1,10,4.1,6.5,0,10,10,6.5,6.4,4.1,4.1,5.1,10,10,10,7.61429,6.74444,4.99333,4.34889,6.82414,10
open_space,12.2,-7.3,0.101874,1,1,3,0|1|1；0|0|0；0|0|0,0|0；-0.5|0.5；-0.5|-0.5,16.9,7.5,9.8,7.1,0,7.5,7.1,7.1,10,10,10,9.8,7.5,8.57442,7.66667,8.0925,10,10,10,9.85,8.1
open_space,13.9,-14.5,2.33342,1,1,3,0|1|1；0|0|0；0|0|0,0|0；-0.5|0.5；-0.5|-0.5,15.6,10,5.8,5.2,0,10,7.6,5.2,5.2,5.8,5.8,8,10,10,8.64167,5.91333,5.74667,6.53111,6.40889,8.9,10
open_space,11.8,-16.2,1.51189,0,0,3,,,17.9,10,4.7,5.3,0,10,10,5.3,3.5,3.5,4.7,7.9,10,10,10,7.08571,4.05556,3.80667,7.02889,8.49524,10
open_space,8.8,-5.2,0.318932,0,0,3,,,15,5.6,10,5,0,5.6,5,5.3,8.6,9.1,10,10,10,7.18788,5.14667,6.95778,8.86222,9.47692,10,10,10
open_space,15.1,-10.6,4.91881,1,1,3,0|1|1；0|0|0；0|0|0,0|0；-0.5|0.5；-0.5|-0.5,14.6,5.5,10,4.6,0,5.5,4.6,4.7,8.4,10,10,10,9.1,7.94651,4.82,5.82889,9.14286,10,10,10,9.33514
open_space,19.1,-11.2,3.26545,0,0,3,,,15.2,10,0.9,0.8,0.438889,10,5.2,0.8,0.6,0.6,0.9,10,10,10,8.74103,1.54222,0.633333,0.702222,2.26,10,10
open_space,9.8,-15.7,4.96775,1,1,3,0|1|1；0|0|0；0|0|0,0|0；-0.5|0.5；-0.5|-0.5,12.6,4,4.7,7.9,0,4.1,7.9,10,10,10,9.6,4.7,4,5.26667,9.62857,10,10,10,9.71935,6.73333,4.15111
open_space,13.2,-15.4,0.468123,0,0,3,,,14.8,6.5,4.3,10,0,7.3,10,10,9.8,4.5,4.3,4.8,6.5,8.4,10,10,9.8,6.11778,4.42222,6.34444,6.68667
open_space,9.2,-10.9,0.204037,0,0,3,,,19,10,8.8,10,0,10,10,10,9,9.2,8.8,9,10,10,10,10,9.25789,9.53333,9.0975,9.41667,10
open_space,2.9,-5.8,1.88452,1,1,3,0|1|1；0|0|0；0|0|0,0|0；-0.5|0.5；-0.5|-0.5,9,3.1,6.3,2.7,0.130556,3.1,2.7,2.8,5.9,10,10,6.3,5.6,4.44889,2.77778,3.75778,7.45833,10,10,7.73793,5.77111
open_space,1.4,-10.6,4.55148,1,1,3,0|1|1；0|0|0；0|0|0,0|0；-0.5|0.5；-0.5|-0.5,11.2,1.5,1.2,10,0.369444,7.2,10,10,10,2.1,1.2,1.2,1.5,9.24571,10,10,10,4.03448,1.47556,1.26,2.69333
open_space,13.9,-15.7,0.278593,1,1,3,0|1|1；0|0|0；0|0|0,0|0；-0.5|0.5；-0.5|-0.5,14.2,5.8,4,10,0,6,10,10,10,4.6,4,4.2,5.8,7.35385,10,10,10,6.36216,4.13333,5.30667,6.00222
open_space,19.5,-18.1,1.03338,0,0,3,,,10.2,0.2,0.2,6.8,0.65,0.3,10,6.8,1.9,0.7,0.2,0.2,0.2,0.96,10,8.14,3.09778,1.54667,0.342222,0.2,0.237778
open_space,11.9,-0.7,3.93353,1,1,3,0|1|1；0|0|0；0|0|0,0|0；-0.5|0.5；-0.5|-0.5,10.7,10,0.5,7.8,0.45,10,10,7.8,0.7,0.5,0.5,0.7,10,10,10,8.48974,2.16222,0.551111,0.548889,1.9093,10
open_space,5.4,-13.7,6.27825,0,0,3,,,16,8.4,6,7.5,0,10,10,7.5,5.2,5.2,6,6,8.4,10,10,8.54615,5.86222,5.79333,6.69111,6.68444,9.11111
open_space,8.8,-4.6,2.28625,0,0,3,,,13,4.4,4.4,8.6,0,5.8,8.6,10,10,10,6.8,4.4,4.4,8.13333,9,10,10,10,8.17333,5.13556,4.77111
open_space,7.8,-0.7,2.48439,0,0,3,,,8.2,0.5,0.5,7.7,0.45,0.8,7.7,10,10,4.1,0.6,0.5,0.5,3.17333,8.48235,10,10,5.7,1.25111,0.526667,0.584444
open_space,4.9,-0.7,5.35897,0,0,3,,,6.7,10,3.3,0.5,0.452778,10,0.8,0.5,0.5,0.6,3.3,5.9,10,10,2.08824,0.595556,0.524444,1.15111,4.92444,7.46154,10
open_space,16.3,-6.7,0.705398,1,1,3,0|1|1；0|0|0；0|0|0,0|0；-0.5|0.5；-0.5|-0.5,9.9,3.4,3.4,6.5,0,4.5,6.5,8.5,10,10,5.3,3.4,3.4,6.18,7.03111,9.2,10,10,7.03,3.98889,3.67333
open_space,17.4,-18.8,0.0703787,0,0,3,,,4.4,1.3,0.9,3.5,0.561111,2.3,3.5,10,10,1.2,0.9,0.9,1.3,2.65333,5.41786,10,10,2.73864,0.975556,1.03111,2.06889
open_space,3.7,-19.5,5.96981,1,1,3,0|1|0；0|0|1；0|0|0,0|0；-0.5|0；-1|0,10.2,0.2,0.2,7.9,0.483333,0.5,10,7.9,3.7,0.4,0.2,0.2,0.2,1.75,10,8.73333,4.95556,2.13556,0.255556,0.2,0.302222
open_space,16.3,-0.5,4.86697,1,1,3,0|1|0；0|0|1；0|0|0,0|0；-0.5|0；-1|0,11.9,4.3,0.5,0.4,0.472222,4.3,1.9,0.4,0.3,0.3,0.5,10,10,6.15294,3.51556,0.668889,0.306667,0.348889,1.32286,10,10
open_space,14,-9.8,4.25019,0,0,3,,,16.4,9.9,10,5.7,0,9.9,6.4,5.7,6,9.6,10,10,10,9.94,7.8069,5.86667,7.42895,9.74118,10,10,10
open_space,1,-1.4,5.95906,0,0,3,,,3.7,2.7,0.9,1.2,0.644444,2.7,1.3,1.2,0.8,0.8,0.9,2.4,10,4.67895,1.70222,1.22444,1.1,0.813333,1.30667,4.48667,10
open_space,16.1,-15.2,3.40159,1,1,3,0|1|1；0|0|0；0|0|0,0|0；-0.5|0.5；-0.5|-0.5,14.5,5.2,7.1,4.2,0,5.2,4.5,4.2,3.6,3.7,7.1,10,10,6.91515,4.66667,4.96,3.73333,4.75556,8.35,10,10
open_space,6.5,-12.3,2.07001,1,1,3,0|1|1；0|0|0；0|0|0,0|0；-0.5|0.5；-0.5|-0.5,16.3,6.6,10,6.3,0,6.6,6.3,7.2,7.4,8.4,10,10,10,7.80882,6.49778,8.36444,7.63333,9.14667,10,10,10
open_space,11.7,-0.5,0.261751,1,1,3,0|1|0；0|0|1；0|0|0,0|0；-0.5|0；-1|0,9.6,0.3,9.3,0.3,0.475,0.3,0.3,0.3,0.5,10,10,9.3,1.1,0.531111,0.3,0.375556,1.53793,10,10,9.64286,6.69333
open_space,13.8,-17.3,5.29716,0,0,3,,,8.4,2.4,2.5,5.9,0.2,2.9,5.9,7.1,10,10,4.4,2.5,2.4,4.48,6.16889,8.2381,10,10,6.28421,3.05778,2.50222
open_space,14.5,-10.9,5.63793,1,1,3,0|1|1；0|0|0；0|0|0,0|0；-0.5|0.5；-0.5|-0.5,14.1,5.2,8.8,5.3,0,5.2,5.3,8.6,10,10,10,8.8,6.6,5.54222,6.27778,9.16667,10,10,10,9.10833,8.64651
open_space,14.3,-1.4,4.10475,1,1,3,0|1|1；0|0|0；0|0|0,0|0；-0.5|0.5；-0.5|-0.5,8.7,10,1.2,5.4,0.369444,10,6.6,5.4,1.5,1.2,1.2,2.1,10,10,7.94091,5.69778,2.66444,1.26222,1.47556,4.02759,10
open_space,19.6,-14.9,6.08153,1,1,3,0|1|1；0|0|0；0|0|0,0|0；1|0；2|0,0.2,0.1,0.1,0.1,0.494444,0.1,0.1,0.3,10,8.9,4.9,0.1,0.1,0.1,0.144444,1.06667,10,9.44,6.13556,1.66,0.1
open_space,3.7,-4.7,5.73717,0,0,3,,,12,10,3.6,4.5,0,10,5.3,4.5,4.1,3.5,3.6,6.7,10,10,7,4.68667,4.90444,3.64222,4.54444,8.11667,10
open_space,7.5,-19,0.130965,0,0,3,,,10.7,1.1,0.7,9.3,0.427778,10,10,9.3,5.8,0.9,0.7,0.7,1.1,10,10,9.65,7.76,1.76444,0.74,0.826667,2.54706
open_space,1.8,-1.1,2.39284,0,0,3,,,2.5,0.9,0.9,1.6,0.613889,1.3,1.6,2.3,10,10,1.2,0.9,0.9,1.61333,1.80667,4.17353,10,10,2.79048,0.988889,1.01333
open_space,6.4,-14.6,1.30444,1,1,3,0|1|1；0|0|0；0|0|0,0|0；-0.5|0.5；-0.5|-0.5,16.5,10,5.9,6.2,0,10,6.5,6.2,5.3,5.1,5.9,10,10,10,7.69444,6.40889,6.54444,5.27333,7.35,10,10
open_space,14.3,-19.2,3.00624,1,1,3,0|1|1；0|0|0；0|0|0,0|0；-0.5|0.5；-0.5|-0.5,10.5,0.8,6.8,0.5,0.45,0.8,0.5,0.5,0.6,3.4,6.8,10,10,2.04412,0.593333,0.524444,1.15778,5.63556,8.08571,10,10
open_space,16.8,-10.7,3.84007,0,0,3,,,14.6,9,10,2.9,0.0583333,9,4.6,2.9,2.9,3.8,10,10,10,9.41905,7.74889,3.41333,3.12,5.71765,10,10,10
open_space,0.4,-15.3,3.46396,0,0,3,,,0.6,0.2,0.2,0.4,0.483333,0.2,0.4,4.6,9.8,10,0.5,0.2,0.2,0.255556,2.50444,6.18222,9.8,10,1.51176,0.304444,0.2
open_space,7.7,-8.7,1.7995,1,1,3,0|1|1；0|0|0；0|0|0,0|0；-0.5|0.5；-0.5|-0.5,17.5,8.5,10,7.5,0,8.7,7.5,7.7,10,10,10,10,8.5,9.2931,7.82444,8.55517,10,10,10,10,8.86889
open_space,6.9,-3.1,4.40046,0,0,3,,,16.7,7.5,3.3,6.5,0.0583333,10,10,6.5,3.1,2.9,3.3,6.7,7.5,10,10,7.91,4.09778,2.97778,4.81111,6.89333,8.55909
open_space,8.5,-3.3,1.0678,0,0,3,,,13.2,3.1,10,3.2,0,3.1,3.2,6.4,8.6,10,10,10,3.6,3.20222,4.17556,8.23333,9.22105,10,10,10,5.43256
open_space,15.5,-4.4,2.46432,0,0,3,,,14.2,4.2,4.2,10,0,6.7,10,10,5.5,4.2,4.2,4.2,4.2,8.06667,10,10,7.11154,4.52,4.89333,4.52,4.96667
open_space,15.9,-5.8,6.02414,1,1,3,0|1|1；0|0|0；0|0|0,0|0；-0.5|0.5；-0.5|-0.5,12.1,3.8,7.7,4.4,0,3.8,4.4,5.6,6.5,10,10,7.7,3.9,3.92889,5.67111,5.79333,7.85926,10,10,8.7875,5.09778
open_space,12.1,-14.2,5.74865,0,0,3,,,13.3,5.7,5.5,7.8,0,7.6,7.8,10,10,10,6.5,5.5,5.7,7.90222,8.68148,10,10,10,7.83462,5.71333,7.13111
open_space,4.8,-17.3,0.214318,1,1,3,0|1|1；0|0|0；0|0|0,0|0；-0.5|0.5；-0.5|-0.5,12.5,4.4,2.4,5.5,0.2,10,10,5.5,4.6,2.9,2.4,2.5,4.4,10,10,7.17667,4.81111,4.11333,2.50444,3.05333,6.42
open_space,0.8,-16.3,0.359681,0,0,3,,,5.3,8.2,1.4,0.7,0.438889,10,1.7,0.7,0.6,0.6,1.4,3.6,8.2,10,3.52353,0.948889,0.602222,0.857778,2.96667,4.96444,8.88
open_space,16.2,-9.5,4.86566,0,0,3,,,13.5,4.4,10,3.5,0,4.4,3.5,3.5,5.9,9.4,10,10,10,6.22727,3.71333,4.26222,8.72667,9.66429,10,10,10
open_space,15.4,-4,4.22752,0,0,3,,,13,10,4,4.3,0,10,4.9,4.3,4.3,3.8,4,8.1,10,10,6.64324,4.43778,4.93778,3.91778,5.22,8.86667,10
open_space,13.8,-12,3.58444,1,1,3,0|1|1；0|0|0；0|0|0,0|0；-0.5|0.5；-0.5|-0.5,17.7,8.2,10,6.3,0,8.2,7.7,6.3,5.9,6.5,10,10,10,8.965,7.91111,7.94,6.06,7.81034,10,10,10
open_space,7.7,-17.1,5.14,0,0,3,,,10.1,2.6,2.8,7.3,0.155556,2.9,7.3,10,10,8.1,6.4,2.8,2.6,4.12444,8.36667,10,10,8.87143,7.58444,3.86444,2.66667
open_space,16.7,-15.1,2.38899,0,0,3,,,10.8,10,3,4.6,0,10,6.4,4.6,4.2,3,3,4.4,10,10,7.79474,5.1,4.84,3.32444,3.39778,6.21154,10
open_space,1.1,-17.1,2.55077,0,0,3,,,5.8,0.9,4.9,0.9,0.533333,0.9,0.9,1.6,2.6,4.6,10,4.9,1.1,0.94,1.11333,2.41333,3.24889,6.61,10,6.78333,1.92222
open_space,17.1,-16.4,1.32146,1,1,3,0|1|1；0|0|0；0|0|0,0|0；-0.5|0.5；-0.5|-0.5,12.6,3,2.6,6.6,0.158333,10,10,6.6,3.4,3.3,2.7,2.6,3,10,10,7.93636,4.38444,3.41778,3.34444,2.69333,4.88444
open_space,16.4,-5.8,4.66081,1,1,3,0|1|1；0|0|0；0|0|0,0|0；-0.5|0.5；-0.5|-0.5,13.3,5,7.5,3.3,0,5,3.3,3.3,4.4,5.6,7.5,10,10,6.87391,3.80889,3.60222,5.64889,6.11556,8.60667,10,10
open_space,11.4,-14.2,4.81879,0,0,3,,,15.5,5.5,7.2,8.3,0,5.5,8.3,8.3,10,10,10,7.2,5.5,6.5,8.80444,8.95862,10,10,10,8.38333,5.92889
open_space,4.8,-4,4.09113,0,0,3,,,14.6,4.7,3.9,10,0,7.9,10,10,4.7,3.8,3.9,4.6,4.7,8.81111,10,10,6.53125,4.02222,4.63333,4.86889,5.63556
open_space,11.8,-13.3,1.29319,0,0,3,,,17.9,9,7.3,10,0,10,10,10,6.7,6.4,7.3,7.9,9,10,10,10,7.87647,6.60889,8.69091,8.15556,9.48
open_space,16.7,-3,5.18392,0,0,3,,,13,3.2,9,3,0.102778,3.2,3,3,2.8,3.1,9,10,6.8,4.24222,3.08444,3.48667,2.87778,4.72,9.5,10,8.03333
open_space,9.7,-1.5,2.80416,1,1,3,0|1|1；0|0|0；0|0|0,0|0；-0.5|0.5；-0.5|-0.5,11.3,1.4,1.3,10,0.358333,3.8,10,10,10,3,1.4,1.3,1.4,8.40513,10,10,10,7.06333,1.87111,1.32889,2.10444
open_space,12,-0.7,3.92464,1,1,3,0|1|1；0|0|0；0|0|0,0|0；-0.5|0.5；-0.5|-0.5,10.7,10,0.5,7.7,0.45,10,10,7.7,0.7,0.5,0.5,0.7,10,10,10,8.40256,2.23556,0.553333,0.548889,1.79302,10
open_space,3.3,-13.6,2.79473,0,0,3,,,10.9,3.1,7.5,3.4,0,3.1,3.4,6.1,6.7,10,10,7.5,3.3,3.18,4.84222,6.26222,7.96786,10,10,8.58571,4.54889
open_space,12.8,-19.2,0.318747,1,1,3,0|1|1；0|0|0；0|0|0,0|0；-0.5|0.5；-0.5|-0.5,10.5,1.1,0.5,10,0.45,7.3,10,10,1.6,0.6,0.5,0.5,1.1,8.32069,10,10,3.27333,0.828889,0.502222,0.68,4.52222
open_space,19,-13.7,2.01257,0,0,3,,,10.8,2,0.7,6.4,0.427778,10,10,6.4,1.6,0.7,0.7,0.8,2,10,10,7.7,4.75778,1.00667,0.706667,1.10667,3.7375
open_space,4.3,-4.9,5.72184,1,1,3,0|1|1；0|0|0；0|0|0,0|0；-0.5|0.5；-0.5|-0.5,13.3,10,4.2,4.7,0,10,5.6,4.7,4.8,4.1,4.2,7.7,10,10,7.24,4.90222,5.37556,4.27778,5.26444,8.7,10
open_space,0.5,-4.9,0.806589,1,1,3,0|1|0；0|0|1；0|0|0,0|0；-0.5|0；-1|0,10.4,4.7,10,0.3,0.472222,4.7,0.4,0.3,0.3,0.4,10,10,6.6,5.24,1.16667,0.324444,0.326667,1.23721,10,10,7.97778
open_space,0.9,-10.9,5.62488,0,0,3,,,11.1,8.9,0.7,6,0.427778,10,10,6,0.9,0.7,0.7,1.1,8.9,10,10,7.3,1.78889,0.742222,0.824444,4.04444,9.30455
open_space,18.4,-9.6,2.09651,0,0,3,,,11.5,4.9,1.3,10,0.358333,10,10,10,2.6,1.3,1.3,1.5,4.9,10,10,10,4.54091,1.73778,1.33778,2.37333,8.91111
open_space,10.4,-1.8,4.08215,1,1,3,0|1|1；0|0|0；0|0|0,0|0；-0.5|0.5；-0.5|-0.5,12.7,10,1.6,9.3,0.319444,10,10,9.3,2,1.6,1.6,2.7,10,10,10,9.48387,3.83556,1.69111,1.94222,4.73929,10
open_space,9.8,-9.7,5.07737,0,0,3,,,19.9,10,9.6,9.9,0,10,9.9,10,9.5,10,9.6,10,10,10,9.945,10,9.68205,10,9.74571,10,10
open_space,10.7,-7.3,2.03326,1,1,3,0|1|1；0|0|0；0|0|0,0|0；-0.5|0.5；-0.5|-0.5,17.5,7.1,7.5,10,0,7.9,10,10,10,9.5,9,7.5,7.1,8.78421,10,10,10,9.74286,9.25778,8.49231,7.29778
open_space,9.1,-19.5,2.40364,1,1,3,0|1|0；0|0|1；0|0|0,0|0；-0.5|0；-1|0,10.3,5.1,10,0.2,0.483333,5.1,0.3,0.2,0.2,0.3,10,10,10,9.11,0.648889,0.202222,0.213333,0.871429,10,10,10
open_space,2.4,-16.1,1.11406,0,0,3,,,10.6,7.1,3.8,2.2,0.233333,7.1,2.5,2.2,2.3,3.6,3.8,8.1,10,8.26667,3.72,2.25778,3.06222,3.70222,5.08,8.95,10
open_space,8.8,-6.5,0.385453,1,1,3,0|1|1；0|0|0；0|0|0,0|0；-0.5|0.5；-0.5|-0.5,16.3,6.9,10,6.3,0,6.9,6.3,6.8,8.6,9.3,10,10,10,8.10357,6.46222,8.37895,8.82444,9.62,10,10,10
open_space,11.1,-10.1,3.97075,0,0,3,,,19.6,9.6,9.9,8.6,0,9.6,9.6,8.6,8.6,9.9,9.9,10,10,9.72632,9.76,9.02121,9.07931,9.93333,9.95,10,10
open_space,14.1,-9.2,6.26054,0,0,3,,,15.9,5.6,8.2,7.7,0,5.6,7.7,9,10,10,10,8.2,5.6,6.19333,9.13684,9.30714,10,10,10,8.95556,6.37111
open_space,4,-14.9,6.25071,0,0,3,,,14.8,6.6,4.8,5.6,0,10,10,5.6,3.8,3.8,4.8,4.8,6.6,10,10,7.3619,4.34444,4.18,5.29778,5.28222,7.95789
open_space,6,-0.6,2.31386,0,0,3,,,6.2,0.4,0.4,5.8,0.461111,0.5,5.8,7.9,10,10,0.6,0.4,0.4,1.32667,6.35778,8.80769,10,10,1.58,0.446667,0.428889
open_space,0.5,-5.9,5.02155,1,1,3,0|1|0；0|0|1；0|0|0,0|0；-0.5|0；-1|0,10.3,0.6,0.3,6.5,0.472222,10,10,6.5,0.9,0.3,0.3,0.3,0.6,10,10,7.83571,4.61333,0.488889,0.3,0.393333,1.56154
open_space,11.3,-3.8,2.11133,0,0,3,,,13.7,3.6,3.7,10,0,4.2,10,10,10,8.7,7.2,3.7,3.6,6.04872,10,10,10,9.24737,8.48444,4.77556,3.73111
open_space,19.3,-6.3,2.64973,1,1,3,0|1|0；0|0|1；0|0|0,0|0；-0.5|0；-1|0,10.8,6.4,0.4,1.3,0.461111,10,10,1.3,0.5,0.4,0.4,0.8,6.4,10,10,2.83571,0.688889,0.4,0.524444,3.68667,7.61667
open_space,13,-16.7,0.134265,1,1,3,0|1|1；0|0|0；0|0|0,0|0；-0.5|0.5；-0.5|-0.5,13,4.9,3,10,0,6.8,10,10,10,3.8,3,3,4.9,7.82683,10,10,10,5.73143,3.2,3.6,6.56
open_space,18.2,-7.9,2.04453,1,1,3,0|1|1；0|0|0；0|0|0,0|0；-0.5|0.5；-0.5|-0.5,11.7,4.8,1.5,10,0.333333,8.6,10,10,3.3,1.6,1.5,1.7,4.8,9.21538,10,10,5.32778,2.10667,1.54,2.52444,7.58889
open_space,0.4,-12.5,3.05409,1,1,3,0|1|1；0|0|0；0|0|0,0|0；1|0；2|0,0.5,0.2,0.3,0.2,0.486111,0.2,0.2,1.8,9.4,10,10,0.3,0.2,0.2,0.488889,7.37556,9.68,10,10,1.00256,0.22
open_space,4.3,-11.5,3.36717,1,1,3,0|1|1；0|0|0；0|0|0,0|0；-0.5|0.5；-0.5|-0.5,12.6,4.1,4.9,7.7,0,4.2,7.7,8.4,10,10,10,4.9,4.1,5.27111,8.40889,9.06087,10,10,10,6.67941,4.27778
open_space,14.6,-16.6,4.18478,0,0,3,,,13.2,3.1,10,3.2,0,3.1,3.2,5.1,5.3,10,10,10,3.6,3.21333,4.09111,5.28889,6.74,10,10,10,5.5381
open_space,5.2,-7.7,3.0567,0,0,3,,,14,5,7.5,6.5,0,5,6.5,10,10,10,7.5,7.5,5,5.39778,7.9381,10,10,10,8.35556,7.96222,5.88889
open_space,7.6,-10.3,4.33382,1,1,3,0|1|1；0|0|0；0|0|0,0|0；-0.5|0.5；-0.5|-0.5,17.4,8.1,7.4,10,0,9.4,10,10,10,10,8,7.4,8.1,9.61429,10,10,10,10,8.87143,7.59333,8.875
open_space,9.7,-9.5,5.78345,1,1,3,0|1|1；0|0|0；0|0|0,0|0；-0.5|0.5；-0.5|-0.5,20,10,9.9,9.3,0,10,10,9.3,9.7,9.5,9.9,10,10,10,10,9.48947,9.83333,9.65429,9.96667,10,10
open_space,5.6,-13.4,2.45601,0,0,3,,,15.4,5.4,10,5.4,0,5.4,5.4,6.3,6.3,9.9,10,10,7.1,5.83333,6.35111,6.80444,7.41111,9.9,10,10,8.29444
open_space,7.7,-12.6,4.31543,0,0,3,,,15.2,7.1,7.5,7.7,0,7.1,7.7,10,10,10,8.2,7.5,7.8,7.28667,8.5913,10,10,10,8.97368,7.69778,8.78571
open_space,1.6,-13.3,3.48796,0,0,3,,,4.8,1.4,1.6,3.2,0.347222,1.5,3.2,6.8,10,10,4.2,1.6,1.4,2.00222,5.86667,7.97742,10,10,6.325,2.29333,1.43111
open_space,11.6,-10.6,5.68515,1,1,3,0|1|1；0|0|0；0|0|0,0|0；-0.5|0.5；-0.5|-0.5,17.3,8.1,9.1,8.2,0,8.1,8.2,10,10,10,10,9.1,9.3,8.53111,8.91154,10,10,10,10,9.31714,9.63529
open_space,11,-9.9,3.91426,0,0,3,,,19.8,9.8,9.7,8.7,0,9.8,9.8,8.7,8.7,9.7,9.7,10,10,9.88333,9.87143,9.14828,9.10323,9.81429,9.8,10,10
open_space,17.5,-9,4.73872,1,1,3,0|1|1；0|0|0；0|0|0,0|0；-0.5|0.5；-0.5|-0.5,12.2,3.1,10,2.2,0.233333,3.1,2.2,2.2,3.2,8.8,10,10,10,5.10882,2.44222,2.48222,6.25111,9.20714,10,10,10
open_space,12,-13.4,4.14063,0,0,3,,,16.4,6.3,10,6.4,0,6.3,6.4,7.7,7.9,10,10,10,7.6,6.59111,7.88,8.05556,8.67143,10,10,10,8.6
open_space,13.9,-11.4,4.82741,1,1,3,0|1|1；0|0|0；0|0|0,0|0；-0.5|0.5；-0.5|-0.5,15.8,7.5,10,5.8,0,7.5,5.8,5.8,9.3,10,10,10,8.3,8.80682,6.23111,6.88667,9.625,10,10,10,8.77561
open_space,10.3,-4.7,0.753754,1,1,3,0|1|1；0|0|0；0|0|0,0|0；-0.5|0.5；-0.5|-0.5,13.9,4.5,9.4,4.5,0,4.5,4.5,6.2,10,10,10,9.4,6.7,5.14222,4.95778,7.68095,10,10,10,9.62222,8.9359
open_space,13.4,-10.2,1.44141,0,0,3,,,16.3,7.9,6.3,10,0,10,10,10,9.6,9.5,6.4,6.3,7.9,10,10,10,9.79091,9.63333,7.52558,6.70222,8.80714
open_space,4,-3.9,3.78756,0,0,3,,,13.8,3.8,3.7,10,0,4.7,10,10,6.3,3.7,3.7,3.8,3.8,6.49355,10,10,7.74,4.51111,3.92222,4.45778,4.02889
open_space,11.1,-14.6,4.00892,1,1,3,0|1|1；0|0|0；0|0|0,0|0；-0.5|0.5；-0.5|-0.5,15.1,5.1,10,5.1,0,5.1,5.1,7.9,8.6,10,10,10,6.8,5.54222,5.93778,8.94,9.12963,10,10,10,8.10526
open_space,5,-6.8,4.10603,1,1,3,0|1|1；0|0|0；0|0|0,0|0；-0.5|0.5；-0.5|-0.5,14.8,4.9,4.8,10,0,8.4,10,10,8.1,6.6,5.9,4.8,4.9,9.1,10,10,8.95,6.96667,7.06667,5.06,5.95111
open_space,17,-5.1,4.18575,1,1,3,0|1|1；0|0|0；0|0|0,0|0；-0.5|0.5；-0.5|-0.5,12.8,10,5.1,2.7,0.133333,10,3.1,2.7,2.8,4.9,5.1,9.7,10,10,5.02955,2.8,3.56222,5.07556,6.48444,9.85,10
open_space,13.2,-12,3.01373,1,1,3,0|1|1；0|0|0；0|0|0,0|0；-0.5|0.5；-0.5|-0.5,17.8,10,8.2,7.7,0,10,7.8,7.7,6.6,6.5,8.2,10,10,10,8.56562,8.19778,7.84222,6.91556,9.02308,10,10
open_space,14.8,-11.9,3.92808,0,0,3,,,17,7.8,10,4.9,0,7.8,7,4.9,4.9,6.9,10,10,10,8.5,8.14889,5.50889,5.46889,8.14375,10,10,10
open_space,4.6,-6.9,2.36264,0,0,3,,,11.1,4.4,6.7,4.4,0,4.4,4.4,6.2,10,10,9.6,6.7,6.3,4.93778,4.92222,7.68421,10,10,9.73333,7.51778,7.08222
open_space,3.1,-10.1,2.19332,1,1,3,0|1|1；0|0|0；0|0|0,0|0；-0.5|0.5；-0.5|-0.5,12.9,2.9,10,2.9,0.0583333,2.9,2.9,3.6,9.6,10,10,10,5.1,3.59333,3.05333,6.14,9.7037,10,10,10,8.47949
open_space,9.4,-10.7,5.82283,0,0,3,,,19,9.5,9,10,0,10,10,10,10,9.2,9.7,9,9.5,10,10,10,10,9.42381,9.86667,9.26444,9.725
open_space,6.9,-9.3,2.89276,1,1,3,0|1|1；0|0|0；0|0|0,0|0；-0.5|0.5；-0.5|-0.5,16.9,6.7,9.1,7.8,0,6.7,7.8,10,10,10,9.4,9.1,6.9,6.94667,8.72222,10,10,10,9.68,9.33,8.07647
open_space,0.4,-17.6,0.537323,0,0,3,,,2.8,8.4,0.7,0.2,0.616667,10,0.4,0.2,0.2,0.2,0.7,2.4,8.4,10,0.986207,0.24,0.2,0.331111,1.92889,3.94444,9.03333
open_space,15.7,-4.2,3.17863,0,0,3,,,14,5.9,4,5.5,0,10,10,5.5,4,4,4,4,5.9,10,10,7.16087,4.42889,4.53778,4.42889,4.54222,7.44
open_space,6.7,-16.6,4.80728,0,0,3,,,8.9,3.1,4.1,4.8,0,3.1,4.8,10,10,8.5,6.5,4.1,3.1,3.63111,6.63636,10,10,9.22,7.03333,5.93333,3.35333
open_space,14,-9.1,0.666706,0,0,3,,,14.7,5.7,5.8,8.9,0,7.2,8.9,10,10,10,9.4,5.8,5.7,8.91579,9.19143,10,10,10,9.63333,6.86444,6.08444
open_space,19.1,-10.9,1.3969,0,0,3,,,10.6,0.7,0.6,10,0.441667,3.2,10,10,9,1,0.6,0.6,0.7,5.01429,10,10,9.38889,4.39556,0.735556,0.624444,1.27111
open_space,16.8,-10.7,4.04124,1,1,3,0|1|1；0|0|0；0|0|0,0|0；-0.5|0.5；-0.5|-0.5,13.7,9,10,2.9,0.0611111,9,3.7,2.9,2.9,4.6,10,10,10,9.28485,6.48889,3.11333,3.43556,6.45455,10,10,10
open_space,3.9,-9,4.43248,0,0,3,,,13.7,4.2,3.7,10,0,10,10,10,9.2,7.8,3.9,3.7,4.2,10,10,10,9.55833,8.92889,5.06444,3.81333,6.0175
open_space,8.3,-15.7,1.17799,0,0,3,,,18.8,10,4.3,8.1,0,10,8.8,8.1,4.4,4,4.3,10,10,10,9.32308,8.31111,6.12889,4.1,6.07556,10,10
open_space,17.5,-1,4.00517,0,0,3,,,4.1,10,0.8,2.2,0.575,10,2.9,2.2,1.1,0.8,0.8,1.2,10,10,4.93514,2.39111,1.74,0.862222,0.92,2.7973,10
open_space,6.6,-8.2,5.97121,1,1,3,0|1|1；0|0|0；0|0|0,0|0；-0.5|0.5；-0.5|-0.5,18.5,10,7.2,8,0,10,8.5,8,6.8,6.4,7.2,10,10,10,9.10526,8.23333,8.33023,6.58667,8.32083,10,10
open_space,9.4,-5,4.33073,0,0,3,,,19.2,10,5.2,10,0,10,10,10,5.2,4.8,5.2,9.2,10,10,10,10,6.77692,4.92,6.905,9.44,10
open_space,3.1,-5.3,0.978634,0,0,3,,,13.5,5.1,10,2.9,0.0583333,5.1,3.5,2.9,3,5.2,10,10,6.2,5.36222,4.84222,3.04,3.63111,6.97222,10,10,7.64
open_space,4.4,-5.5,2.29042,0,0,3,,,9.5,4.2,5.3,4.2,0,4.2,4.2,5.6,10,10,8.2,5.3,5.3,4.88667,4.56444,7.252,10,10,8.97778,6.17333,5.74444
open_space,17.5,-2.4,1.1365,0,0,3,,,4.5,2.2,2.2,2.3,0.472222,2.2,2.3,5.2,10,6.6,2.4,2.2,2.3,2.25556,3.17111,6.98462,10,7.92857,3.6,2.25556,2.66222
open_space,17.4,-16.2,2.20504,0,0,3,,,8.8,10,2.3,3.5,0.216667,10,6,3.5,3.5,2.3,2.3,2.8,10,10,7.64375,4.30444,3.68,2.82667,2.42667,4.72683,10
open_space,14,-14,0.127004,0,0,3,,,15,5.7,5.7,9.3,0,5.7,9.3,10,10,7.3,5.7,5.7,5.7,6.82444,9.625,10,10,8.38824,6.1,6.68,6.1
open_space,3.1,-2.8,2.90121,1,1,3,0|1|1；0|0|0；0|0|0,0|0；-0.5|0.5；-0.5|-0.5,6,2.9,2.6,3.4,0.216667,2.9,3.4,10,10,5.1,2.7,2.6,3,3.00889,5.29302,10,10,6.9375,3.42889,2.69333,3.34889
open_space,10.8,-8.7,1.82938,0,0,3,,,19.2,8.5,8.9,10,0,8.8,10,10,10,10,8.9,9.2,8.5,9.30556,10,10,10,10,9.17143,9.6,8.82
open_space,4.3,-11.1,4.76655,0,0,3,,,14.1,6.1,4.1,10,0,8.6,10,10,10,5.6,4.1,4.1,6.1,9.10345,10,10,10,7.28333,4.50222,4.69778,8.33111
open_space,17.7,-7.9,3.3516,0,0,3,,,17.9,10,3.6,2.4,0.263889,10,10,2.4,2,2,3.6,7.9,10,10,10,4.19556,2.08889,2.53778,6.64667,8.70345,10
open_space,13.8,-9.4,0.319782,0,0,3,,,15.9,5.9,6.7,9.2,0,6.2,9.2,9.7,10,10,10,6.7,5.9,7.51667,9.42857,9.83333,10,10,10,7.95185,6.07333
open_space,15.6,-0.7,0.927867,0,0,3,,,4.2,0.5,3.7,0.5,0.45,0.5,0.5,0.8,10,10,5.2,3.7,0.6,0.524444,0.591111,2.11143,10,10,6.93793,4.35333,1.19556
open_space,4.2,-9.3,1.8456,0,0,3,,,14,4.6,10,4,0,4.6,4,4.2,8.1,10,10,10,9.1,6.98222,4.13778,5.36222,8.86667,10,10,10,9.32
open_space,4,-9.5,1.21812,0,0,3,,,14.1,9.3,10,3.8,0,9.3,4.1,3.8,4.2,10,10,10,10,9.52,5.62444,3.89556,5.98409,10,10,10,10
open_space,18.4,-7.2,4.13002,1,1,3,0|1|1；0|0|0；0|0|0,0|0；-0.5|0.5；-0.5|-0.5,11.6,6.8,7.1,1.3,0.358333,6.8,1.6,1.3,1.3,2.3,7.1,10,10,8.05,2.75333,1.35556,1.63111,5.31778,8.16857,10,10
open_space,13.4,-15.1,3.54999,0,0,3,,,14.6,5,10,4.6,0,5,4.6,5,6.3,6.9,10,10,10,6.62439,4.71778,6.39333,6.46444,8.04643,10,10,10
open_space,4.1,-16.9,6.04889,0,0,3,,,12.8,3.3,2.8,7.6,0.102778,10,10,7.6,4,3.9,2.9,2.8,3.3,10,10,8.5875,5.12,4.05111,3.63333,2.90667,5.16744
open_space,6.3,-6.2,4.87801,0,0,3,,,16.2,10,6.1,7.5,0,10,10,7.5,6,6.1,6.1,6.2,10,10,10,8.49412,6.35333,7.13333,6.45778,7.43636,10
open_space,15.3,-13.5,3.83239,0,0,3,,,16.2,6.2,10,4.4,0,6.2,6.2,4.4,4.4,5.7,10,10,9.9,7.35333,6.62444,5.21333,4.73111,7.308,10,10,9.9
open_space,15,-9.3,2.56026,0,0,3,,,18.5,9.3,4.8,10,0,10,10,10,5.7,4.7,4.8,8.5,9.3,10,10,10,7.21786,4.92444,5.94222,9.29524,9.60714
open_space,1.6,-8.1,5.18991,0,0,3,,,11.6,4.5,1.4,8.3,0.344444,10,10,8.3,3.1,1.5,1.4,1.6,4.5,10,10,9.03,6.74444,1.95778,1.43556,2.37111,6.3
open_space,0.3,-1,4.81607,1,1,3,0|1|0；0|0|1；0|0|0,0|0；-0.5|0；-1|0,8.9,0.1,0.1,1,0.705556,10,8.8,1,0.6,0.1,0.1,0.1,0.1,10,8.8,2.24667,0.851111,0.188889,0.1,0.1,0.35641
open_space,14.2,-15.9,4.89999,1,1,3,0|1|1；0|0|0；0|0|0,0|0；-0.5|0.5；-0.5|-0.5,10.1,3.8,4.6,5.5,0,3.9,5.5,5.6,9.7,10,10,4.6,3.8,4.73556,5.78889,6.87111,9.85,10,10,6.42424,3.99333
open_space,17.7,-19.3,3.88215,0,0,3,,,10.4,0.4,10,0.4,0.613889,0.4,0.4,0.5,2,2.7,10,10,0.6,0.446667,0.428889,1.07556,2.18444,4.65946,10,10,1.6175
open_space,18.3,-19.1,5.69928,0,0,3,,,2,0.6,0.6,1.4,0.641667,1,1.4,2.5,10,3.1,0.7,0.6,0.6,1.37111,1.75556,4.45,10,5.125,1.24222,0.622222,0.74
open_space,18.9,-17.8,0.504962,0,0,3,,,3.6,0.8,0.8,2.8,0.6,0.9,2.8,10,4,2,1.7,0.8,0.8,1.39111,4.66667,10,6.05556,2.59333,1.91556,1.08222,0.817778
open_space,13.5,-5.8,6.11968,1,1,3,0|1|1；0|0|0；0|0|0,0|0；-0.5|0.5；-0.5|-0.5,15.7,6.2,10,5.6,0,6.2,5.7,5.6,6.9,10,10,10,6.3,6.54,6.79111,5.90222,8.13333,10,10,10,7.5119
open_space,2.7,-7.6,5.15395,0,0,3,,,12.8,7.3,2.5,7.9,0.180556,10,10,7.9,6,2.7,2.5,2.8,7.3,10,10,8.73636,7.42889,3.65111,2.56222,4.04,8.41667
open_space,9.4,-16.5,0.881824,1,1,3,0|1|1；0|0|0；0|0|0,0|0；-0.5|0.5；-0.5|-0.5,15,10,3.2,9.2,0,10,10,9.2,4.2,3.2,3.2,5,10,10,10,9.43103,7.07333,3.45778,3.75111,6.89545,10
open_space,14,-6.6,5.69118,0,0,3,,,15.8,5.7,10,5.8,0,5.7,5.8,6.4,6.5,10,10,10,6.9,5.99111,6.96222,6.72667,7.6925,10,10,10,8.15238
open_space,9.7,-14.9,5.37634,0,0,3,,,14.8,4.8,4.8,10,0,6.1,10,10,10,9.6,7.9,4.8,4.8,7.5875,10,10,10,9.775,9.43056,5.78,5.11556
open_space,10.1,-14.6,3.44742,0,0,3,,,15.1,5.8,10,5.1,0,5.8,5.1,5.3,9.6,10,10,10,9.9,7.35,5.25556,6.88605,9.74118,10,10,10,9.94
open_space,11.8,-15.5,4.24674,1,1,3,0|1|1；0|0|0；0|0|0,0|0；-0.5|0.5；-0.5|-0.5,14.4,4.2,10,4.4,0,4.2,4.4,7.9,8.3,10,10,10,4.7,4.32444,5.88222,8.13778,8.995,10,10,10,6.43421
open_space,1.8,-6.5,4.24633,0,0,3,,,11.6,1.7,1.6,10,0.319444,3.5,10,10,7.1,5.3,1.8,1.6,1.7,5.47222,10,10,8.25417,6.41778,2.73333,1.64222,2.22667
open_space,8.8,-13,5.77468,1,1,3,0|1|1；0|0|0；0|0|0,0|0；-0.5|0.5；-0.5|-0.5,16.7,7,6.7,10,0,10,10,10,9.9,8.6,7.7,6.7,7,10,10,10,9.95,8.90222,9.02571,6.93333,8.08788
open_space,6,-15.9,3.74222,0,0,3,,,9.7,3.9,5.9,3.8,0,3.9,3.8,4.6,10,10,10,5.9,5.8,4.79111,3.98444,6.39118,10,10,10,7.25,6.08444
open_space,8.9,-12.3,1.03841,0,0,3,,,20,10,7.6,8.7,0,10,10,8.7,8.7,7.4,7.6,10,10,10,10,9.01136,9.36786,7.68667,8.56207,10,10
open_space,9.2,-3.3,3.21463,1,1,3,0|1|1；0|0|0；0|0|0,0|0；-0.5|0.5；-0.5|-0.5,13.1,4.7,3.1,10,0,9,10,10,10,4.1,3.1,3.1,4.7,9.3913,10,10,10,6.06129,3.38,3.58222,7.78667
open_space,0.5,-18.5,1.62665,1,1,3,0|1|0；0|0|1；0|0|0,0|0；-0.5|0；-1|0,10.3,0.4,1.8,0.3,0.672222,0.4,0.3,0.3,0.4,1.2,1.8,10,6.6,0.977778,0.32,0.331111,0.84,1.36889,3.61667,10,6.6
open_space,5.8,-18.4,0.871283,1,1,3,0|1|1；0|0|0；0|0|0,0|0；-0.5|0.5；-0.5|-0.5,9.4,10,1.3,5.6,0.358333,10,7.4,5.6,1.7,1.3,1.3,2,10,10,8.5375,6.07778,3.33778,1.40667,1.50889,3.78182,10
open_space,9.6,-1.1,2.81776,0,0,3,,,10.9,1,0.9,10,0.405556,2.7,10,10,10,2,1,0.9,1,7.8675,10,10,10,3.92381,1.27556,0.915556,1.47556
open_space,4.4,-8.5,2.44749,0,0,3,,,12.5,4.2,8.3,4.2,0,4.2,4.2,6.5,10,10,10,8.3,5.5,4.54667,4.91556,7.98125,10,10,10,8.77949,7.79333
open_space,13.2,-11.6,4.47262,1,1,3,0|1|1；0|0|0；0|0|0,0|0；-0.5|0.5；-0.5|-0.5,16.7,8.1,10,6.5,0,8.1,6.7,6.5,7.6,10,10,10,8.4,8.40889,8.17381,6.74667,8.60526,10,10,10,9.02727
open_space,15.5,-16.8,2.42097,1,1,3,0|1|1；0|0|0；0|0|0,0|0；-0.5|0.5；-0.5|-0.5,10.2,10,4.2,2.9,0.0583333,10,3.9,2.9,2.9,4.2,4.2,6.3,10,10,5.89062,3.17111,3.34222,4.49333,4.83778,7.76471,10
open_space,1.3,-12.1,0.568267,0,0,3,,,11.1,10,4.9,1.1,0.383333,10,2.1,1.1,1.1,1.3,4.9,9,10,10,3.95769,1.41333,1.14,2.17556,7.72222,9.45556,10
open_space,13.7,-16.8,6.23947,0,0,3,,,11,3.9,2.9,8.1,0.0611111,6,8.1,10,10,4.4,2.9,2.9,3.9,6.58,8.9,10,10,6.204,3.33333,3.17556,5.59333
open_space,2.1,-1.6,0.223948,0,0,3,,,11.4,1.7,3.5,1.4,0.563889,1.7,1.4,1.4,1.9,1.9,3.5,10,6.6,2.83333,1.45333,1.77556,1.97333,2.43333,5.55909,10,8.12
open_space,2,-5.4,3.28088,0,0,3,,,5.3,1.8,2.3,3,0.291667,1.8,3,10,10,6.6,5.2,2.3,1.8,2.16444,4.8963,10,10,7.90476,5.54222,3.81778,1.91556
open_space,9,-12.4,0.192653,0,0,3,,,17.4,10,7.3,10,0,10,10,10,8.8,8.9,7.3,7.4,10,10,10,10,9.09231,9.3963,7.67778,8.3697,10
open_space,17.4,-5.8,2.4636,0,0,3,,,13.6,5.6,2.3,10,0.216667,8.9,10,10,3,2.3,2.3,3.6,5.6,9.43333,10,10,4.97895,2.47333,2.71333,5.27111,6.61556
open_space,17.8,-11.1,0.524929,1,1,3,0|1|1；0|0|0；0|0|0,0|0；-0.5|0.5；-0.5|-0.5,9.2,1.9,2,7.2,0.280556,2.2,7.2,10,10,8.9,3.9,2,1.9,3.48667,8.4,10,10,9.4,7.48444,2.54444,1.95778
open_space,17.8,-1.3,3.69921,1,1,3,0|1|1；0|0|0；0|0|0,0|0；-0.5|0.5；-0.5|-0.5,4.9,4.7,1.1,2,0.580556,10,3.6,2,1.9,1.1,1.1,1.3,4.7,10,5.72381,2.47556,1.96444,1.42444,1.13556,2.11778,6.775
open_space,3.6,-19.3,3.20934,1,1,3,0|1|0；0|0|1；0|0|0,0|0；-0.5|0；-1|0,5,0.5,4.6,0.4,0.461111,0.5,0.4,0.4,0.6,10,10,4.6,3.4,1.20222,0.428889,0.448889,1.69,10,10,6.45517,3.71111
open_space,5.9,-18.2,1.89173,1,1,3,0|1|1；0|0|0；0|0|0,0|0；-0.5|0.5；-0.5|-0.5,14.9,6.4,3.3,1.7,0.333333,6.4,4.9,1.7,1.5,1.6,3.3,10,10,7.75,5.82,2.55556,1.53778,2.09111,5.39474,10,10
open_space,10.9,-7.7,2.53419,1,1,3,0|1|1；0|0|0；0|0|0,0|0；-0.5|0.5；-0.5|-0.5,17.5,7.6,7.5,10,0,10,10,10,10,8.8,8.9,7.5,7.6,10,10,10,10,9.11282,9.43462,7.91556,8.4875
open_space,13.6,-15.9,2.60281,0,0,3,,,14.5,10,6.3,3.8,0,10,4.5,3.8,3.9,6.1,6.3,10,10,10,6.31351,3.94889,4.97333,6.34222,7.54359,10,10
open_space,10.6,-13.7,1.54192,0,0,3,,,19.1,10,8.2,8.9,0,10,10,8.9,6,6,8.2,9.1,10,10,10,9.35,6.85556,6.61111,9.30882,9.37037,10
open_space,10.1,-13.2,4.85101,0,0,3,,,17.8,6.5,8.2,9.6,0,6.6,9.6,9.7,10,10,9.9,8.2,6.5,7.66905,9.712,9.83,10,10,9.93529,9.13571,6.92889
open_space,16.4,-9.9,0.338652,1,1,3,0|1|1；0|0|0；0|0|0,0|0；-0.5|0.5；-0.5|-0.5,11.3,3.3,3.7,7.6,0,3.5,7.6,10,10,10,9.8,3.7,3.3,4.70667,9.57568,10,10,10,9.87692,5.52444,3.39111
open_space,13.5,-14.7,5.77975,0,0,3,,,11.5,5.2,5,6.5,0,6.2,6.5,10,10,10,5.8,5,5.2,6.40889,7.68611,10,10,10,7.30323,5.17111,6.44222
open_space,5.4,-13,4.25739,0,0,3,,,12.3,5.5,5.2,7.1,0,6.7,7.1,10,10,10,5.8,5.2,5.5,6.89333,8.2,10,10,10,7.3,5.34889,6.90444
open_space,8.4,-4.3,1.69889,0,0,3,,,11.9,4.1,5.2,6.7,0,4.1,6.7,8.3,10,10,10,5.2,4.1,4.90222,8.25778,8.92069,10,10,10,6.96071,4.38667
open_space,0.4,-12.9,2.62006,1,1,3,0|1|1；0|0|0；0|0|0,0|0；1|0；2|0,0.9,0.2,0.7,0.2,0.483333,0.2,0.2,0.4,7,10,10,0.7,0.2,0.2,0.24,3.06444,8.1303,10,10,1.94286,0.331111
open_space,12.8,-1.6,3.54992,0,0,3,,,11.5,3.7,1.4,7.5,0.344444,10,10,7.5,3.6,1.5,1.4,1.5,3.7,10,10,8.508,6.46,2.11333,1.43333,2.15111,5.65714
open_space,13.6,-19.5,5.02024,0,0,3,,,0.6,0.2,0.2,0.4,0.483333,0.2,0.4,6.4,10,10,0.6,0.2,0.2,0.251111,3.16222,7.70833,10,10,1.4875,0.308889,0.2
open_space,0.9,-12,3.49752,0,0,3,,,2.4,0.7,0.8,1.6,0.427778,0.7,1.6,8.2,10,10,2,0.8,0.7,1.00222,5.69778,8.94,10,10,3.86875,1.11556,0.706667
open_space,2.8,-16.4,2.49857,1,1,3,0|1|1；0|0|0；0|0|0,0|0；-0.5|0.5；-0.5|-0.5,12.6,2.6,10,2.6,0.158333,2.6,2.6,3.3,3.3,5.5,10,10,3.3,2.76667,3.12889,3.51333,3.98,7.12778,10,10,5.22368
open_space,9.7,-1.8,0.15022,0,0,3,,,11.6,2,10,1.6,0.322222,2,1.6,1.6,2.7,9.6,10,10,10,3.75909,1.69778,1.93556,6.5,9.79091,10,10,10
open_space,12.3,-6.2,1.7798,0,0,3,,,17.2,6,7.2,10,0,6.1,10,10,10,8.9,7.4,7.2,6,7.4119,10,10,10,9.38889,7.75111,8.24444,6.28444
open_space,7.1,-14.2,5.66569,1,1,3,0|1|1；0|0|0；0|0|0,0|0；-0.5|0.5；-0.5|-0.5,15.5,5.6,5.5,10,0,9.5,10,10,8.6,6.9,6.8,5.5,5.6,9.73333,10,10,9.21818,7.30444,7.65556,5.81556,6.76222
open_space,3.6,-9.3,0.625387,1,1,3,0|1|1；0|0|0；0|0|0,0|0；-0.5|0.5；-0.5|-0.5,15.9,9.2,10,3.5,0,9.2,5.9,3.5,3.4,4.2,10,10,10,9.58125,8.63111,4.21333,3.58,6.03429,10,10,10
open_space,11.2,-14.4,1.51959,0,0,3,,,18.5,10,7.1,8,0,10,10,8,5.3,5.3,7.1,8.5,10,10,10,8.92,6.12222,5.78667,8.76222,8.94167,10
open_space,18.2,-10.4,0.317521,1,1,3,0|1|1；0|0|0；0|0|0,0|0；-0.5|0.5；-0.5|-0.5,5,1.5,1.7,3.3,0.333333,1.6,3.3,10,10,10,5,1.7,1.5,2.08444,5.32632,10,10,10,8.845,2.56889,1.53778
open_space,8.6,-8.5,3.07581,0,0,3,,,18.3,8.4,8.3,10,0,8.4,10,10,10,10,8.3,8.3,8.4,8.86053,10,10,10,10,8.92333,8.78974,8.98621
open_space,3.6,-7.8,5.39765,0,0,3,,,14.4,10,3.4,7.7,0,10,10,7.7,5.5,3.4,3.4,4.4,10,10,10,8.48286,7.39556,4.03111,3.65111,6.29062,10
open_space,11.4,-9.9,6.07345,0,0,3,,,19.7,8.3,9.8,9.7,0,8.3,9.9,9.7,10,10,10,9.8,8.5,8.66667,9.98,9.79643,10,10,10,9.876,9.12727
open_space,8.9,-7,3.88377,0,0,3,,,18.7,8.7,6.8,10,0,10,10,10,10,6.8,6.8,8.7,8.7,10,10,10,10,7.83111,7.45556,9.24848,9.08182
open_space,11.9,-8.1,1.27736,0,0,3,,,16.8,7.9,7.8,9,0,7.9,9,10,10,10,8.2,7.8,8.3,8.14667,9.44545,10,10,10,8.94545,8.04222,9.13939
open_space,0.6,-3.6,3.56899,1,1,3,0|1|1；0|0|0；0|0|0,0|0；1|0；2|0,1.4,0.4,0.4,1,0.461111,0.4,1,10,8.5,3.7,0.9,0.4,0.4,0.608889,2.52632,10,9.025,5.06,2.71778,0.571111,0.4
open_space,16.4,-17,5.01007,1,1,3,0|1|1；0|0|0；0|0|0,0|0；-0.5|0.5；-0.5|-0.5,6.4,2.7,3.1,3.3,0.133333,2.8,3.3,3.4,7,10,9.6,3.1,2.7,3.48444,3.40222,4.51778,8.15556,10,9.6,4.80889,2.78222
open_space,15.1,-3.5,4.47345,0,0,3,,,14.8,9.1,3.9,4.6,0,9.1,4.8,4.6,3.4,3.3,3.9,10,10,9.5,6.06889,4.77111,4.29778,3.42222,5.6825,10,10
open_space,1.9,-14.4,5.36477,0,0,3,,,12.1,5.3,1.7,10,0.305556,6.7,10,10,2.8,1.7,1.7,2.1,5.3,7.9619,10,10,4.77037,2.06,1.8,3.64889,5.63333
open_space,16,-14.1,5.08215,0,0,3,,,9.9,4.1,6.2,3.7,0,4.1,3.7,4,9.1,10,10,6.2,5.6,5.37333,3.79556,5.46889,9.5,10,10,7.57812,5.74889
open_space,9.2,-4.4,5.69039,0,0,3,,,15.1,10,9.2,4.2,0,10,5.1,4.2,4.3,7.5,9.2,10,10,10,6.82903,4.41333,5.25556,9.06667,9.525,10,10
open_space,3.8,-9.4,1.05417,0,0,3,,,14.2,9.2,10,3.6,0,9.2,4.2,3.6,3.7,7.2,10,10,10,9.41282,6.48222,3.72889,4.79556,8.35556,10,10,10
open_space,1.1,-8.2,5.82797,1,1,3,0|1|1；0|0|0；0|0|0,0|0；-0.5|0.5；-0.5|-0.5,11,10,0.9,2.8,0.405556,10,9,2.8,1,0.9,0.9,2,10,10,9.44545,7.20667,1.49556,0.915556,1.26222,3.96364,10
open_space,8.7,-19.5,3.37744,0,0,3,,,10.2,0.2,10,0.2,0.483333,0.2,0.2,0.2,0.3,10,10,10,0.7,0.348889,0.2,0.237778,1.00968,10,10,10,7.07333
open_space,1.2,-14.4,0.132112,0,0,3,,,13.7,8.7,1.6,1.3,0.394444,10,8.4,1.3,1,1,1.6,5.3,8.7,10,9.1,2.55111,1.06222,1.18889,3.69778,6.36667,9.23333
open_space,19.3,-12.3,6.20972,0,0,3,,,1.1,0.4,0.6,0.5,0.461111,0.4,0.5,4.8,10,10,7.4,0.6,0.4,0.424444,1.12667,6.73333,10,10,8.28421,2.48,0.455556
open_space,14.6,-1.8,3.5805,1,1,3,0|1|1；0|0|0；0|0|0,0|0；-0.5|0.5；-0.5|-0.5,11.8,4.6,1.6,5.5,0.319444,10,10,5.5,3.8,1.7,1.6,1.8,4.6,10,10,6.95641,5.06889,2.33333,1.63556,2.56222,6.38182
open_space,16.1,-12,1.50781,0,0,3,,,13.6,4.8,3.6,10,0,10,10,10,7.7,5.5,3.6,3.6,4.8,10,10,10,8.49167,7.48667,4.18667,3.91333,6.56429
open_space,6.5,-1.8,5.86974,1,1,3,0|1|1；0|0|0；0|0|0,0|0；-0.5|0.5；-0.5|-0.5,11.8,4.5,6.8,1.6,0.322222,4.5,1.8,1.6,1.7,3.9,6.8,10,10,6.475,2.53556,1.63556,2.35556,6.06889,8.00323,10,10
open_space,8,-7.4,6.16887,1,1,3,0|1|1；0|0|0；0|0|0,0|0；-0.5|0.5；-0.5|-0.5,17.3,10,9.9,7.2,0,10,7.3,7.2,7.9,7.8,9.9,10,10,10,8.18108,7.68889,8.76579,8.33778,9.9,10,10
open_space,1.4,-8.1,0.0223369,0,0,3,,,17.9,10,1.7,1.7,0.369444,10,7.9,1.7,1.2,1.2,1.7,10,10,10,8.54103,3.94444,1.32667,1.34667,3.53158,10,10
open_space,18.4,-14.3,5.50484,0,0,3,,,6.7,1.3,5.4,1.3,0.358333,1.3,1.3,1.8,10,10,7.7,5.4,1.8,1.44889,1.44667,3.63158,10,10,8.74615,6.05333,3.67111
open_space,4.6,-6.3,1.6508,1,1,3,0|1|1；0|0|0；0|0|0,0|0；-0.5|0.5；-0.5|-0.5,12.5,5.9,8.1,4.4,0,5.9,4.4,4.4,6.8,10,10,8.1,6.1,6.57778,4.78667,5.12,8.08,10,10,8.95833,6.63778
open_space,10.6,-1,0.849334,0,0,3,,,9.9,0.8,9.1,0.8,0.416667,0.8,0.8,1.2,10,10,10,9.1,1.1,0.864444,0.913333,2.79737,10,10,10,9.36071,2.64444
open_space,18.8,-6.7,0.546945,1,1,3,0|1|1；0|0|0；0|0|0,0|0；-0.5|0.5；-0.5|-0.5,4.5,0.9,0.9,3.6,0.405556,1,3.6,7.6,10,10,1.7,0.9,0.9,1.69778,6.46222,8.62105,10,10,3.56538,1.17333,0.926667
open_space,1,-0.9,5.97786,0,0,3,,,3.2,1.5,0.9,0.7,0.672222,1.5,0.7,0.7,0.8,0.8,0.9,2.5,10,3.15652,0.966667,0.711111,0.902222,0.815556,1.34,4.68571,10
open_space,11.1,-10.3,2.15416,0,0,3,,,20,10,8.6,9.6,0,10,10,9.6,9.4,8.8,8.6,10,10,10,10,9.82222,9.55758,9.3,8.93953,10,10
open_space,3.2,-8,0.713064,0,0,3,,,14.7,7.8,10,3,0,7.8,4.7,3,3,4,10,10,10,8.59143,7.12222,3.50889,3.24889,5.8125,10,10,10
open_space,12.6,-2,4.61516,1,1,3,0|1|1；0|0|0；0|0|0,0|0；-0.5|0.5；-0.5|-0.5,17.1,10,2.3,2.9,0.294444,10,7.1,2.9,1.8,1.8,2.3,10,10,10,8.08974,5.56667,2.12889,1.92889,4.18049,10,10
open_space,15.5,-14.4,2.5221,0,0,3,,,13.8,10,4.3,5.3,0,10,6.6,5.3,5.2,4.2,4.3,7.2,10,10,7.92273,5.60667,5.86889,4.44,5.16,8.31818,10
open_space,11.5,-18.7,6.05207,1,1,3,0|1|1；0|0|0；0|0|0,0|0；-0.5|0.5；-0.5|-0.5,10.6,1.2,1,9.6,0.394444,4.2,9.6,10,10,1.9,1,1,1.2,8.1,9.8,10,10,3.82692,1.29778,1.03111,1.92
open_space,10.6,-18.9,0.660081,1,1,3,0|1|1；0|0|0；0|0|0,0|0；-0.5|0.5；-0.5|-0.5,11,6.1,0.8,10,0.416667,10,10,10,1.3,0.8,0.8,1,6.1,10,10,10,2.90303,0.953333,0.846667,1.95333,9.16061
open_space,0.8,-18.4,0.0622082,1,1,3,0|1|1；0|0|0；0|0|0,0|0；-0.5|0.5；-0.5|-0.5,11.3,1.9,0.9,0.8,0.647222,10,10,0.8,0.6,0.6,0.9,1.3,1.9,10,10,2.01556,0.648889,0.68,1.23111,1.48667,3.83143
open_space,16.8,-12.3,3.33172,0,0,3,,,17.4,9,5.1,3.5,0.0583333,9,7.4,3.5,2.9,3,5.1,10,10,9.475,7.78222,5.63111,3.04444,3.62222,6.92222,10,10
open_space,9,-13.3,4.42764,1,1,3,0|1|1；0|0|0；0|0|0,0|0；-0.5|0.5；-0.5|-0.5,16.1,6.4,8.8,7.3,0,6.4,7.3,10,10,10,9.2,8.8,6.7,6.60222,8.37273,10,10,10,9.56667,9.08,7.97143
open_space,6.2,-11,3.51582,1,1,3,0|1|1；0|0|0；0|0|0,0|0；-0.5|0.5；-0.5|-0.5,15.3,6,6.6,8.7,0,6.4,8.7,9.3,10,10,10,6.6,6,8.08462,8.93111,9.64444,10,10,10,7.85517,6.16
open_space,5.4,-2.9,1.86772,1,1,3,0|1|1；0|0|0；0|0|0,0|0；-0.5|0.5；-0.5|-0.5,8.3,2.7,3.1,5.2,0.130556,2.8,5.2,5.4,10,10,9.7,3.1,2.7,3.69778,5.36444,6.89048,10,10,9.7,4.81333,2.78444
open_space,7.5,-7.3,2.28953,1,1,3,0|1|1；0|0|0；0|0|0,0|0；-0.5|0.5；-0.5|-0.5,14.4,7.1,7.1,7.3,0,7.3,7.3,9.7,10,10,10,7.1,7.1,8.33488,7.92667,9.83333,10,10,10,8.06585,7.71556
open_space,12.3,-9,2.19724,0,0,3,,,18.9,8.8,7.4,10,0,10,10,10,10,7.5,7.4,8.9,8.8,10,10,10,10,8.40303,7.81333,9.40385,9.11538
open_space,4.4,-18,2.04847,1,1,3,0|1|1；0|0|0；0|0|0,0|0；-0.5|0.5；-0.5|-0.5,13.8,4.4,5.5,1.8,0.305556,4.4,3.8,1.8,1.7,1.9,5.5,10,9.4,5.91556,4.26,2.38,1.74444,2.88,7.32222,10,9.55
open_space,16.8,-16.2,5.92611,1,1,3,0|1|1；0|0|0；0|0|0,0|0；-0.5|0.5；-0.5|-0.5,6.7,2.9,3.5,3.2,0.0611111,2.9,3.2,8.2,10,8.7,3.8,3.5,3.1,2.97333,4.59778,8.85,10,9.25,5.20667,3.58667,3.80667
open_space,12.9,-2.1,6.2441,1,1,3,0|1|1；0|0|0；0|0|0,0|0；-0.5|0.5；-0.5|-0.5,11.9,2.8,10,1.9,0.280556,2.8,1.9,1.9,2.6,10,10,10,6.8,5.27111,2.17111,2.08,4.49189,10,10,10,7.80444
open_space,5.7,-15.6,1.30377,0,0,3,,,15.7,10,4.7,5.5,0,10,5.7,5.5,4.3,4.1,4.7,10,10,10,7.13902,5.68667,5.38222,4.23556,6.47027,10,10
open_space,8.4,-14.2,3.87326,0,0,3,,,13.7,5.5,8.2,5.5,0,5.5,5.5,7.4,10,10,10,8.2,8.2,6.36889,6.00667,8.525,10,10,10,8.84687,8.72889
open_space,4.6,-12.8,3.02934,0,0,3,,,12.8,4.4,7.2,5.6,0,4.4,5.6,6.9,8.8,10,10,7.2,4.4,4.70444,7.08,7.38,9.37778,10,10,8.33333,5.27111
open_space,12.3,-16,3.85285,1,1,3,0|1|1；0|0|0；0|0|0,0|0；-0.5|0.5；-0.5|-0.5,13.7,3.7,10,3.7,0,3.7,3.7,4.9,7.4,9.8,10,10,5.8,4.32667,4.00444,6.90889,8.02,9.85,10,10,7.43158
open_space,10.4,-15.1,2.48854,0,0,3,,,15.9,10,9.4,4.6,0,10,5.9,4.6,4.6,7.5,9.4,10,10,10,7.424,4.90889,5.52222,9.2375,9.64667,10,10
open_space,8.7,-13.5,3.14912,0,0,3,,,16.2,8.5,10,6.2,0,8.5,6.2,6.2,8.8,10,10,10,8.5,9.04615,6.95333,6.94889,9.32857,10,10,10,8.98125
open_space,15.5,-15.7,2.76258,0,0,3,,,14.3,10,4.6,4,0,10,4.3,4,4.4,4.2,4.6,10,10,10,6.10444,4.10222,4.98222,4.30667,6.30465,10,10
open_space,18.1,-9.5,2.94456,0,0,3,,,18,10,1.9,2.9,0.319444,10,10,2.9,1.6,1.6,1.9,8,10,10,10,4.89167,2.02667,1.66889,3.31333,9.41176,10
open_space,3.9,-3.6,3.29976,1,1,3,0|1|1；0|0|0；0|0|0,0|0；-0.5|0.5；-0.5|-0.5,9.7,3.7,3.4,6.3,0,3.7,6.3,10,10,4.2,3.4,3.4,3.7,4.51556,7.75333,10,10,6.12059,3.60222,4.07556,3.92
open_space,9.6,-10.4,2.13617,0,0,3,,,19.4,9.7,10,9.4,0,9.7,9.4,9.6,9.3,10,10,10,10,9.85,9.55882,9.77778,9.47429,10,10,10,10
open_space,18,-19.6,5.79705,1,1,3,0|1|1；0|0|0；0|0|0,0|0；1|0；2|0,1.9,0.1,0.1,1.8,0.652778,0.2,1.8,3.6,10,0.2,0.1,0.1,0.1,0.913333,2.32,5.65789,10,0.61875,0.128889,0.1,0.104444
open_space,9,-3.3,3.49328,1,1,3,0|1|1；0|0|0；0|0|0,0|0；-0.5|0.5；-0.5|-0.5,13.3,7.3,3.1,10,0,9.4,10,10,9.3,3.4,3.1,3.3,7.3,9.65556,10,10,9.55,5.07778,3.18222,4.48222,8.85556
open_space,19.4,-15.5,1.18098,1,1,3,0|1|0；0|0|1；0|0|0,0|0；-0.5|0；-1|0,10.3,0.3,0.3,10,0.472222,0.7,10,10,4.6,0.7,0.3,0.3,0.3,1.7619,10,10,6.31395,3.12444,0.435556,0.3,0.431111
open_space,16.5,-12.8,1.89921,0,0,3,,,13.4,7.2,3.2,7.8,0,10,10,7.8,6.9,3.6,3.2,3.4,7.2,10,10,8.68,7.09778,5.25333,3.29111,4.51111,8.3125
open_space,4.2,-9.7,3.6289,0,0,3,,,14.2,4,4.2,10,0,4.5,10,10,10,10,8.8,4.2,4,6.25128,10,10,10,10,9.62683,5.57556,4.12
open_space,15.8,-10.4,3.88639,0,0,3,,,15.8,9.3,10,3.9,0,9.3,5.8,3.9,3.9,5.3,10,10,10,9.59,8.62222,4.47778,4.27778,7.004,10,10,10
open_space,15.9,-11.7,1.22909,1,1,3,0|1|1；0|0|0；0|0|0,0|0；-0.5|0.5；-0.5|-0.5,13.8,4.2,3.8,10,0,10,10,10,8.5,8,4.1,3.8,4.2,10,10,10,9.15294,8.22,5.55111,3.90222,5.96744
open_space,2.7,-3.1,0.609129,0,0,3,,,12.9,3,10,2.5,0.238889,3,2.9,2.5,2.5,3,10,10,5.2,3.63111,3.04,3.07111,2.62222,4.89512,10,10,6.97778
open_space,17.9,-15.3,5.36712,1,1,3,0|1|1；0|0|0；0|0|0,0|0；-0.5|0.5；-0.5|-0.5,6.2,1.8,4.4,1.8,0.294444,1.8,1.8,2.3,10,10,7.4,4.4,3,2.17333,1.90667,4.10698,10,10,8.45455,5.33778,4.20889
open_space,4.7,-11.2,5.75813,1,1,3,0|1|1；0|0|0；0|0|0,0|0；-0.5|0.5；-0.5|-0.5,18.5,8.8,4.7,10,0,10,10,10,5.2,4.5,4.7,8.5,8.8,10,10,10,6.91515,4.66667,5.95556,8.78444,9.30556
open_space,19.2,-8.5,5.92817,1,1,3,0|1|1；0|0|0；0|0|0,0|0；1|0；2|0,1.7,0.5,1.2,0.5,0.45,0.5,0.5,1.3,9.1,10,10,1.2,0.5,0.5,0.771111,6.28667,9.51,10,10,2.88182,0.72
open_space,19.4,-5.2,1.72291,0,0,3,,,8.7,0.5,0.3,8.4,0.472222,5.1,8.4,10,1.9,0.4,0.3,0.3,0.5,6.08,9.1,10,3.91429,0.668889,0.306667,0.348889,2.08889
open_space,18.1,-5.5,0.0330608,0,0,3,,,4.5,1.6,2.2,2.3,0.319444,1.6,2.3,5.3,7.7,10,10,2.2,1.6,1.80667,4.16889,6.00889,8.73333,10,10,4.01892,1.76444
open_space,12.3,-19.1,0.40879,1,1,3,0|1|1；0|0|0；0|0|0,0|0；-0.5|0.5；-0.5|-0.5,10.6,1.5,0.6,10,0.438889,8.1,10,10,1.5,0.6,0.6,0.6,1.5,8.905,10,10,3.315,0.893333,0.6,0.908889,5.74889
open_space,9.2,-19,0.0659101,1,1,3,0|1|1；0|0|0；0|0|0,0|0；-0.5|0.5；-0.5|-0.5,10.7,1,0.7,10,0.427778,10,10,10,9,0.9,0.7,0.7,1,10,10,10,9.30333,2.30667,0.757778,0.797778,2.45263
open_space,8.8,-11,5.67397,0,0,3,,,18.7,8.8,8.7,10,0,10,10,10,10,8.6,8.7,8.7,8.8,10,10,10,10,8.95854,9.25,9.035,9.33333
open_space,17.9,-7.4,1.80317,1,1,3,0|1|1；0|0|0；0|0|0,0|0；-0.5|0.5；-0.5|-0.5,11.8,3.4,1.8,10,0.294444,7.4,10,10,8.3,2.1,1.8,1.8,3.4,8.38437,10,10,9.03333,3.59778,1.86889,2.31556,6.24889
open_space,14.4,-7.7,0.455726,1,1,3,0|1|1；0|0|0；0|0|0,0|0；-0.5|0.5；-0.5|-0.5,13.1,5.3,5.6,7.5,0,5.9,7.5,8.3,10,10,10,5.6,5.3,7.58444,7.70889,9.05,10,10,10,7.12308,5.44667
open_space,6,-2.1,3.23687,0,0,3,,,11,3,1.9,9.1,0.277778,5.8,9.1,10,10,2.5,1.9,1.9,3,6.80222,9.5,10,10,4.34359,2.05111,2.22222,4.98667
open_space,11.3,-5.8,0.916563,1,1,3,0|1|1；0|0|0；0|0|0,0|0；-0.5|0.5；-0.5|-0.5,14,5.6,8.4,5.6,0,5.6,5.6,9.2,10,10,10,8.4,7.1,5.98667,6.72222,9.525,10,10,10,8.8175,8.73636
open_space,17.6,-12.8,4.06371,0,0,3,,,12.7,6.9,10,2.1,0.25,6.9,2.7,2.1,2.1,3.4,10,10,8.8,7.35778,4.66222,2.23556,2.51778,5.49231,10,10,9.31111
open_space,19.3,-11.9,6.04761,0,0,3,,,1.2,0.4,0.7,0.5,0.461111,0.4,0.5,1.5,10,10,8.1,0.7,0.4,0.404444,0.733333,3.29167,10,10,8.816,4.05111,0.506667
open_space,9.2,-9.5,3.87603,0,0,3,,,19,9,9,10,0,10,10,10,10,9.3,9.3,9,9,10,10,10,10,9.58421,9.51154,9.38261,9.3
open_space,9.8,-18.7,3.30671,0,0,3,,,11,1.2,10,1,0.394444,1.2,1,1,1.7,10,10,10,6.5,2.30889,1.05333,1.21556,5.53556,10,10,10,9.44615
open_space,12.1,-18.8,1.81229,0,0,3,,,11.7,10,1.7,1.1,0.405556,10,3.9,1.1,0.9,0.9,1.7,7.8,10,10,5.65,1.74444,0.926667,1.15778,5.13556,8.675,10
open_space,9.5,-13.7,0.530447,0,0,3,,,16.9,10,6,9.7,0,10,10,9.7,9.3,6.2,6,6.9,10,10,10,9.82857,9.48108,7.50526,6.21333,8.19167,10
open_space,15.5,-4.7,5.49543,0,0,3,,,14.2,4.2,10,4.2,0,4.2,4.2,4.5,4.5,6.3,10,10,6,4.72889,4.68,5.05556,5.01333,7.77368,10,10,7.605
open_space,0.5,-17.3,1.17037,0,0,3,,,6.4,0.7,2.6,0.3,0.586111,0.7,0.3,0.3,0.3,0.7,2.6,6.1,10,1.93,0.44,0.3,0.424444,1.95778,3.60667,7.66,10
open_space,8.8,-19.3,0.991785,1,1,3,0|1|0；0|0|1；0|0|0,0|0；-0.5|0；-1|0,10.7,10,0.4,1.9,0.461111,10,10,1.9,0.5,0.4,0.4,0.7,10,10,10,7.8907,0.802222,0.411111,0.488889,1.94062,10
open_space,18.4,-11.9,2.68023,0,0,3,,,11.7,10,1.4,4.2,0.358333,10,8.8,4.2,1.5,1.3,1.4,2.9,10,10,9.3,7.54444,2.20222,1.32889,1.81556,4.98,10
open_space,5,-3.3,2.04692,0,0,3,,,8.1,3.1,3.3,4.8,0,3.5,4.8,5.4,10,10,6.9,3.3,3.1,4.62222,4.94,7.01143,10,10,8.21111,4.37333,3.18667
open_space,3,-1.9,5.66298,0,0,3,,,6.9,10,2.8,1.7,0.408333,10,2.1,1.7,1.7,2.8,2.8,4.8,10,10,3.84091,1.79333,2.07778,2.92444,3.43111,6.64,10
open_space,10,-9.8,2.72554,1,1,3,0|1|1；0|0|0；0|0|0,0|0；-0.5|0.5；-0.5|-0.5,19.6,9.8,9.6,9.9,0,9.8,10,9.9,10,9.7,10,9.6,10,9.88077,10,9.945,10,9.81613,10,9.74571,10
open_space,2.2,-16.9,0.165214,0,0,3,,,12.8,4.8,2.8,2.5,0.369444,10,10,2.5,2,2,2.8,2.8,4.8,10,10,4.38605,2.10889,2.44667,2.95778,3.43111,6.64
open_space,14.8,-2.8,5.66913,0,0,3,,,13.2,4.9,10,2.6,0.158333,4.9,3.2,2.6,2.6,4.5,10,10,6.1,5.18,4.52667,2.74,3.20222,6.40952,10,10,7.532
open_space,10.9,-19.3,2.94621,0,0,3,,,10.4,0.7,10,0.4,0.461111,0.7,0.4,0.4,0.5,1.9,10,10,10,1.7871,0.491111,0.408889,0.791111,7.88293,10,10,10
open_space,0.8,-16.7,3.46493,1,1,3,0|1|1；0|0|0；0|0|0,0|0；1|0；2|0,2,0.6,0.7,1.3,0.438889,0.6,1.3,3.2,6.7,10,1.9,0.7,0.6,0.822222,2.61111,4.20667,8.09,10,3.81333,0.995556,0.606667
open_space,12.5,-15.7,1.83175,1,1,3,0|1|1；0|0|0；0|0|0,0|0；-0.5|0.5；-0.5|-0.5,17.5,10,7.2,4.7,0,10,10,4.7,4,4.1,7.2,7.5,10,10,10,6.41111,4.14444,5.29556,7.46444,8.42667,10
open_space,18.5,-2.4,6.27242,1,1,3,0|1|1；0|0|0；0|0|0,0|0；-0.5|0.5；-0.5|-0.5,3.4,1.2,1.7,1.7,0.552778,1.2,1.7,2.2,3.1,10,10,1.7,1.2,1.32444,2.17333,2.44,5.08529,10,10,3.43243,1.34889
open_space,19.3,-10.9,5.50249,0,0,3,,,9.2,0.4,8.8,0.4,0.461111,0.4,0.4,0.5,10,10,10,8.8,0.6,0.435556,0.435556,1.47442,10,10,10,9.20345,1.9
open_space,1.7,-12.7,0.817921,1,1,3,0|1|1；0|0|0；0|0|0,0|0；-0.5|0.5；-0.5|-0.5,12.1,10,7,1.5,0.333333,10,2.1,1.5,1.5,2.2,7,10,10,10,3.91842,1.65556,1.69333,4.59556,7.93556,10,10
open_space,1,-6,0.0977337,0,0,3,,,15.8,7.6,1.2,1,0.416667,7.6,5.8,1,0.8,0.8,1.2,10,10,8.62667,6.26889,2.23111,0.857778,0.931111,2.86667,10,10
open_space,11.8,-16.9,0.667035,0,0,3,,,13.6,7.9,2.8,10,0.102778,10,10,10,4.6,2.8,2.8,3.6,7.9,10,10,10,6.53636,3.36444,2.98444,5.92444,8.43333
open_space,9.2,-2.8,4.26299,0,0,3,,,15.9,9.5,2.8,8.2,0.158333,10,10,8.2,2.9,2.6,2.8,5.9,9.5,10,10,8.925,4.35778,2.66889,3.69333,8.70889,9.7625
open_space,9.9,-1.3,5.79814,0,0,3,,,11.2,3.8,10,1.1,0.380556,3.8,1.2,1.1,1.1,2.3,10,10,10,8.42667,1.92222,1.12444,1.49778,6.93721,10,10,10
open_space,17.2,-5.1,4.48608,0,0,3,,,12.6,4.8,5.8,2.5,0.180556,4.8,2.6,2.5,2.9,4.9,5.8,10,10,6.61176,3.25333,2.59778,4.24444,5.09333,7.28621,10,10
open_space,9.4,-1,5.81392,0,0,3,,,10.9,2.6,9.7,0.8,0.416667,2.6,0.9,0.8,0.8,1.7,9.7,10,10,4.5,1.35333,0.815556,1.10222,6.34889,9.83333,10,10
open_space,4,-17,5.43096,1,1,3,0|1|1；0|0|0；0|0|0,0|0；-0.5|0.5；-0.5|-0.5,12.7,2.7,2.7,10,0.133333,3.6,10,10,5.9,3.8,3.8,2.7,2.7,5.53235,10,10,7.53158,4.42222,4.06667,3.14222,2.93111
open_space,12,-4,5.04949,0,0,3,,,17.7,8.6,8.7,4.2,0,8.6,7.7,4.2,3.8,4,8.7,10,10,9.23571,7.92,6.11111,3.90667,5.41333,9.225,10,10
open_space,1.7,-19.6,0.834769,1,1,3,0|1|1；0|0|0；0|0|0,0|0；1|0；2|0,2.1,10,0.1,1.5,0.663889,10,2,1.5,0.1,0.1,0.1,0.1,10,10,3.87436,1.64444,0.237778,0.1,0.1,0.328571,10
open_space,10.5,-0.7,3.65558,0,0,3,,,10.6,1.7,0.5,9.6,0.45,10,10,9.6,1,0.5,0.5,0.6,1.7,10,10,9.8,5.27333,0.66,0.506667,0.871111,3.34615
open_space,16.8,-10.1,5.38635,0,0,3,,,12.6,2.9,9.7,2.9,0.0611111,2.9,2.9,3.7,9.9,10,10,9.7,4.7,3.46667,3.09778,5.93421,9.92941,10,10,9.83,8.21111
open_space,16.3,-15.2,0.966391,0,0,3,,,13.4,3.5,3.4,10,0,5.9,10,10,5.5,4.5,4.2,3.4,3.5,7.60625,10,10,7.11429,4.74,4.88444,3.57778,4.22
open_space,18.8,-2.5,3.2046,0,0,3,,,12.3,3.5,1.3,1.2,0.561111,10,10,1.2,0.9,0.9,1.3,2.3,3.5,10,10,2.65581,0.977778,1.02667,2.06222,2.64667,5.47241
open_space,15.9,-15.5,1.68796,0,0,3,,,13.8,6.1,3.8,5.4,0,10,10,5.4,4.2,4.2,3.8,3.8,6.1,10,10,7.12963,4.50889,4.80889,4.07333,4.51333,7.67647
open_space,3,-2.9,5.5978,0,0,3,,,7.9,10,2.8,2.7,0.236111,10,3.5,2.7,2.7,2.8,2.8,4.4,10,10,5.49429,2.91556,3.14222,3.02,3.28889,6.35417,10
open_space,3.1,-7.6,3.93017,1,1,3,0|1|1；0|0|0；0|0|0,0|0；-0.5|0.5；-0.5|-0.5,12.9,2.9,2.9,10,0.0583333,4.1,10,10,10,7.4,4.1,2.9,2.9,6.07241,10,10,10,8.18333,6.50222,3.25556,3.23778
open_space,3.9,-12.1,4.14071,0,0,3,,,11.5,3.8,3.7,7.8,0,6.8,7.8,10,10,10,4.4,3.7,3.8,7.74889,8.6069,10,10,10,6.22286,3.86889,4.70667
open_space,10.3,-10.3,1.22307,0,0,3,,,19.4,10,9.4,10,0,10,10,10,10,9.4,10,9.4,10,10,10,10,10,9.6,10,9.6,10
open_space,15,-19.1,1.01375,0,0,3,,,11.1,4.8,0.6,2.7,0.438889,8.8,10,2.7,0.7,0.6,0.6,1.1,4.8,9.4,10,4.45556,1.17333,0.62,0.755556,3.17333,6.05111
open_space,4.9,-8.1,1.9438,1,1,3,0|1|1；0|0|0；0|0|0,0|0；-0.5|0.5；-0.5|-0.5,13.4,5.2,8.7,4.7,0,5.2,4.7,5,10,10,10,8.7,7.9,7.04222,4.82667,6.62195,10,10,10,9.27143,8.11111
open_space,13.3,-9.2,1.30665,1,1,3,0|1|1；0|0|0；0|0|0,0|0；-0.5|0.5；-0.5|-0.5,16.4,7.4,6.4,10,0,9,10,10,10,10,6.7,6.4,7.4,9.25,10,10,10,10,7.87143,6.61556,8.85625
open_space,10.1,-5.5,5.49171,0,0,3,,,17.7,9.6,9.9,5.3,0,9.6,7.7,5.3,5.3,7.4,9.9,10,10,9.75,9.28667,5.98222,5.90444,9.06957,9.93636,10,10
open_space,6.1,-4.6,1.77647,0,0,3,,,11.2,4.4,5.3,5.9,0,4.5,5.9,6,10,10,10,5.3,4.4,5.53778,6.18444,7.33721,10,10,10,6.93,4.60889
open_space,11,-17.1,0.546242,0,0,3,,,13,8.7,2.6,10,0.158333,10,10,10,5.1,2.7,2.6,3,8.7,10,10,10,6.9125,3.42889,2.69556,4.93556,9.01364
open_space,10.3,-9.1,2.48019,1,1,3,0|1|1；0|0|0；0|0|0,0|0；-0.5|0.5；-0.5|-0.5,18.9,9,8.9,10,0,10,10,10,10,9.4,9.5,8.9,9,10,10,10,10,9.55185,9.69286,9.19118,9.37143
open_space,16,-13.5,2.57836,1,1,3,0|1|1；0|0|0；0|0|0,0|0；-0.5|0.5；-0.5|-0.5,14.3,10,3.8,6.2,0,10,7.4,6.2,4.4,3.7,3.8,6.9,10,10,8.46842,6.47333,5.96889,3.86444,4.73778,8.12727,10
open_space,12.6,-18.2,1.96678,0,0,3,,,11.7,10,3.9,1.6,0.333333,10,4,1.6,1.5,1.6,3.9,7.7,10,10,6.04286,2.30222,1.53333,2.26889,6.70222,8.62174,10
open_space,3.5,-0.3,3.8615,0,0,3,,,10.1,0.8,0.1,10,0.494444,4.4,10,10,0.1,0.1,0.1,0.1,0.8,6.21667,10,10,0.3275,0.1,0.1,0.202222,3.44222
open_space,15.5,-12.3,1.23095,1,1,3,0|1|1；0|0|0；0|0|0,0|0；-0.5|0.5；-0.5|-0.5,14.2,4.6,4.2,10,0,10,10,10,7.9,7.4,4.5,4.2,4.6,10,10,10,8.77826,7.6,6.04889,4.31333,6.33
open_space,10.8,-18.4,2.81279,1,1,3,0|1|1；0|0|0；0|0|0,0|0；-0.5|0.5；-0.5|-0.5,11.4,3,9.9,1.3,0.358333,3,1.4,1.3,1.4,3.9,9.9,10,10,4.92222,1.85778,1.32889,2.12667,8.26667,9.95,10,10
open_space,2,-15.1,1.77912,0,0,3,,,11.8,2.2,8.4,1.8,0.291667,2.2,1.8,1.8,3.3,4.7,8.4,10,9.3,3.79111,1.88,2.27556,4.46667,5.83556,9.01667,10,9.3
open_space,15.6,-1.1,1.09583,0,0,3,,,3.9,0.9,3,0.9,0.405556,0.9,0.9,1.9,10,10,4.6,3,1,0.92,1.23111,3.83478,10,10,6.34737,4.13333,1.54222
open_space,14.9,-17.5,5.76374,1,1,3,0|1|1；0|0|0；0|0|0,0|0；-0.5|0.5；-0.5|-0.5,7.2,2.3,2.2,5,0.233333,4.4,5,9.6,10,8.8,2.6,2.2,2.3,4.88889,6.38667,9.75,10,9.1,4.12889,2.27333,2.92
open_space,5.4,-10.6,4.7419,1,1,3,0|1|1；0|0|0；0|0|0,0|0；-0.5|0.5；-0.5|-0.5,15.2,7.6,5.2,10,0,9.1,10,10,10,7.2,5.2,5.2,7.6,9.42083,10,10,10,8.38667,5.76889,5.88667,9.13077
open_space,8.9,-5.5,0.0429841,1,1,3,0|1|1；0|0|0；0|0|0,0|0；-0.5|0.5；-0.5|-0.5,15.3,7.3,10,5.3,0,7.3,5.3,5.3,7.8,8.7,10,10,10,8.4,5.85556,6.04667,9.00233,9.15,10,10,10
open_space,12.3,-10,2.18154,0,0,3,,,19,9.8,7.4,9.9,0,10,10,9.9,9.7,7.5,7.4,9,9.8,10,10,9.96,9.78846,8.425,7.78222,9.56,9.86957
open_space,10.4,-18.1,4.58369,1,1,3,0|1|1；0|0|0；0|0|0,0|0；-0.5|0.5；-0.5|-0.5,4.6,1.6,2.6,2,0.322222,1.6,2,9.3,10,10,10,2.6,1.6,1.7,3.91556,9.48333,10,10,10,4.60714,1.93111
open_space,8.2,-7.7,6.02396,1,1,3,0|1|1；0|0|0；0|0|0,0|0；-0.5|0.5；-0.5|-0.5,17.8,10,9.2,7.5,0,10,7.8,7.5,8.3,8,9.2,10,10,10,8.63077,7.76222,9.09412,8.28222,9.6,10,10
open_space,11,-0.9,3.83249,0,0,3,,,10.9,6.9,0.7,8.8,0.427778,10,10,8.8,1.1,0.7,0.7,0.9,6.9,10,10,9.22083,3.87333,0.815556,0.744444,1.88889,7.7
open_space,13.2,-18.2,4.61099,0,0,3,,,4.3,1.5,2.4,1.9,0.333333,1.5,1.9,6.5,8.4,10,10,2.4,1.5,1.60444,3.68,6.97333,9.08182,10,10,4.28667,1.77556
open_space,10.9,-19.4,1.0332,0,0,3,,,10.5,9.1,0.3,1.1,0.472222,10,10,1.1,0.3,0.3,0.3,0.5,9.1,10,10,2.525,0.544444,0.3,0.371111,4.00667,9.47333
open_space,0.4,-0.3,3.58654,0,0,3,,,0.6,0.2,0.1,0.5,0.738889,0.2,0.5,10,0.2,0.1,0.1,0.1,0.2,0.291111,1.39474,10,0.656,0.111111,0.1,0.122222,0.2
open_space,8.5,-3.4,1.23235,1,1,3,0|1|1；0|0|0；0|0|0,0|0；-0.5|0.5；-0.5|-0.5,11.1,3.2,7.6,3.5,0,3.2,3.5,8.3,9.2,10,10,7.6,3.4,3.28667,5.20889,8.52889,9.54444,10,10,8.65714,4.64889
open_space,3.9,-8.1,2.74923,0,0,3,,,11.9,3.7,7.9,4,0,3.7,4,9.6,10,10,8.6,7.9,4,3.79556,5.62444,9.8,10,10,9.21333,8.10889,5.7
open_space,9.3,-6.1,3.34247,1,1,3,0|1|1；0|0|0；0|0|0,0|0；-0.5|0.5；-0.5|-0.5,16,9.1,5.9,10,0,9.3,10,10,10,7.1,5.9,6,9.1,9.59286,10,10,10,8.295,6.19333,7.30465,9.325
open_space,16,-8,3.47894,0,0,3,,,18.3,10,7.8,4.1,0,10,10,4.1,3.7,3.9,7.8,8.3,10,10,10,5.89286,3.80444,5.27556,8.01778,8.965,10
open_space,3.3,-10.8,2.96803,0,0,3,,,9.3,3.1,5.5,3.8,0,3.1,3.8,8.9,10,10,10,5.5,3.2,3.25111,6.24222,9.17105,10,10,10,7.24118,3.87556
open_space,12,-11.1,4.82451,1,1,3,0|1|1；0|0|0；0|0|0,0|0；-0.5|0.5；-0.5|-0.5,17.7,8.6,10,7.7,0,8.7,7.7,7.7,10,10,10,10,8.6,9.18846,8.28222,8.52647,10,10,10,10,8.97838
open_space,12.4,-10.5,3.8087,0,0,3,,,19.2,9.3,10,7.4,0,9.3,9.2,7.4,7.3,9.3,10,10,10,9.6,9.40645,8.26944,7.79111,9.61667,10,10,10
open_space,3.7,-4.2,2.68558,0,0,3,,,7.7,3.5,4,3.7,0,3.5,3.7,7.9,10,10,4.5,4,3.9,3.6,4.94667,8.7,10,10,6.2325,4.11333,4.56667
open_space,0.4,-10.3,1.80491,0,0,3,,,10.2,0.2,10,0.2,0.483333,0.2,0.2,0.2,0.3,9.7,10,10,0.7,0.353333,0.2,0.237778,3.62889,9.825,10,10,1.91667
open_space,19.1,-10.8,3.0849,1,1,3,0|1|1；0|0|0；0|0|0,0|0；-0.5|0.5；-0.5|-0.5,18.7,10,0.8,0.9,0.438889,10,8.9,0.9,0.6,0.6,0.8,9.8,10,10,9.32083,3.23778,0.684444,0.646667,1.88889,9.8,10
open_space,4.3,-12.4,1.90671,0,0,3,,,14.1,4.6,10,4.1,0,4.6,4.1,4.3,7.3,7.7,10,10,10,6.3425,4.21333,5.8,7.51111,8.64,10,10,10
open_space,13,-6.6,1.34637,0,0,3,,,14.2,6.4,6.7,7.5,0,6.4,7.5,10,10,10,6.9,6.7,6.6,6.66222,8.58421,10,10,10,8.02,6.97111,7.79556
open_space,0.5,-2.1,4.03407,1,1,3,0|1|0；0|0|1；0|0|0,0|0；-0.5|0；-1|0,10.3,0.3,0.3,10,0.625,0.4,10,10,2.5,1.9,0.4,0.3,0.3,1.33158,10,10,4.355,2.04222,0.753333,0.313333,0.337778
open_space,6.3,-18.6,2.4587,1,1,3,0|1|1；0|0|0；0|0|0,0|0；-0.5|0.5；-0.5|-0.5,11.4,6.1,10,1.1,0.380556,6.1,1.4,1.1,1.1,1.7,10,10,8,6.57556,2.92889,1.18,1.28444,3.57353,10,10,8.83846
open_space,6.2,-17.7,0.271201,1,1,3,0|1|1；0|0|0；0|0|0,0|0；-0.5|0.5；-0.5|-0.5,12.1,4,2,7,0.266667,10,10,7,6,2.3,2,2.1,4,10,10,8.20833,6.21556,3.67333,2.06444,2.66222,6.07895
open_space,1.7,-15.9,0.395154,1,1,3,0|1|1；0|0|0；0|0|0,0|0；-0.5|0.5；-0.5|-0.5,8.1,9.9,3.8,1.6,0.333333,10,4,1.6,1.5,1.6,3.8,4.1,9.9,10,6.05,2.30667,1.53333,2.26889,3.89111,5.78889,9.9
open_space,17.2,-12.4,6.25502,1,1,3,0|1|1；0|0|0；0|0|0,0|0；-0.5|0.5；-0.5|-0.5,7.1,2.5,3.7,3.4,0.177778,2.5,3.4,10,10,10,7.3,3.7,2.5,2.75333,5.40606,10,10,10,8.1439,6.17111,2.84889
open_space,7,-9.3,3.18092,1,1,3,0|1|1；0|0|0；0|0|0,0|0；-0.5|0.5；-0.5|-0.5,19.1,6.8,9.1,10,0,6.8,10,10,10,10,9.1,9.1,6.8,7.73333,10,10,10,10,9.38889,9.44815,7.52
open_space,11.5,-10.2,3.20514,1,1,3,0|1|1；0|0|0；0|0|0,0|0；-0.5|0.5；-0.5|-0.5,19.5,10,10,9.5,0,10,9.5,9.5,8.2,8.2,10,10,10,10,9.65455,9.7125,8.73846,8.81562,10,10,10
open_space,15.8,-0.8,0.850898,0,0,3,,,4.5,0.6,3.9,0.6,0.438889,0.6,0.6,0.9,10,10,5.3,3.9,0.8,0.648889,0.682222,2.28205,10,10,7.02692,4.26889,1.76
open_space,15.6,-15.2,2.52994,0,0,3,,,12.7,10,4.2,4.5,0,10,5.6,4.5,4.6,4.1,4.2,7.1,10,10,7.18214,4.75111,5.20667,4.32667,5.06444,8.38333,10
open_space,12,-1.7,2.0013,0,0,3,,,5.8,1.5,1.6,4.2,0.333333,1.6,4.2,10,10,8.3,3.7,1.6,1.5,2.37333,6.03333,10,10,8.97368,7.03111,2.20889,1.53333
open_space,10.6,-7.4,4.83545,0,0,3,,,19.1,10,10,9.1,0,10,9.1,9.2,7.2,7.3,10,10,10,10,9.35,9.536,7.72222,8.20263,10,10,10
open_space,1.6,-19.5,5.06079,1,1,3,0|1|1；0|0|0；0|0|0,0|0；1|0；2|0,0.6,0.2,0.2,0.4,0.666667,0.2,0.4,10,4.2,1.6,0.5,0.2,0.2,0.26,1.348,10,6.28333,2.28667,1.24222,0.295556,0.2
open_space,2.4,-9.8,3.42643,0,0,3,,,7,2.2,2.5,4.5,0.233333,2.3,4.5,10,10,10,8.2,2.5,2.2,2.96667,8.35676,10,10,10,9.62727,3.99333,2.27111
open_space,10.4,-9.1,2.14555,0,0,3,,,19.1,8.9,9.1,10,0,10,10,10,10,9.5,9.3,9.1,8.9,10,10,10,10,9.76,9.48,9.50667,9.1675
open_space,6.6,-13,6.19,0,0,3,,,16.7,8.7,6.7,10,0,10,10,10,6.4,6.4,6.7,6.7,8.7,10,10,10,7.58,6.89111,7.74667,7.21111,9.26667
open_space,8.4,-13.2,4.54943,1,1,3,0|1|1；0|0|0；0|0|0,0|0；-0.5|0.5；-0.5|-0.5,16.2,6.5,8.2,8,0,6.5,8,10,10,10,8.3,8.2,6.6,6.85111,8.88667,10,10,10,8.99231,8.64889,7.755
open_space,0.3,-8,0.732988,0,0,3,,,10.1,7.8,1,0.1,0.497222,7.8,0.1,0.1,0.1,0.1,1,10,10,8.56389,1.01333,0.1,0.1,0.213333,1.8,10,10
open_space,6.5,-12.1,3.02946,0,0,3,,,17.7,6.3,10,7.6,0,6.3,7.7,7.6,9.7,10,10,10,6.4,6.73556,8.53556,8.12889,9.83333,10,10,10,7.5
open_space,0.7,-4.2,0.488432,0,0,3,,,11,4.2,1.6,0.5,0.452778,4.2,1,0.5,0.5,0.6,1.6,10,8.8,5.57111,3.01778,0.68,0.504444,0.837778,3.38,10,9.275
open_space,0.8,-16.8,0.684421,1,1,3,0|1|1；0|0|0；0|0|0,0|0；-0.5|0.5；-0.5|-0.5,4.6,10,2.9,0.6,0.497222,10,0.9,0.6,0.6,0.8,2.9,3.7,10,10,2.40278,0.702222,0.635556,1.48,3.11111,5.69429,10
open_space,16.6,-2.8,3.01518,0,0,3,,,12.6,3.3,2.6,5.1,0.158333,10,10,5.1,3.1,3.1,2.6,2.6,3.3,10,10,6.85789,3.74,3.3,3.12889,2.76444,5.21842
open_space,1.9,-17,2.09768,1,1,3,0|1|1；0|0|0；0|0|0,0|0；-0.5|0.5；-0.5|-0.5,11.7,1.8,10,1.7,0.441667,1.8,1.7,2,2.7,3.1,10,10,3.4,2.27333,1.75111,2.60667,2.79333,4.98667,10,10,5.435
open_space,4.2,-4.2,1.58847,0,0,3,,,9.6,4,5.6,4,0,4,4,4,5.7,10,10,5.6,4,4.5,4.46222,4.5,7.34762,10,10,7.25909,4.46222
open_space,8.3,-5.5,1.15381,0,0,3,,,15.7,5.3,10,5.7,0,5.3,5.7,8.1,8.7,10,10,10,5.8,5.44,7.47556,8.32,9.28125,10,10,10,7.33235
open_space,8.6,-5.9,0.342069,0,0,3,,,15.7,6.4,10,5.7,0,6.4,5.7,6,8.4,8.9,10,10,10,7.75667,5.86,7.76744,8.63778,9.4,10,10,10
open_space,7.7,-2.6,1.62409,0,0,3,,,6.9,2.4,3.3,3.6,0.197222,2.4,3.6,7.5,10,10,10,3.3,2.4,2.74667,6.18667,8.29744,10,10,10,5.23529,2.63556
open_space,7.7,-6.8,1.5375,0,0,3,,,17.3,6.6,9.8,7.5,0,6.6,7.5,7.5,10,10,10,9.8,6.6,7.26667,8.44222,8.20682,10,10,10,9.9,7.55556
open_space,10.9,-10.7,3.77442,1,1,3,0|1|1；0|0|0；0|0|0,0|0；-0.5|0.5；-0.5|-0.5,19,9.1,10,8.9,0,9.1,9,8.9,8.8,10,10,10,10,9.48824,9.26111,9.37,9.10263,10,10,10,10
open_space,13.5,-18.7,0.330804,1,1,3,0|1|1；0|0|0；0|0|0,0|0；-0.5|0.5；-0.5|-0.5,11.1,2.2,1,10,0.391667,6.6,10,10,3.1,1.1,1,1.1,2.2,7.83235,10,10,5.16923,1.66444,1.01778,1.4,5.17778
open_space,11.1,-12.6,5.4129,0,0,3,,,15.7,7.1,7.1,8.6,0,8.6,8.6,10,10,10,10,7.1,7.1,9.24687,8.9973,10,10,10,10,8.095,7.66667
open_space,2.3,-11.6,5.78283,0,0,3,,,14.3,8.4,2.2,7.8,0.25,10,10,7.8,2.4,2.1,2.2,4.3,8.4,10,10,8.65,3.80667,2.16667,2.83556,7.40667,9.10952
open_space,9.3,-14.1,5.68073,0,0,3,,,15.6,5.7,5.6,10,0,9.8,10,10,10,9.1,6.9,5.6,5.7,9.8,10,10,10,9.32571,8.72222,5.90222,6.96889
open_space,7.8,-13.7,0.26192,0,0,3,,,16.2,10,6,8.9,0,10,10,8.9,7.6,7,6,6.2,10,10,10,9.37,7.88222,8.33556,6.22444,7.50769,10
open_space,9.2,-14.6,3.54485,1,1,3,0|1|1；0|0|0；0|0|0,0|0；-0.5|0.5；-0.5|-0.5,14.9,5.5,9.8,5.1,0,5.5,5.1,5.5,10,10,10,9.8,9,7.32195,5.23556,7.07838,10,10,10,9.875,9.23778
open_space,4.4,-0.4,5.75831,0,0,3,,,8.5,0.7,4.3,0.2,0.483333,0.7,0.2,0.2,0.2,0.3,4.3,8.3,10,2.11429,0.335556,0.2,0.24,2.10667,5.55778,9.05,10
open_space,8.5,-19.3,2.69246,1,1,3,0|1|0；0|0|1；0|0|0,0|0；-0.5|0；-1|0,10.4,1.2,10,0.4,0.461111,1.2,0.4,0.4,0.4,0.9,10,10,9.3,6.4,0.642222,0.4,0.546667,2.11667,10,10,9.6375
open_space,4.3,-1.6,5.31606,0,0,3,,,7.5,10,4.1,1.4,0.344444,10,2.5,1.4,1.4,1.7,4.1,5,10,10,4.42308,1.75111,1.46444,2.78667,4.30222,6.7125,10
open_space,1.5,-16.8,5.44206,0,0,3,,,11.7,2.9,1.3,10,0.416667,3.9,10,10,2,1.3,1.3,1.7,2.9,5.80312,10,10,3.78235,1.49778,1.41333,2.58222,3.16
open_space,10.3,-7,2.55247,0,0,3,,,16.8,6.9,6.8,10,0,10,10,10,10,9.4,8.3,6.8,6.9,10,10,10,10,9.5625,9.34783,7.14222,8.01081
open_space,10.2,-7.4,2.24511,0,0,3,,,17.3,7.2,7.3,10,0,9.2,10,10,10,9.6,9.5,7.3,7.2,9.55,10,10,10,9.775,9.63462,8.16757,7.7
open_space,6,-4.9,1.70274,1,1,3,0|1|1；0|0|0；0|0|0,0|0；-0.5|0.5；-0.5|-0.5,11.8,4.7,6,5.8,0,4.7,5.8,5.9,9.5,10,10,6,4.7,5.64222,6.19556,6.96444,9.73333,10,10,7.50417,5.02222
open_space,7.5,-7,4.39983,0,0,3,,,17.3,8.2,7.3,10,0,10,10,10,7.2,6.8,7.6,7.3,8.2,10,10,10,8.25517,6.99556,8.58222,7.51556,8.97059
open_space,9.2,-9,2.47413,0,0,3,,,17.9,8.9,8.8,9.1,0,9,9.1,10,10,10,10,8.8,8.9,9.27576,9.43,10,10,10,10,9.12,9.3087
open_space,1.4,-9.5,5.13734,0,0,3,,,11.3,3.3,1.2,10,0.369444,10,10,10,3,1.3,1.2,1.3,3.3,10,10,10,7.75556,1.76889,1.22667,1.87556,5.51333
open_space,7.6,-5,5.25728,0,0,3,,,18.1,10,7.4,5,0,10,9.5,5,4.8,5.6,7.4,8.6,10,10,9.65,6.34,4.97778,7.36222,7.68,9.24167,10
open_space,16.5,-4.5,3.95675,0,0,3,,,10.7,10,4.3,3.2,0,10,4.5,3.2,3.2,4.3,4.3,6.2,10,10,6.36429,3.55111,3.61778,4.66,4.86444,7.77895,10
open_space,5.2,-11.7,2.47334,1,1,3,0|1|1；0|0|0；0|0|0,0|0；-0.5|0.5；-0.5|-0.5,15,5,10,5,0,5,5,8,8.1,10,10,10,6.4,5.36889,5.94222,8.41111,8.74516,10,10,10,7.89091
open_space,18.8,-5.4,5.19717,0,0,3,,,10.9,0.9,10,0.9,0.405556,0.9,0.9,1,2.9,5.9,10,10,1.9,1.24667,0.917778,1.52,5.06889,7.40625,10,10,3.72273
open_space,9.7,-9.1,4.87102,0,0,3,,,19.6,10,9.5,10,0,10,10,10,8.9,9,9.5,9.6,10,10,10,10,9.18333,9.41053,9.63571,9.8,10
open_space,19,-14.4,0.759465,0,0,3,,,10.7,0.7,0.7,10,0.427778,0.9,10,10,7.8,5.3,1,0.7,0.7,2.23256,10,10,8.73636,6.04667,2.63556,0.786667,0.762222
open_space,13.2,-9.8,2.26957,1,1,3,0|1|1；0|0|0；0|0|0,0|0；-0.5|0.5；-0.5|-0.5,18.5,9.6,6.5,10,0,10,10,10,9.9,6.5,6.5,8.5,9.6,10,10,10,9.92667,7.61591,7.00889,9.5,9.71304
open_space,9.9,-6.7,0.218576,0,0,3,,,16.5,7.8,10,6.5,0,7.8,6.5,6.7,9.7,9.9,10,10,9.8,8.81667,6.79556,7.83158,9.78889,9.96667,10,10,9.872
open_space,9.7,-3.3,6.23773,1,1,3,0|1|1；0|0|0；0|0|0,0|0；-0.5|0.5；-0.5|-0.5,13.1,4.7,10,3.1,0,4.7,3.1,3.1,4.2,9.5,10,10,10,7.47273,3.56889,3.39111,7.26,9.65455,10,10,10
open_space,5.5,-14.6,3.08986,0,0,3,,,13.1,5.3,8,5.1,0,5.3,5.1,5.1,6.8,10,10,8,5.3,5.78667,5.87778,5.57111,8.13333,10,10,8.92,6.12444
open_space,15.6,-18.6,6.21748,1,1,3,0|1|1；0|0|0；0|0|0,0|0；-0.5|0.5；-0.5|-0.5,6.5,1.4,1.1,5.4,0.383333,4.1,5.4,10,10,1.7,1.1,1.1,1.4,4.45111,7.076,10,10,3.48286,1.27111,1.18889,2.7
open_space,17.8,-8,1.32778,0,0,3,,,11,2.2,1.9,9.1,0.280556,7.7,9.1,10,10,3.7,2,1.9,2.2,8.08667,9.53333,10,10,5.795,2.50667,1.96222,3.59778
open_space,13.3,-13.1,1.15234,0,0,3,,,16.4,6.9,6.4,10,0,10,10,10,7.3,6.6,7.1,6.4,6.9,10,10,10,8.388,6.77333,7.90889,6.57111,8.03333
open_space,2.4,-7.9,2.50168,1,1,3,0|1|1；0|0|0；0|0|0,0|0；-0.5|0.5；-0.5|-0.5,9.9,2.2,7.7,2.2,0.233333,2.2,2.2,3.7,10,10,9.7,7.7,2.8,2.33556,2.66,5.7,10,10,9.83333,8.19778,4.92889
open_space,2.4,-12.1,4.81191,0,0,3,,,12.2,3.4,2.2,10,0.233333,7.6,10,10,10,2.9,2.2,2.2,3.4,8.45556,10,10,10,4.83421,2.37333,2.58,6.23111
open_space,14.6,-9.7,1.13054,0,0,3,,,15.1,5.4,5.1,10,0,9.5,10,10,10,10,5.7,5.1,5.4,9.67368,10,10,10,10,7.22059,5.24,6.915
open_space,10.4,-15.9,3.8581,0,0,3,,,13.8,3.8,10,3.8,0,3.8,3.8,5,9.3,10,10,10,5.9,4.43111,4.12,7.89333,9.5037,10,10,10,7.54211
open_space,4.2,-5.3,1.26771,0,0,3,,,14.2,5.1,10,4,0,5.1,4.2,4,4.5,10,10,10,5.4,5.24889,5.27111,4.11778,6.3025,10,10,10,6.90714
open_space,10.5,-15.6,3.85881,0,0,3,,,14.1,4.1,10,4.1,0,4.1,4.1,5.4,9.2,10,10,10,6.3,4.78444,4.44889,8.16,9.425,10,10,10,7.85882
open_space,14.1,-1.2,1.12801,0,0,3,,,4.1,1,3,1.1,0.394444,1,1.1,2.3,10,10,6.2,3,1.1,1.02,1.41778,4.135,10,10,7.61,5.38667,1.63556
open_space,8.9,-6,5.41841,1,1,3,0|1|1；0|0|0；0|0|0,0|0；-0.5|0.5；-0.5|-0.5,19.1,10,8.7,5.8,0,10,9.1,5.8,5.8,7.6,8.7,10,10,10,9.52,6.81111,6.26889,8.99,9.06,10,10
open_space,4.8,-8.9,0.601354,1,1,3,0|1|1；0|0|0；0|0|0,0|0；-0.5|0.5；-0.5|-0.5,18.3,8.9,10,4.7,0,8.9,8.3,4.7,4.6,5.6,10,10,10,9.33684,8.96444,5.79556,4.82,7.18966,10,10,10
open_space,5.4,-3.8,2.0863,0,0,3,,,9,3.6,3.8,5.2,0,4.1,5.2,6,10,10,7.5,3.8,3.6,5.30222,5.37333,7.46,10,10,8.5,4.88444,3.71778
open_space,13.5,-10.3,1.87266,1,1,3,0|1|1；0|0|0；0|0|0,0|0；-0.5|0.5；-0.5|-0.5,16.5,10,6.2,10,0,10,10,10,9.4,7.1,6.2,6.5,10,10,10,10,9.58158,8.49286,6.39778,7.73429,10
open_space,4.9,-5.5,5.78422,1,1,3,0|1|1；0|0|0；0|0|0,0|0；-0.5|0.5；-0.5|-0.5,15.9,10,4.9,5.3,0,10,6.1,5.3,5.4,4.7,4.9,9.8,10,10,7.53103,5.47778,6.10889,4.86,6.37778,9.8,10
open_space,8.8,-16,3.0221,0,0,3,,,13.7,6.1,10,3.7,0,6.1,3.7,3.7,4.7,10,10,10,8.7,8.33556,4.45111,3.94889,6.51613,10,10,10,9.19583
open_space,1.2,-17,0.743833,1,1,3,0|1|1；0|0|0；0|0|0,0|0；-0.5|0.5；-0.5|-0.5,5.2,10,2.7,1,0.513889,10,1.5,1,1,1.3,2.7,3.7,10,10,3.21351,1.14222,1.08889,2.19778,2.95556,5.67273,10
open_space,17,-1.5,1.21505,0,0,3,,,4.1,1.3,2.7,1.4,0.491667,1.3,1.4,3.6,10,6.7,2.9,2.7,1.4,1.32889,2.05333,5.77857,10,8.07778,4.00222,2.76667,1.90889
open_space,4.8,-2.2,4.87077,0,0,3,,,14.7,7.8,3.4,2.5,0.263889,10,10,2.5,2,2,3.4,4.7,7.8,10,10,4.31905,2.11778,2.44,4.50222,5.62444,8.72222
open_space,17.5,-16.2,5.94067,1,1,3,0|1|1；0|0|0；0|0|0,0|0；-0.5|0.5；-0.5|-0.5,5.9,2.2,3.5,2.4,0.233333,2.2,2.4,6.5,10,8.4,3.7,3.5,2.3,2.25556,3.55556,7.975,10,9.14,5.11556,3.59111,3.11111
open_space,13.8,-0.8,1.17017,0,0,3,,,2.2,0.6,1.6,0.6,0.441667,0.6,0.6,1.5,10,10,6.5,1.6,0.7,0.6,0.884444,3.08,10,10,7.8,4.86444,0.92
open_space,8.5,-1.7,1.60708,0,0,3,,,4.3,1.5,2.1,2.2,0.333333,1.5,2.2,8.3,10,10,10,2.1,1.5,1.69556,4.98,8.87879,10,10,10,3.86842,1.65333
open_space,0.6,-19.1,1.63018,0,0,3,,,10.4,0.5,0.9,0.4,0.7,0.5,0.4,0.4,0.6,0.6,0.9,10,8.4,1.32889,0.428889,0.446667,0.628889,0.677778,2.18974,10,8.4
open_space,6.2,-7.5,1.07658,0,0,3,,,16.9,7.3,10,6,0,7.3,6.9,6,6.3,10,10,10,8.4,7.53778,8.12667,6.19333,7.55135,10,10,10,9.09333
open_space,19.4,-4.1,5.04355,0,0,3,,,10.3,0.3,8.8,0.3,0.475,0.3,0.3,0.3,0.6,4.1,8.8,10,0.9,0.473333,0.3,0.4,2.60444,5.51778,9.35,10,2.19412
open_space,18.1,-9.8,3.72941,1,1,3,0|1|1；0|0|0；0|0|0,0|0；-0.5|0.5；-0.5|-0.5,12.9,10,7.9,1.6,0.322222,10,2.9,1.6,1.6,1.9,7.9,10,10,10,7.13023,2.02667,1.66889,3.30889,9.60345,10,10
open_space,18.9,-8.7,3.28346,1,1,3,0|1|1；0|0|0；0|0|0,0|0；-0.5|0.5；-0.5|-0.5,14.7,10,1.3,1,0.416667,10,6.1,1,0.8,0.8,1.3,8.6,10,10,7.2,1.96,0.846667,0.953333,4.38222,9.132,10
open_space,4.3,-11.7,6.18718,1,1,3,0|1|1；0|0|0；0|0|0,0|0；-0.5|0.5；-0.5|-0.5,18,10,5.3,6.6,0,10,10,6.6,4.1,4.1,5.3,8,10,10,10,7.94667,4.86222,4.40889,7.48444,8.53256,10
open_space,8.6,-6.9,0.505204,0,0,3,,,16.7,7,10,6.7,0,7,6.7,7.6,8.4,9.6,10,10,10,8.1375,6.91333,8.95135,8.67333,9.8,10,10,10
open_space,13.9,-14.6,2.0123,0,0,3,,,16.4,10,5.8,5.4,0,10,10,5.4,5.1,5.6,5.8,6.4,10,10,10,6.94615,5.23556,6.61333,5.95778,7.75667,10
open_space,7.2,-9.8,2.17747,0,0,3,,,16.8,7.1,9.8,7,0,7.1,7,8.5,9.9,10,10,9.8,9.6,8.15143,7.34889,9.19167,9.94,10,10,9.9,9.70714
open_space,13.2,-9.3,0.88774,0,0,3,,,15.6,6.5,6.5,9.1,0,9.1,9.1,10,10,10,8.5,6.5,6.5,9.36129,9.49,10,10,10,9.14,7.01556,7.60682
open_space,18.8,-17.7,5.56218,1,1,3,0|1|1；0|0|0；0|0|0,0|0；1|0；2|0,2.9,0.9,2,0.9,0.586111,0.9,0.9,1.3,10,10,2.7,2,1.2,0.977778,1.02667,2.95135,10,10,4.63243,2.18222,1.78444
open_space,18.7,-12.7,1.25653,1,1,3,0|1|1；0|0|0；0|0|0,0|0；-0.5|0.5；-0.5|-0.5,11,1.1,1,10,0.391667,3.1,10,10,7.4,2.2,1.1,1,1.1,5.14615,10,10,8.38519,5.66444,1.40222,1.01778,1.66
open_space,15.2,-3.8,0.13859,1,1,3,0|1|1；0|0|0；0|0|0,0|0；-0.5|0.5；-0.5|-0.5,9.3,4.5,5.7,3.6,0,4.5,3.6,3.6,5.9,10,10,5.7,4.5,5.00222,3.83556,4.33778,7.56471,10,10,7.30385,4.79778
open_space,11.3,-12.7,2.09584,0,0,3,,,19.7,10,8.4,7.3,0,10,10,7.3,7,8.1,8.4,9.7,10,10,10,8.32258,7.24667,9.09118,8.69333,9.85,10
open_space,10.3,-17.1,3.91825,0,0,3,,,12.6,2.6,10,2.6,0.155556,2.6,2.6,3.6,9.4,10,10,10,3.8,2.93778,2.89111,6.79333,9.60909,10,10,10,5.69655
open_space,18.2,-15,4.54383,0,0,3,,,9.8,2.6,8.3,1.5,0.333333,2.6,1.5,1.5,1.8,8.7,10,8.3,4.8,4.25111,1.86,1.57333,3.32444,9.2,10,9.01429,5.86
open_space,7.9,-3.7,3.75029,0,0,3,,,14.3,7.7,3.5,10,0,9.4,10,10,6.2,3.6,3.5,4.3,7.7,9.68333,10,10,7.72143,4.38222,3.67778,6.42889,8.09778
open_space,12.4,-2.2,5.13288,1,1,3,0|1|1；0|0|0；0|0|0,0|0；-0.5|0.5；-0.5|-0.5,15,7.9,5.5,2.2,0.263889,7.9,5,2.2,2,2.2,5.5,10,10,8.73182,7.17111,2.98889,2.04889,3.13778,7.19,10,10
open_space,8.9,-0.9,4.24754,0,0,3,,,11.5,9.2,0.7,2.2,0.427778,10,10,2.2,0.8,0.7,0.7,1.5,9.2,10,10,4.13571,1.17111,0.711111,0.964444,5.90667,9.53333
open_space,10.5,-3.4,2.14738,1,1,3,0|1|1；0|0|0；0|0|0,0|0；-0.5|0.5；-0.5|-0.5,13.3,3.2,3.3,10,0,3.8,10,10,10,9.4,6,3.3,3.2,5.68205,10,10,10,9.68182,8.76667,4.11111,3.33556
open_space,1.5,-13,4.83738,0,0,3,,,11.3,2.1,1.3,10,0.358333,6.8,10,10,10,1.7,1.3,1.3,2.1,7.8381,10,10,10,3.27045,1.38667,1.54444,4.70667
open_space,18.7,-3.3,2.61572,1,1,3,0|1|1；0|0|0；0|0|0,0|0；-0.5|0.5；-0.5|-0.5,11.9,3.2,1,4,0.394444,6.1,10,4,1.2,1,1,1.9,3.2,7.68462,10,6.02222,1.87556,1.02667,1.30889,2.93111,4.09556
open_space,4.1,-8.3,0.566311,0,0,3,,,17.4,8.3,10,4,0,8.3,7.4,4,3.9,4.6,10,10,10,8.97391,8.27556,5.05333,4.06222,6.36,10,10,10
open_space,0.3,-8.6,1.23503,1,1,3,0|1|0；0|0|1；0|0|0,0|0；-0.5|0；-1|0,10.1,0.2,10,0.1,0.494444,0.2,0.1,0.1,0.1,0.2,10,10,8.9,4.10667,0.111111,0.1,0.122222,0.531579,10,10,9.42143
open_space,3.6,-10,3.71075,0,0,3,,,13.2,3.4,3.5,9.7,0,4,9.7,10,10,10,6.4,3.5,3.4,6.0575,9.79286,10,10,10,9.2359,4.39333,3.54
open_space,11.7,-17.1,4.01284,0,0,3,,,12.6,2.6,10,2.6,0.158333,2.6,2.6,4,8,10,10,10,3.4,2.81556,3.02889,6.82222,8.71212,10,10,10,5.43429
open_space,10.2,-9.4,5.58103,1,1,3,0|1|1；0|0|0；0|0|0,0|0；-0.5|0.5；-0.5|-0.5,19.5,9.5,10,9.2,0,9.5,9.5,9.2,9.2,10,10,10,10,9.63913,9.72667,9.425,9.545,10,10,10,10
open_space,5.9,-11.5,4.98358,1,1,3,0|1|1；0|0|0；0|0|0,0|0；-0.5|0.5；-0.5|-0.5,15.9,8.2,5.7,10,0,8.5,10,10,10,6.6,5.7,5.9,8.2,9.105,10,10,10,7.96154,5.90222,7.52444,8.49333
open_space,14,-8.1,0.23522,0,0,3,,,14.7,5.7,6.8,7.9,0,5.9,7.9,8.1,10,10,10,6.8,5.7,7.33333,8.23556,8.852,10,10,10,8.08333,5.93556
open_space,2.9,-10.4,5.17438,1,1,3,0|1|1；0|0|0；0|0|0,0|0；-0.5|0.5；-0.5|-0.5,13,8.4,2.7,10,0.133333,10,10,10,6.2,2.9,2.7,3,8.4,10,10,10,7.80909,3.85556,2.77111,4.48889,9.44146
open_space,17.1,-2,2.14161,1,1,3,0|1|1；0|0|0；0|0|0,0|0；-0.5|0.5；-0.5|-0.5,10.1,1.8,1.8,8.3,0.452778,2.1,8.3,10,4.9,2.7,2.6,1.8,1.8,3.60222,9.03333,10,6.67647,3.34889,2.70667,2.30667,1.86889
open_space,9.6,-12.7,4.78116,1,1,3,0|1|1；0|0|0；0|0|0,0|0；-0.5|0.5；-0.5|-0.5,19.4,7,9.4,10,0,7,10,10,10,10,9.4,9.4,7,7.98605,10,10,10,10,9.57083,9.64286,7.64889
open_space,0.6,-12.3,4.12722,0,0,3,,,7.9,0.4,0.4,7.5,0.461111,0.7,7.5,10,10,2,0.5,0.4,0.4,3.43556,8.46875,10,10,3.85556,0.817778,0.411111,0.486667
open_space,14.5,-5.1,6.05701,1,1,3,0|1|1；0|0|0；0|0|0,0|0；-0.5|0.5；-0.5|-0.5,15,5.2,10,4.9,0,5.2,5,4.9,5.8,10,10,10,5.4,5.40889,5.99111,5.09333,7.28621,10,10,10,6.78889
open_space,6.8,-11.3,2.81341,1,1,3,0|1|1；0|0|0；0|0|0,0|0；-0.5|0.5；-0.5|-0.5,17.3,6.6,10,7.3,0,6.6,7.3,8.4,9.4,10,10,10,7,6.78444,8.77838,8.63333,9.6625,10,10,10,8.16
