env_type,robot_x,robot_y,robot_theta,has_expert_label,expert_confidence,ctrlnums, controlGraph, robot_positions,corridor_width,front_clearance,left_clearance,right_clearance,obstacle_density,sector_0_min,sector_1_min,sector_2_min,sector_3_min,sector_4_min,sector_5_min,sector_6_min,sector_7_min,sector_0_avg,sector_1_avg,sector_2_avg,sector_3_avg,sector_4_avg,sector_5_avg,sector_6_avg,sector_7_avg
open_space,10.1,-10.4,5.79064,0,0,-1182155123,,,19.3,9.6,9.3,10,0,9.6,10,10,10,9.9,10,9.3,9.7,9.73824,10,10,10,9.945,10,9.49487,9.85
open_space,9.3,-14.8,2.7207,0,0,-1182155123,,,15.4,9.1,10,4.9,0,9.1,5.4,4.9,5.2,10,10,10,10,9.34889,7.30976,5.02889,6.84634,10,10,10,10
open_space,2.7,-10.6,1.79928,0,0,-1182155123,,,12.5,3,10,2.5,0.180556,3,2.5,2.6,4.7,9.3,10,10,10,4.80698,2.60222,3.21556,8.12222,9.64615,10,10,10
open_space,5.2,-3.9,2.37466,0,0,-1182155123,,,8.7,3.7,3.7,5,0,5,5,7.2,10,10,5.2,3.7,3.7,5.42667,5.63111,8.40667,10,10,6.94583,4.12444,4.16222
open_space,1.7,-3.9,5.38928,1,1,3,0|1|1；0|0|0；0|0|0,0|0；-0.5|0.5；-0.5|-0.5,7.9,10,1.5,3.7,0.333333,10,6,3.7,2.4,1.5,1.5,1.9,10,10,7.6,4.42222,3.49778,1.78222,1.6,3.62093,10
open_space,0.9,-11.1,4.35611,0,0,3,,,10.2,0.8,0.7,9.5,0.427778,1.9,9.5,10,10,1.7,0.7,0.7,0.8,6.90222,9.71429,10,10,3.375,1.02222,0.704444,1.09111
open_space,2,-4.1,0.474704,0,0,3,,,13.9,4.1,5.8,1.9,0.294444,4.1,3.9,1.9,1.8,2,5.8,10,8.8,5.50889,4.00444,2.52889,1.84889,3.04222,7.325,10,9.275
open_space,10.5,-10.1,2.89055,1,1,3,0|1|1；0|0|0；0|0|0,0|0；-0.5|0.5；-0.5|-0.5,19.9,10,9.9,9.6,0,10,10,9.6,9.5,9.2,10,9.9,10,10,10,9.725,9.74444,9.41795,10,9.94,10
open_space,10.1,-11.1,3.72505,1,1,3,0|1|1；0|0|0；0|0|0,0|0；-0.5|0.5；-0.5|-0.5,18.6,8.8,10,8.6,0,8.8,8.6,9.8,9.6,10,10,10,9.9,9.3,8.93953,9.92,9.71034,10,10,10,9.94
open_space,6.3,-11.1,2.09307,0,0,3,,,16.1,6.3,10,6.1,0,6.3,6.1,7,8.6,9.9,10,10,10,7.61081,6.30889,8.68974,8.89556,9.95,10,10,10
open_space,1.4,-9.4,1.90732,1,1,3,0|1|1；0|0|0；0|0|0,0|0；-0.5|0.5；-0.5|-0.5,11.2,1.3,10,1.2,0.369444,1.3,1.2,1.3,2.7,10,10,10,3.7,1.98444,1.22667,1.69333,4.84,10,10,10,8.3814
open_space,17.1,-16.6,6.21435,1,1,3,0|1|1；0|0|0；0|0|0,0|0；-0.5|0.5；-0.5|-0.5,6.5,2.6,3.1,3.4,0.158333,2.6,3.4,10,10,4.8,3.1,3.1,2.6,2.81556,5.43143,10,10,6.67391,3.61333,3.35778,3.02889
open_space,10.3,-7.3,3.32893,1,1,3,0|1|1；0|0|0；0|0|0,0|0；-0.5|0.5；-0.5|-0.5,17.2,10,7.1,10,0,10,10,10,9.4,8.7,7.1,7.2,10,10,10,10,9.55484,9.52857,7.47556,8.21429,10
open_space,11.7,-18.9,4.89639,1,1,3,0|1|1；0|0|0；0|0|0,0|0；1|0；2|0,2.4,0.8,1,1.4,0.416667,0.8,1.4,8.1,10,10,4.6,1,0.8,0.982222,4.6,8.83333,10,10,6.56667,1.74889,0.835556
open_space,13.3,-13.9,5.96383,0,0,3,,,13,6.4,5.8,7.2,0,6.4,7.2,10,10,10,6.1,5.8,6.5,6.58,8.275,10,10,10,7.50556,5.96444,7.42444
open_space,14.3,-19,1.10705,0,0,3,,,11.5,5.7,0.7,2.2,0.427778,10,10,2.2,0.8,0.7,0.7,1.5,5.7,10,10,4.1,1.17111,0.711111,0.964444,4.18222,7.165
open_space,11.3,-3.6,0.6511,0,0,3,,,11.9,3.4,8.5,3.4,0,3.4,3.4,4.3,10,10,10,8.5,5.7,4.12667,3.61111,6.17941,10,10,10,9.072,8.05333
open_space,4.6,-16.5,5.60632,0,0,3,,,13.2,3.2,3.2,10,0,5.1,10,10,5.7,4.4,4.1,3.2,3.2,6.89524,10,10,7.336,4.73556,4.74,3.44,3.78444
open_space,9.7,-4,4.44251,0,0,3,,,19.5,10,4.4,7.9,0,10,10,7.9,4,3.8,4.4,9.5,10,10,10,9.55263,5.15111,3.92444,6.43571,9.65429,10
open_space,1.4,-5.3,5.20447,1,1,3,0|1|1；0|0|0；0|0|0,0|0；-0.5|0.5；-0.5|-0.5,11.4,4,1.2,5.4,0.369444,10,10,5.4,2.6,1.3,1.2,1.4,4,10,10,6.84286,4.62222,1.65556,1.22667,2.06889,6.14545
open_space,0.8,-13.1,0.497195,0,0,3,,,8.7,10,2,0.6,0.438889,10,1.2,0.6,0.6,0.7,2,7.5,10,10,2.892,0.808889,0.608889,1.02222,5.88444,8.52381,10
open_space,3.5,-18.4,6.02765,0,0,3,,,11.3,1.5,1.3,6.7,0.358333,5,10,6.7,3.4,2.6,1.3,1.3,1.5,6.825,10,8.06364,4.41778,3.28667,1.73111,1.33778,2.38889
open_space,8.6,-9.8,4.58251,0,0,3,,,18.4,9.9,8.4,10,0,9.9,10,10,9.7,9.6,8.5,8.4,10,9.93333,10,10,9.84444,9.704,9.052,8.8122,10
open_space,13.8,-10.9,4.33687,0,0,3,,,16.4,8.8,10,5.9,0,8.8,6.4,5.9,6.4,10,10,10,9.5,9.02889,8.03158,6.05778,7.73226,10,10,10,9.74286
open_space,19.1,-7.3,4.53486,0,0,3,,,10.6,1,8.6,0.6,0.438889,1,0.6,0.6,0.7,3.2,8.6,10,10,2.45484,0.735556,0.624444,1.26222,7.09556,9.26364,10,10
open_space,3.7,-15.2,4.03614,0,0,3,,,8,3.5,3.5,4.5,0,4.5,4.5,7.2,10,10,4.5,3.5,3.5,4.83778,5.32889,8.39231,10,10,6.43226,3.76667,4.13333
open_space,8.8,-7.6,0.577016,0,0,3,,,17.4,7.6,10,7.4,0,7.6,7.4,8.8,8.6,10,10,10,10,8.47667,7.72444,9.32414,8.95,10,10,10,10
open_space,6.6,-17.1,0.0500651,0,0,3,,,12.6,3.9,2.6,8.8,0.158333,10,10,8.8,6.4,3.5,2.6,2.6,3.9,10,10,9.35,7.04444,5.53778,2.85333,2.96889,5.84643
open_space,10.2,-18,3.98172,1,1,3,0|1|1；0|0|0；0|0|0,0|0；-0.5|0.5；-0.5|-0.5,11.7,1.7,10,1.7,0.308333,1.7,1.7,2.5,9.5,10,10,10,2.3,1.86222,1.94,5.84222,9.69375,10,10,10,4.59268
open_space,6.8,-4.7,2.5871,1,1,3,0|1|1；0|0|0；0|0|0,0|0；-0.5|0.5；-0.5|-0.5,11.3,4.6,4.5,6.8,0,6.6,6.8,10,10,10,5.3,4.5,4.6,6.88889,7.9,10,10,10,6.97097,4.69111,5.80222
open_space,8.2,-5.5,3.81663,0,0,3,,,16.8,8,5.3,10,0,10,10,10,8.6,5.3,5.3,6.8,8,10,10,10,9.3,6.34667,5.67111,8.33556,8.52273
open_space,5.1,-19.3,2.65474,1,1,3,0|1|0；0|0|1；0|0|0,0|0；-0.5|0；-1|0,10.4,1.3,10,0.4,0.461111,1.3,0.4,0.4,0.4,0.8,10,10,5.6,4.30889,0.677778,0.4,0.528889,1.96923,10,10,7.20303
open_space,8.4,-9.7,5.20808,0,0,3,,,19.3,10,8.2,10,0,10,10,10,9.5,8.6,8.2,9.3,10,10,10,10,9.66111,9.17222,8.45556,9.65,10
open_space,10.8,-5.2,2.50465,0,0,3,,,15,5.1,5,10,0,8.4,10,10,10,8.9,6.3,5,5.1,9.05714,10,10,10,9.19722,8.50698,5.31333,6.07111
open_space,11.5,-18.8,1.71613,0,0,3,,,15,10,1.5,1.1,0.405556,10,6.7,1.1,0.9,0.9,1.5,8.3,10,10,7.9,2.19556,0.951111,1.07778,4.56889,8.94286,10
open_space,16.7,-6.2,2.83589,0,0,3,,,16,6.8,3.4,6.7,0,10,10,6.7,3.2,3,3.4,6,6.8,10,10,8.09,4.20667,3.08444,4.85556,6.17778,8.06667
open_space,6.6,-3,3.59018,0,0,3,,,13.1,6.4,2.8,10,0.102778,7.1,10,10,6.6,3,2.8,3.1,6.4,8.228,10,10,7.94444,4.06444,2.87333,4.52,6.57333
open_space,5.6,-12.3,4.84799,1,1,3,0|1|1；0|0|0；0|0|0,0|0；-0.5|0.5；-0.5|-0.5,15.4,7.4,5.4,10,0,7.5,10,10,10,6.9,5.4,5.4,7.4,8.33429,10,10,10,8.15,5.76444,6.49556,7.88444
open_space,1.6,-13.3,2.55119,1,1,3,0|1|1；0|0|0；0|0|0,0|0；-0.5|0.5；-0.5|-0.5,9.1,1.4,7.7,1.4,0.347222,1.4,1.4,2.5,6.5,10,10,7.7,1.7,1.46444,1.74667,5.11556,7.71,10,10,8.56667,3.02889
open_space,12.4,-17.1,4.18248,1,1,3,0|1|1；0|0|0；0|0|0,0|0；-0.5|0.5；-0.5|-0.5,12.7,2.6,10,2.7,0.158333,2.6,2.7,5.1,7.5,10,10,10,3,2.69556,3.42444,7.09333,8.46207,10,10,10,4.86591
open_space,14.5,-13.5,0.220733,0,0,3,,,15.9,5.2,6.2,9.7,0,5.3,9.7,10,10,7.4,6.2,6.2,5.2,6.65778,9.8,10,10,8.47895,6.48,6.99333,5.42889
open_space,17.9,-8,3.68909,1,1,3,0|1|1；0|0|0；0|0|0,0|0；-0.5|0.5；-0.5|-0.5,12.6,10,7.5,1.9,0.294444,10,3.5,1.9,1.8,2.1,7.5,9.1,10,10,5.6,2.36444,1.86222,3.43778,8.09111,9.5,10
open_space,11.5,-4.6,2.10937,0,0,3,,,14.6,4.4,4.6,10,0,5.1,10,10,10,8.5,8.2,4.6,4.4,6.82353,10,10,10,9.12857,8.48444,5.84222,4.56
open_space,8.5,-8.2,1.07257,0,0,3,,,18.3,8,10,8.3,0,8,8.3,8.3,8.7,10,10,10,9.2,8.27111,9.14231,8.58222,9.19444,10,10,10,9.55
open_space,3.6,-19.6,1.52991,0,0,3,,,4.7,5.1,0.1,0.1,0.494444,5.1,3.4,0.1,0.1,0.1,0.1,1.3,10,6.93478,3.90444,0.573333,0.1,0.1,0.226667,3.96667,10
open_space,15.6,-17.5,1.90376,0,0,3,,,11.3,9.3,4.1,2.5,0.236111,10,7,2.5,2.2,2.3,4.1,4.3,9.3,10,8.16667,3.69333,2.25778,3.10222,4.21556,5.82,9.66667
open_space,11.2,-3.8,5.81972,0,0,3,,,14.1,8.5,10,3.6,0,8.5,4.1,3.6,3.8,8,10,10,9.6,8.75333,6.04667,3.70444,5.04667,8.8,10,10,9.8
open_space,11.8,-3.1,3.36764,0,0,3,,,13,5.4,2.9,9.4,0.0583333,10,10,9.4,7.9,3.5,2.9,3,5.4,10,10,9.7,8.24444,5.54,3.02222,3.72,7.15
open_space,8.8,-12.9,1.67792,1,1,3,0|1|1；0|0|0；0|0|0,0|0；-0.5|0.5；-0.5|-0.5,18.6,10,10,8.6,0,10,8.6,8.6,6.8,6.8,10,10,10,10,8.98919,9.20882,7.32667,7.87381,10,10,10
open_space,1.6,-1.7,3.16588,1,1,3,0|1|1；0|0|0；0|0|0,0|0；-0.5|0.5；-0.5|-0.5,3.5,1.4,1.5,2,0.588889,1.4,2,10,10,2.1,1.5,1.5,1.4,1.57111,3.80278,10,10,4.01316,1.66444,1.68,1.55333
open_space,8.4,-17.5,4.72052,1,1,3,0|1|1；0|0|0；0|0|0,0|0；-0.5|0.5；-0.5|-0.5,6.2,2.2,3.1,3.1,0.233333,2.2,3.1,10,10,10,8.2,3.1,2.2,2.46222,5.16061,10,10,10,8.75714,5.93778,2.46222
open_space,9.2,-2.6,5.68679,0,0,3,,,12.9,10,9.2,2.4,0.2,10,2.9,2.4,2.4,4.2,9.2,10,10,10,4.86429,2.52,2.99333,7.71333,9.525,10,10
open_space,5.5,-0.4,2.09531,1,1,3,0|1|1；0|0|0；0|0|0,0|0；1|0；2|0,0.8,0.2,0.2,0.6,0.483333,0.2,0.6,6.1,10,10,0.4,0.2,0.2,0.326667,4.27778,7.5931,10,10,1.21034,0.242222,0.2
open_space,19.4,-2.9,1.62536,1,1,3,0|1|0；0|0|1；0|0|0,0|0；-0.5|0；-1|0,4.3,0.4,0.3,4,0.552778,2.7,4,10,6.8,0.4,0.3,0.3,0.4,3.09333,5.98519,10,6.8,0.986667,0.32,0.331111,1.19556
open_space,9.1,-1.6,5.69667,0,0,3,,,11.7,7.5,9.1,1.4,0.344444,7.5,1.7,1.4,1.4,2.5,9.1,10,10,8.36667,2.99778,1.46444,1.74889,6.32444,9.47059,10,10
open_space,18,-5.7,2.77865,0,0,3,,,14.7,6,1.9,4.2,0.308333,10,10,4.2,1.8,1.7,1.9,4.7,6,10,10,6.15714,2.53111,1.73778,2.66444,5.57556,7.43939
open_space,10.1,-9.1,3.85423,0,0,3,,,19.9,9.9,8.9,9.6,0,10,10,9.6,9.6,8.9,8.9,9.9,9.9,10,10,9.80769,9.70909,9.33913,9.20312,9.98,9.93333
open_space,2.5,-7,5.67326,1,1,3,0|1|1；0|0|0；0|0|0,0|0；-0.5|0.5；-0.5|-0.5,12.4,10,2.3,6.8,0.219444,10,8.4,6.8,2.8,2.3,2.3,4,10,10,9.1,7.17778,4.73333,2.42222,2.83778,5.9,10
open_space,9.7,-18.1,6.01249,0,0,3,,,11.6,1.8,1.6,10,0.322222,5.8,10,10,9.9,3.3,1.7,1.6,1.8,9.03158,10,10,9.96667,7.7,2.16222,1.64889,2.87556
open_space,14.8,-13.4,3.1271,1,1,3,0|1|1；0|0|0；0|0|0,0|0；-0.5|0.5；-0.5|-0.5,16.3,9.2,6.8,6.3,0,9.2,6.3,6.3,4.9,4.9,6.8,10,10,9.54,7.14667,6.88222,5.55556,5.43778,8.08235,10,10
open_space,1.9,-16.2,5.00186,0,0,3,,,9.1,3.5,1.7,7.3,0.305556,3.6,7.3,10,6.2,1.9,1.7,1.8,3.5,4.75778,8.47778,10,7.82857,3.05111,1.74889,2.3,3.59111
open_space,14.8,-6.6,6.01488,1,1,3,0|1|1；0|0|0；0|0|0,0|0；-0.5|0.5；-0.5|-0.5,15.6,4.9,10,5.6,0,4.9,5.6,6.4,7.4,10,10,10,5.1,5.06444,6.88,6.61778,8.41905,10,10,10,6.64444
open_space,5.8,-17.9,2.42478,0,0,3,,,12.4,5.6,10,1.8,0.291667,5.6,2.4,1.8,1.8,2.7,10,10,7.5,6.11778,4.20889,1.96222,2.07333,4.6129,10,10,8.60667
open_space,3,-12.2,3.84257,1,1,3,0|1|1；0|0|0；0|0|0,0|0；-0.5|0.5；-0.5|-0.5,10.3,2.8,2.8,7.5,0.102778,3.6,7.5,9.8,10,10,4.4,2.8,2.8,5.97778,8.1,9.85,10,10,6.375,3.29111,3.01778
open_space,7,-5.7,1.17958,0,0,3,,,16,5.5,10,6,0,5.5,6,6.8,7.4,10,10,10,6,5.64222,7.33556,6.98222,8.384,10,10,10,7.42353
open_space,16.9,-17.6,2.1503,1,1,3,0|1|1；0|0|0；0|0|0,0|0；-0.5|0.5；-0.5|-0.5,7.2,10,2.8,2.2,0.352778,10,3.9,2.2,2.1,2.5,2.8,3.3,10,10,5.9381,2.68444,2.18444,3.01556,2.91778,5.19756,10
open_space,9.8,-7.2,6.21745,1,1,3,0|1|1；0|0|0；0|0|0,0|0；-0.5|0.5；-0.5|-0.5,17,9.9,10,7,0,9.9,7,7,9.3,9.6,10,10,9.9,9.92857,7.99048,7.61556,9.72778,9.72273,10,10,9.98333
open_space,12.6,-18.7,3.13734,1,1,3,0|1|1；0|0|0；0|0|0,0|0；-0.5|0.5；-0.5|-0.5,11,1.4,10,1,0.394444,1.4,1,1,1.4,7.1,10,10,10,3.08974,1.12,1.10667,3.36667,7.91111,10,10,10
open_space,10.1,-10.2,1.63831,1,1,3,0|1|1；0|0|0；0|0|0,0|0；-0.5|0.5；-0.5|-0.5,19.5,10,9.6,9.9,0,10,9.9,9.9,9.5,9.5,9.6,9.6,10,10,9.93077,9.97143,9.64091,9.7125,9.72857,9.77857,10
open_space,10.4,-7.1,4.44547,1,1,3,0|1|1；0|0|0；0|0|0,0|0；-0.5|0.5；-0.5|-0.5,19.7,10,7.9,9.3,0,10,9.7,9.3,7.2,6.9,7.9,10,10,10,9.85714,9.48947,8.24839,7.13556,8.85,10,10
open_space,5.9,-19.4,6.01968,0,0,3,,,10.3,0.3,0.3,10,0.472222,1,10,10,5.9,0.6,0.3,0.3,0.3,2.37143,10,10,7.3025,3.14222,0.382222,0.3,0.513333
open_space,19.4,-14.5,1.11811,0,0,3,,,10.3,0.3,0.3,10,0.472222,0.6,10,10,5.8,0.9,0.3,0.3,0.3,1.724,10,10,7.37576,4.11333,0.471111,0.3,0.402222
open_space,9,-14.6,4.48001,0,0,3,,,14.8,5.1,8.8,6,0,5.1,6,10,10,10,9.1,8.8,5.3,5.3,7.44643,10,10,10,9.48,9.11591,6.69111
open_space,1.9,-0.3,0.691763,0,0,3,,,10.1,0.1,10,0.1,0.65,0.1,0.1,0.1,0.6,2.2,10,10,0.1,0.1,0.1,0.184444,1.75111,3.98537,10,10,0.423077
open_space,15.7,-14.5,4.00549,0,0,3,,,15.2,5.2,10,4,0,5.2,5.2,4,4,6.1,10,10,6.9,5.65778,5.70889,4.34889,4.64222,7.7,10,10,8.18333
open_space,16.7,-0.8,2.58528,1,1,3,0|1|1；0|0|0；0|0|0,0|0；-0.5|0.5；-0.5|-0.5,10.6,0.6,0.6,10,0.438889,1.1,10,10,3.6,2.7,0.7,0.6,0.6,2.53448,10,10,5.395,3.11333,1.17111,0.62,0.755556
open_space,3.4,-12.4,4.42618,0,0,3,,,11.5,3.6,3.2,8.3,0,7.3,8.3,10,10,6.8,3.4,3.2,3.6,7.52889,9.03333,10,10,8.18,4.40444,3.29778,5.42667
open_space,13.7,-8,4.69353,1,1,3,0|1|1；0|0|0；0|0|0,0|0；-0.5|0.5；-0.5|-0.5,16,8.8,10,6,0,8.8,6,6,7.8,7.8,10,10,10,9.34286,6.81333,6.64222,8.55333,8.46585,10,10,10
open_space,19.6,-6.1,4.88529,0,0,3,,,10.1,0.1,10,0.1,0.494444,0.1,0.1,0.1,0.1,6,10,10,0.4,0.157778,0.1,0.1,1.61333,7.28889,10,10,1
open_space,13.4,-16.2,5.50001,0,0,3,,,9.8,3.5,3.5,6.3,0,4.9,6.3,8.9,10,10,5,3.5,3.5,6.31333,7.04222,9.42857,10,10,6.74167,3.93556,3.90889
open_space,3.2,-18.7,3.07055,0,0,3,,,5.6,1.5,4.6,1,0.391667,1.5,1,1,1.3,10,10,4.6,3,2.56667,1.15778,1.07778,2.83409,10,10,6.47391,3.50444
open_space,9.5,-4.3,4.79585,0,0,3,,,19.3,10,6.3,5.4,0,10,10,5.4,4.1,4.1,6.3,9.3,10,10,10,7.072,4.45111,4.77778,8.85455,9.59444,10
open_space,19,-17.1,0.386048,0,0,3,,,2.5,0.7,0.8,1.7,0.541667,0.8,1.7,10,7.1,2.8,1.9,0.8,0.7,1.03778,3.685,10,8.32857,4.06222,2.57333,1.07556,0.704444
open_space,7.7,-8.5,3.15909,0,0,3,,,18.3,7.5,8.3,10,0,7.5,10,10,10,10,8.3,8.3,7.5,8.2561,10,10,10,10,8.84286,8.85882,8.2381
open_space,0.9,-1.3,0.427899,0,0,3,,,11.1,1.2,1.9,0.7,0.655556,1.2,1.1,0.7,0.7,0.8,1.9,10,2.7,1.62,1.12444,0.986667,0.704444,1.08889,3.70588,10,4.71111
open_space,13.2,-9.7,1.65992,1,1,3,0|1|1；0|0|0；0|0|0,0|0；-0.5|0.5；-0.5|-0.5,16.5,9.5,6.5,10,0,9.5,10,10,10,8.6,6.5,6.5,9.5,9.72143,10,10,10,9.28,7.04667,7.59778,9.64583
open_space,8.9,-5,4.61359,1,1,3,0|1|1；0|0|0；0|0|0,0|0；-0.5|0.5；-0.5|-0.5,18.7,10,6.2,7.7,0,10,10,7.7,4.8,4.8,6.2,8.7,10,10,10,8.65,5.70222,5.15556,8.42,9.04722,10
open_space,14.4,-14.2,4.38573,0,0,3,,,15.6,5.5,10,5.3,0,5.5,5.6,5.3,5.9,10,10,10,5.8,5.65111,6.53333,5.44667,7.41818,10,10,10,7.29737
open_space,9.2,-14.6,4.64519,0,0,3,,,14.7,5.1,7.9,6.8,0,5.1,6.8,10,10,10,9,7.9,5.1,5.54222,8.08421,10,10,10,9.4,9.15854,5.94667
open_space,9.6,-14.5,6.14868,0,0,3,,,15.2,6.5,5.2,10,0,10,10,10,9.5,8.8,5.3,5.2,6.5,10,10,10,9.73846,9.52286,6.32889,5.52,7.87727
open_space,7,-13.6,3.30681,0,0,3,,,14.6,6.8,8.5,6.1,0,6.9,6.1,6.2,10,10,10,8.5,6.8,7.83333,6.45778,7.43636,10,10,10,9.19167,7.2
open_space,19.4,-18.2,1.66367,0,0,3,,,10.3,0.4,0.3,2,0.652778,10,10,2,1.5,0.4,0.3,0.3,0.4,10,10,3.67805,1.61778,0.744444,0.315556,0.335556,1.35128
open_space,14.8,-1.7,4.93499,1,1,3,0|1|1；0|0|0；0|0|0,0|0；-0.5|0.5；-0.5|-0.5,14.9,5.8,2.8,1.8,0.333333,5.8,4.9,1.8,1.5,1.5,2.8,10,10,7.37143,5.12222,2.96889,1.56,1.91111,4.7,10,10
open_space,9.5,-17.5,0.817896,1,1,3,0|1|1；0|0|0；0|0|0,0|0；-0.5|0.5；-0.5|-0.5,13.2,10,2.2,9.3,0.236111,10,10,9.3,3,2.2,2.2,3.2,10,10,10,9.52917,6.08889,2.43111,2.48889,5.16129,10
open_space,17.6,-1.2,5.04753,0,0,3,,,12.1,2.3,2.2,1.1,0.572222,2.3,2.1,1.1,1,1.1,2.2,10,6.6,3.51556,2.15556,1.60444,1.02,1.41111,4.24286,10,8
open_space,8,-8.9,4.863,1,1,3,0|1|1；0|0|0；0|0|0,0|0；-0.5|0.5；-0.5|-0.5,17.9,10,7.8,10,0,10,10,10,8.7,8.8,7.8,7.9,10,10,10,10,9.03421,9.325,8.29333,8.66129,10
open_space,5.1,-3.2,5.73768,1,1,3,0|1|1；0|0|0；0|0|0,0|0；-0.5|0.5；-0.5|-0.5,12.9,10,5,3,0,10,3.5,3,3.1,4.9,5,9.4,10,10,5.41951,3.12,3.89111,5.10444,6.38222,9.7,10
open_space,4.1,-6.8,2.99687,0,0,3,,,11.5,3.9,6.6,4.9,0,3.9,4.9,10,10,10,6.7,6.6,4,4.12667,6.62903,10,10,10,7.7825,6.89111,4.77778
open_space,17.8,-4.6,1.11272,0,0,3,,,6.5,2,1.9,4.6,0.280556,4.2,4.6,9.9,10,6.1,2.1,1.9,2,4.49333,6.21333,9.9,10,7.7625,3.21333,1.95111,2.67111
open_space,19.6,-10.3,4.8848,0,0,3,,,10.1,0.1,10,0.1,0.494444,0.1,0.1,0.1,0.1,10,10,10,0.4,0.157778,0.1,0.1,0.377143,10,10,10,7.02333
open_space,1,-10.6,2.79353,1,1,3,0|1|1；0|0|0；0|0|0,0|0；1|0；2|0,2.8,0.8,1.9,0.9,0.416667,0.8,0.9,2.2,10,10,10,1.9,0.9,0.808889,1.26667,7.51111,10,10,10,3.695,1.16
open_space,19.1,-3,0.0112347,0,0,3,,,1.6,0.6,0.8,0.8,0.519444,0.6,0.8,2.8,4,10,10,0.8,0.6,0.664444,1.74889,3.14,5.95517,10,10,2.08571,0.662222
open_space,19.3,-10.3,3.69856,0,0,3,,,10.7,9.7,1.6,0.4,0.461111,9.7,0.7,0.4,0.4,0.5,1.6,10,10,9.82857,4.54889,0.504444,0.404444,0.74,3.625,10,10
open_space,17.9,-7.8,5.46623,0,0,3,,,11.8,1.8,10,1.8,0.294444,1.8,1.8,2.5,7.6,10,10,10,2.7,2.05111,1.97556,4.86889,8.28837,10,10,10,4.69091
open_space,6.6,-18.2,4.0539,0,0,3,,,7.9,1.5,6.4,1.5,0.333333,1.5,1.5,2.4,10,10,8.2,6.4,1.9,1.6,1.78444,4.40667,10,10,8.95833,6.85111,3.61111
open_space,18.1,-14.3,3.70071,0,0,3,,,13.1,5.6,7,1.6,0.319444,5.6,3.1,1.6,1.6,1.9,7,10,10,6.975,4.96889,2.08,1.65556,3.12889,8.34,10,10
open_space,4.3,-8.7,0.433921,0,0,3,,,18.5,9.1,10,4.4,0,9.1,8.5,4.4,4.1,4.5,10,10,10,9.51667,8.72889,6.04222,4.20667,6.27619,10,10,10
open_space,7.7,-19.3,4.89127,0,0,3,,,1.2,0.4,0.5,0.7,0.461111,0.4,0.7,10,10,9.2,2.2,0.5,0.4,0.477778,1.73333,10,10,9.6,7.31111,0.853333,0.413333
open_space,14.9,-18.8,3.71075,0,0,3,,,10.9,0.9,10,0.9,0.405556,0.9,0.9,1.1,4,5.7,10,10,1.7,1.14889,0.928889,1.77111,4.97111,7.31333,10,10,3.41111
open_space,2.1,-12.6,5.84486,0,0,3,,,14.4,7.5,2,5.8,0.280556,10,10,5.8,2.1,1.9,2,4.4,7.5,10,10,7.47778,3.12222,1.94667,2.72667,6.80889,8.53077
open_space,1.3,-5.7,0.737472,0,0,3,,,11.6,5.5,10,1.1,0.383333,5.5,1.6,1.1,1.1,1.5,10,10,8.3,6.34889,3.61556,1.26,1.19556,3.06905,10,10,9.11111
open_space,16,-18.2,1.81052,0,0,3,,,10.4,7.1,2.8,1.8,0.333333,10,6.6,1.8,1.5,1.5,2.8,3.8,7.1,10,7.96,2.95111,1.55333,1.94,3.66,4.80667,8.25
open_space,3.1,-8.2,0.21921,1,1,3,0|1|1；0|0|0；0|0|0,0|0；-0.5|0.5；-0.5|-0.5,18,9.6,5.4,3.5,0.0611111,9.6,8,3.5,2.9,3,5.4,10,10,9.75,8.36889,5.59333,3.02667,3.7,7.04375,10,10
open_space,3.7,-14.9,5.29867,1,1,3,0|1|1；0|0|0；0|0|0,0|0；-0.5|0.5；-0.5|-0.5,14.2,4.8,3.5,10,0,5.8,10,10,6.5,3.6,3.5,4.2,4.8,7.36552,10,10,7.90769,4.46222,3.65333,5.11556,5.02222
open_space,11.8,-2.6,2.44296,0,0,3,,,12.4,2.4,2.4,10,0.197222,3.7,10,10,10,7.9,3.2,2.4,2.4,5.71111,10,10,10,8.49535,5.65111,2.60222,2.8
open_space,6.1,-8.8,3.18418,0,0,3,,,16.8,5.9,8.1,8.7,0,5.9,8.7,10,10,10,8.6,8.1,5.9,6.71778,9.24286,10,10,10,9.02424,9.045,6.51333
open_space,11.8,-4.3,3.19302,1,1,3,0|1|1；0|0|0；0|0|0,0|0；-0.5|0.5；-0.5|-0.5,14.1,6.1,4.1,10,0,10,10,10,7.9,5.6,4.1,4.1,6.1,10,10,10,8.52439,7.63333,4.50889,4.69333,7.68421
open_space,2.2,-1,2.40952,1,1,3,0|1|1；0|0|0；0|0|0,0|0；1|0；2|0,2.8,0.8,0.8,2,0.591667,1.2,2,3,10,10,1.1,0.8,0.8,1.8,2.28889,4.93871,10,10,2.44884,0.871111,0.906667
open_space,2.5,-4.4,3.84453,0,0,3,,,12.3,2.3,2.3,10,0.216667,3,10,10,6.6,4.2,3.6,2.3,2.3,4.91081,10,10,7.94667,4.93556,4.29111,2.7,2.48
open_space,19.6,-19.1,0.148738,1,1,3,0|1|1；0|0|0；0|0|0,0|0；1|0；2|0,0.2,0.1,0.1,0.1,0.716667,0.1,0.1,10,4.3,0.7,0.4,0.1,0.1,0.1,0.491892,10,6.2,1.42444,0.622222,0.166667,0.1
open_space,13.3,-11.9,1.50242,1,1,3,0|1|1；0|0|0；0|0|0,0|0；-0.5|0.5；-0.5|-0.5,16.4,8.5,6.4,10,0,10,10,10,7.8,7.8,6.4,6.4,8.5,10,10,10,8.58,8.46222,7.46889,6.94444,9.15
open_space,7.5,-1.4,0.202605,0,0,3,,,11.2,1.4,10,1.2,0.372222,1.4,1.2,1.2,2.1,7.5,10,10,6.3,2.54,1.25111,1.50222,5.28222,8.36875,10,10,7.92
open_space,5.3,-4.7,2.78537,1,1,3,0|1|1；0|0|0；0|0|0,0|0；-0.5|0.5；-0.5|-0.5,10.1,4.9,4.5,5.6,0,5.1,5.6,10,10,10,4.8,4.5,4.9,5.23111,7.17222,10,10,10,6.5093,4.61556,5.81778
open_space,3.9,-9.8,1.01552,0,0,3,,,14.4,9.6,10,3.7,0,9.6,4.4,3.7,3.8,7,10,10,10,9.71333,6.63902,3.85556,4.77111,9.34516,10,10,10
open_space,10.5,-15.8,4.56776,1,1,3,0|1|1；0|0|0；0|0|0,0|0；-0.5|0.5；-0.5|-0.5,11.5,3.9,6.6,4.9,0,3.9,4.9,9.2,10,10,10,6.6,4,4.12667,7.54667,9.41818,10,10,10,8.08571,4.77778
open_space,16.8,-10.3,0.552968,0,0,3,,,13,2.9,3,10,0.0583333,3.4,10,10,10,9.7,5.6,3,2.9,5.26429,10,10,10,9.84286,8.79556,3.79778,3.01111
open_space,17.3,-17.2,6.11321,0,0,3,,,5.4,2.4,2.5,2.9,0.380556,2.4,2.9,10,10,4.4,2.5,2.5,2.4,2.52,4.87857,10,10,6.42381,3.11111,2.62444,2.88
open_space,1.5,-0.6,5.22218,1,1,3,0|1|1；0|0|0；0|0|0,0|0；1|0；2|0,2.3,4.6,1.3,0.4,0.661111,10,0.8,0.4,0.4,0.5,1.3,1.5,4.6,10,2.14815,0.524444,0.4,0.688889,1.33333,2.30444,6.47778
open_space,5.7,-16.1,3.4553,1,1,3,0|1|1；0|0|0；0|0|0,0|0；-0.5|0.5；-0.5|-0.5,9.8,4.1,6.2,3.6,0,4.1,3.6,3.8,7.9,10,10,6.2,5.5,5.38222,3.70667,5.01111,8.81429,10,10,7.6069,5.66667
open_space,9.4,-11.2,2.42215,1,1,3,0|1|1；0|0|0；0|0|0,0|0；-0.5|0.5；-0.5|-0.5,19.2,9.2,10,8.5,0,9.2,9.2,8.5,8.5,10,10,10,10,9.43333,9.52857,8.95278,9.04138,10,10,10,10
open_space,4.5,-4.8,6.23119,1,1,3,0|1|1；0|0|0；0|0|0,0|0；-0.5|0.5；-0.5|-0.5,14.6,7,5.8,4.6,0,7,4.6,4.6,4.3,4.3,5.8,10,10,8.17857,5.32,5.02444,4.96889,4.69556,7.36087,10,10
open_space,17.7,-1,3.92332,1,1,3,0|1|1；0|0|0；0|0|0,0|0；-0.5|0.5；-0.5|-0.5,4,10,0.8,2,0.591667,10,2.9,2,1.1,0.8,0.8,1.1,10,10,4.84545,2.24889,1.76,0.891111,0.884444,2.48049,10
open_space,15.4,-14.9,1.94975,1,1,3,0|1|1；0|0|0；0|0|0,0|0；-0.5|0.5；-0.5|-0.5,14.6,10,4.3,5.3,0,10,10,5.3,4.8,4.7,4.3,4.6,10,10,10,6.87895,4.92667,5.52,4.41111,6.33409,10
open_space,1.3,-12.3,5.10923,0,0,3,,,11.2,2.8,1.1,10,0.383333,8,10,10,2.9,1.2,1.1,1.2,2.8,8.82,10,10,4.875,1.68,1.12222,1.65778,6.5
open_space,17.9,-3.6,2.28875,0,0,3,,,12.4,3.4,1.8,10,0.294444,4.5,10,10,2.8,1.8,1.8,2.4,3.4,6.39333,10,10,4.83548,2.09111,1.94889,3.26222,3.69111
open_space,13.4,-5.7,6.11816,0,0,3,,,15.6,6.3,10,5.5,0,6.3,5.6,5.5,6.7,10,10,10,6.4,6.64,6.71111,5.79556,8.04091,10,10,10,7.58293
open_space,14,-2.6,4.17103,1,1,3,0|1|1；0|0|0；0|0|0,0|0；-0.5|0.5；-0.5|-0.5,11.3,10,2.5,5.7,0.197222,10,6.7,5.7,2.8,2.4,2.5,4.6,10,10,7.99583,5.92667,4.34222,2.49333,3.13111,6.53889,10
open_space,14.1,-1.3,4.95474,0,0,3,,,14.8,6.6,2.1,1.3,0.380556,6.6,4.8,1.3,1.1,1.1,2.1,10,10,7.968,5.78889,2.13333,1.13778,1.42,4.10385,10,10
open_space,14.6,-7.9,5.54755,1,1,3,0|1|1；0|0|0；0|0|0,0|0；-0.5|0.5；-0.5|-0.5,15.1,5.1,10,5.1,0,5.1,5.1,7.6,7.7,10,10,10,7,5.62,5.83333,8.16667,8.47368,10,10,10,8.22941
open_space,14.9,-19.3,3.6766,0,0,3,,,10.4,0.4,10,0.4,0.461111,0.4,0.4,0.5,1.5,5.6,10,10,0.8,0.513333,0.402222,0.717778,4.40222,7.11935,10,10,1.94643
open_space,10.8,-0.8,2.99387,1,1,3,0|1|1；0|0|0；0|0|0,0|0；-0.5|0.5；-0.5|-0.5,10.6,0.7,0.6,10,0.438889,3.8,10,10,9,1,0.6,0.6,0.7,5.85,10,10,9.43158,4.16889,0.722222,0.626667,1.36
open_space,5.2,-17.7,3.0886,0,0,3,,,9.6,3,7.6,2,0.263889,3,2,2,2.7,10,10,7.6,5,4.57778,2.31111,2.18,4.55946,10,10,8.66667,5.78667
open_space,4.4,-3.2,5.88306,0,0,3,,,13.3,8.3,4.5,3,0,8.3,3.3,3,3.2,4.2,4.5,10,10,8.9,4.69556,3.07778,4.16222,4.30889,6.23409,10,10
open_space,18.5,-16,3.55183,0,0,3,,,13.1,4,3.2,1.3,0.372222,4,3.1,1.3,1.2,1.3,3.2,10,9.6,5.62222,3.73111,1.80222,1.22444,1.84222,5.13333,10,9.8
open_space,13.5,-19,3.63491,0,0,3,,,10.7,0.7,10,0.7,0.427778,0.7,0.7,0.8,2.3,7,10,10,1.5,0.951111,0.713333,1.19333,5.69556,8.19583,10,10,3.175
open_space,10.1,-5.6,0.876715,0,0,3,,,15,5.4,9.6,5.4,0,5.4,5.4,8.4,9.9,10,10,9.6,7.1,5.84667,6.32444,9.65217,9.98,10,10,9.70909,8.94
open_space,12.2,-4,3.1933,0,0,3,,,13.8,5.7,3.8,10,0,10,10,10,7.5,5.2,3.8,3.8,5.7,10,10,10,8.20455,7.17556,4.17556,4.34667,7.37143
open_space,4.8,-4.8,5.37914,0,0,3,,,13.4,10,4.6,4.6,0,10,7.6,4.6,4.6,4.6,4.6,5.8,10,10,8.67273,5.54222,4.90889,5.40667,4.90889,7.38,10
open_space,14.7,-3.2,2.46244,1,1,3,0|1|1；0|0|0；0|0|0,0|0；-0.5|0.5；-0.5|-0.5,13,3,3,10,0,4.7,10,10,6.5,5,3.9,3,3,6.58636,10,10,7.90952,5.38667,5.02889,3.23111,3.54222
open_space,14.5,-2.9,5.86561,0,0,3,,,13,5.2,10,2.7,0.133333,5.2,3,2.7,2.9,6.6,10,10,5.7,5.33778,4.18444,2.76889,3.97778,7.96667,10,10,7.27714
open_space,12.1,-0.7,1.56478,1,1,3,0|1|1；0|0|0；0|0|0,0|0；1|0；2|0,1.4,0.5,0.7,0.7,0.45,0.5,0.7,10,10,10,7.6,0.7,0.5,0.546667,1.74884,10,10,10,8.35,2.25778,0.553333
open_space,17.6,-3.3,4.20858,1,1,3,0|1|1；0|0|0；0|0|0,0|0；-0.5|0.5；-0.5|-0.5,8.8,7.9,3.2,2.1,0.25,7.9,2.4,2.1,2.2,3.1,3.2,6.4,10,8.8,3.82444,2.16667,2.79111,3.20222,4.17556,7.90833,10
open_space,11,-0.6,5.07555,0,0,3,,,11.1,9.6,0.9,0.4,0.461111,9.6,1.1,0.4,0.4,0.4,0.9,10,10,9.8,6.36222,0.62,0.4,0.562222,2.38261,10,10
open_space,3.4,-2.2,5.36638,1,1,3,0|1|1；0|0|0；0|0|0,0|0；-0.5|0.5；-0.5|-0.5,7.3,10,3.2,2,0.266667,10,3.3,2,2,2.5,3.2,4,10,10,5.41154,2.41778,2.12,3.22889,3.4,5.95714,10
open_space,10.8,-10.8,4.54083,0,0,3,,,19.1,8.9,10,8.9,0,8.9,9.1,8.9,10,10,10,10,9.1,9.17632,9.44706,9.17632,10,10,10,10,9.44706
open_space,4.6,-16,0.383084,1,1,3,0|1|1；0|0|0；0|0|0,0|0；-0.5|0.5；-0.5|-0.5,14,9.4,3.7,4.8,0,10,10,4.8,4.4,4,3.7,4,9.4,10,10,6.51951,4.51556,4.88,3.79333,5.55556,9.6
open_space,3.9,-17.5,1.50477,1,1,3,0|1|1；0|0|0；0|0|0,0|0；-0.5|0.5；-0.5|-0.5,13.7,5.7,2.9,3.4,0.233333,5.7,3.7,3.4,2.2,2.2,2.9,10,10,7.30526,4.30667,3.84444,2.55333,2.38444,4.87838,10,10
open_space,17.7,-12.1,0.957477,0,0,3,,,12,2,2,10,0.263889,3.4,10,10,9.4,7.6,2.5,2,2,5.3875,10,10,9.64,8.03556,4.4,2.10889,2.46667
open_space,4.8,-16.6,2.39824,0,0,3,,,14.3,4.6,10,3.1,0,4.6,4.3,3.1,3.1,4.6,10,10,6.3,5.08,4.87333,3.42222,3.52667,6.388,10,10,7.8
open_space,1.5,-9,0.594614,0,0,3,,,12.3,9,6.6,1.3,0.358333,9,2.3,1.3,1.3,1.6,6.6,10,10,9.43889,6.17333,1.63778,1.35556,2.71778,7.775,10,10
open_space,13.7,-6.3,0.210454,0,0,3,,,13.3,6,7.2,6.1,0,6.1,6.1,6.2,10,10,10,7.2,6,7.19556,6.38667,7.48049,10,10,10,8.36,6.28222
open_space,4.7,-5.2,5.83544,0,0,3,,,15.6,10,4.8,5,0,10,5.6,5,5,4.5,4.8,10,10,10,7.13235,5.14,5.77778,4.62222,6.42444,10,10
open_space,7.2,-2.8,0.729336,0,0,3,,,12.6,2.6,10,2.6,0.158333,2.6,2.6,3.5,7,9.4,10,10,4,3.00444,2.83111,5.69111,7.62667,9.68,10,10,5.9963
open_space,16.4,-1.9,3.56584,0,0,3,,,10.2,4.7,1.7,3.5,0.308333,10,8.3,3.5,3.3,1.8,1.7,1.9,4.7,10,9.04,4.92889,3.38444,2.50444,1.73778,2.67111,6.70833
open_space,7.1,-17.2,1.69723,0,0,3,,,16.9,8.8,4.1,3.2,0.180556,8.8,6.9,3.2,2.5,2.5,4.1,10,10,9.4,7.38444,5.28222,2.67111,2.98444,6.01667,10,10
open_space,1.7,-6.6,0.729274,0,0,3,,,12.3,6.4,10,1.5,0.333333,6.4,2.3,1.5,1.5,2,10,10,9.8,7.41778,4.63556,1.72667,1.62889,3.7475,10,10,9.9
open_space,12.4,-13.8,5.58023,0,0,3,,,13.2,5.9,5.9,7.3,0,7.3,7.3,10,10,10,7.8,5.9,5.9,7.91778,8.19744,10,10,10,8.73077,6.40889,6.86889
open_space,16.2,-5.5,5.18621,1,1,3,0|1|1；0|0|0；0|0|0,0|0；-0.5|0.5；-0.5|-0.5,13.5,3.7,10,3.5,0,3.7,3.5,3.9,5.3,5.9,10,10,7.9,4.94667,3.6,5.16889,5.45111,7.45,10,10,8.7
open_space,1.4,-19.1,3.69022,0,0,3,,,1.8,0.6,1.2,0.6,0.655556,0.6,0.6,0.7,2.4,10,2.3,1.2,1.1,0.773333,0.615556,1.11556,4.41818,10,4.21667,1.56667,1.22
open_space,2.5,-4.3,2.02045,0,0,3,,,6.7,2.4,4.4,2.3,0.216667,2.4,2.3,2.5,6.9,10,9.7,4.4,4.1,3.29111,2.35778,3.75778,8.21429,10,9.7,5.94667,4.20889
open_space,2,-1.5,4.18157,1,1,3,0|1|1；0|0|0；0|0|0,0|0；-0.5|0.5；-0.5|-0.5,11.8,1.9,1.3,5.4,0.577778,3.5,10,5.4,1.5,1.3,1.3,1.8,1.9,5.58095,10,7.12857,2.47111,1.34222,1.68,1.86222,2.36222
open_space,16.4,-0.9,1.35909,1,1,3,0|1|1；0|0|0；0|0|0,0|0；1|0；2|0,2.1,0.7,1.3,0.8,0.427778,0.7,0.8,3.1,10,6.2,3.4,1.3,0.7,0.724444,1.37556,5.18889,10,7.66154,4.24444,2.68222,0.886667
open_space,9,-19,0.62982,0,0,3,,,10.9,4.2,0.7,8.9,0.427778,10,10,8.9,1.2,0.7,0.7,0.9,4.2,10,10,9.385,4.49778,0.853333,0.731111,1.57333,6.33333
open_space,3.1,-15.4,3.51702,1,1,3,0|1|1；0|0|0；0|0|0,0|0；-0.5|0.5；-0.5|-0.5,7.5,2.9,3.2,4.3,0.0611111,3.1,4.3,4.6,10,10,8.2,3.2,2.9,4.06889,4.41111,6.31364,10,10,8.825,4.59778,2.97333
open_space,11.2,-5.3,3.84539,0,0,3,,,16.7,10,5.1,8.5,0,10,10,8.5,8,5.1,5.1,6.7,10,10,10,9.07037,8.86889,5.99778,5.50667,8.035,10
open_space,13.4,-10.5,2.55768,1,1,3,0|1|1；0|0|0；0|0|0,0|0；-0.5|0.5；-0.5|-0.5,20,10,6.4,9.2,0,10,10,9.2,7.6,6.3,6.4,10,10,10,10,9.40857,9.06667,6.61333,7.615,10,10
open_space,0.7,-6.2,0.895855,0,0,3,,,10.6,4.9,10,0.5,0.45,4.9,0.6,0.5,0.5,0.8,10,10,7.8,6.43556,1.33111,0.528889,0.577778,2.08919,10,10,8.70714
open_space,9.6,-16.3,3.25819,0,0,3,,,13.4,4.4,10,3.4,0,4.4,3.4,3.4,5.5,10,10,10,9.4,7.26889,3.65111,4.03111,7.13684,10,10,10,9.56296
open_space,11.4,-14.3,1.36703,0,0,3,,,18.3,9.9,6.5,10,0,10,10,10,5.5,5.4,6.5,8.3,9.9,10,10,10,6.91333,5.64,8.37333,8.67111,9.95
open_space,4.7,-9.9,2.942,0,0,3,,,13.7,4.5,8.3,5.4,0,4.5,5.4,9.8,10,10,9.9,8.3,4.6,4.70222,7.17812,9.872,10,10,9.96667,9.65294,5.74222
open_space,17,-10.8,0.158793,1,1,3,0|1|1；0|0|0；0|0|0,0|0；-0.5|0.5；-0.5|-0.5,8,2.7,3.4,4.6,0.133333,2.7,4.6,10,10,10,8.9,3.4,2.7,3.3,6.47619,10,10,10,9.18333,5.85778,2.85556
open_space,11.3,-1.8,1.24336,1,1,3,0|1|1；0|0|0；0|0|0,0|0；-0.5|0.5；-0.5|-0.5,5.5,1.6,3.7,1.8,0.319444,1.6,1.8,4.9,10,10,8.9,3.7,1.7,1.63778,2.63333,6.63,10,10,9.4,7.44444,2.28667
open_space,2,-4.4,3.38356,0,0,3,,,5.5,1.8,2.1,3.4,0.294444,1.9,3.4,10,10,5,4.2,2.1,1.8,2.33778,5.56818,10,10,6.69412,4.36889,3.23778,1.86667
open_space,3.8,-8.1,3.07441,0,0,3,,,10.4,3.6,5.6,4.8,0,3.6,4.8,10,10,10,7.9,5.6,3.6,3.90444,6.64483,10,10,10,8.64412,7.63333,4.18889
open_space,2.4,-4.9,2.50863,1,1,3,0|1|1；0|0|0；0|0|0,0|0；-0.5|0.5；-0.5|-0.5,6.9,2.2,4.7,2.2,0.233333,2.2,2.2,3.7,10,10,5.9,4.7,2.8,2.33333,2.66667,5.64167,10,10,7.48462,4.98444,4.10222
open_space,11.6,-8.9,4.19801,0,0,3,,,19.4,10,9,8.1,0,10,9.4,8.1,8.4,8.7,9,10,10,10,9.65,8.39111,9.03333,9.01111,9.44667,10,10
open_space,1.8,-0.9,1.00926,1,1,3,0|1|1；0|0|0；0|0|0,0|0；-0.5|0.5；-0.5|-0.5,3.9,0.7,3.2,0.7,0.622222,0.7,0.7,1.3,1.6,3,10,3.2,0.8,0.724444,0.886667,1.58667,2.04667,5.04583,10,5.47778,1.39333
open_space,15.4,-0.5,2.33242,0,0,3,,,10.3,0.3,0.3,10,0.472222,0.4,10,10,6.3,4.3,0.4,0.3,0.3,1.08667,10,10,7.78889,4.89333,1.36667,0.328889,0.322222
open_space,17,-11.7,5.68616,0,0,3,,,10.7,2.7,8,2.7,0.133333,2.7,2.7,4.8,10,10,9.8,8,3.3,2.83778,3.36222,6.58947,10,10,9.9,8.42222,5.49111
open_space,15.9,-11.9,2.14297,1,1,3,0|1|1；0|0|0；0|0|0,0|0；-0.5|0.5；-0.5|-0.5,14.5,10,3.8,8,0,10,10,8,7.2,3.9,3.8,4.5,10,10,10,8.75769,7.97778,4.90222,3.96,6.35,10
open_space,19.4,-0.3,6.07305,1,1,3,0|1|1；0|0|0；0|0|0,0|0；1|0；2|0,0.6,0.1,0.5,0.1,0.736111,0.1,0.1,0.1,0.1,0.3,10,0.5,0.3,0.255556,0.1,0.1,0.142222,0.783333,10,1.49677,0.366667
open_space,16.5,-7.5,1.07869,0,0,3,,,10.8,3.3,3.2,7.6,0,6.7,7.6,10,10,10,3.7,3.2,3.3,7.43333,8.54074,10,10,10,5.52093,3.30222,4.35778
open_space,14.1,-6.2,0.93587,0,0,3,,,11.7,5.7,5.6,6.1,0,6,6.1,10,10,10,7,5.6,5.7,6.37556,7.29778,10,10,10,8.21053,5.95111,6.68889
open_space,15,-11.4,3.29973,0,0,3,,,18.3,10,8,5.9,0,10,8.3,5.9,4.7,4.8,8,10,10,10,8.74419,7.99111,4.98222,5.73778,8.91111,10,10
open_space,13.2,-19.5,5.51152,1,1,3,0|1|0；0|0|1；0|0|0,0|0；-0.5|0；-1|0,6.7,0.2,0.2,6.5,0.483333,0.3,6.5,9.3,10,10,0.3,0.2,0.2,0.966667,7.3,9.64,10,10,0.752273,0.206667,0.208889
open_space,15.2,-10.4,4.2026,0,0,3,,,15.2,9.3,10,4.5,0,9.3,5.2,4.5,4.7,9.2,10,10,10,9.48947,7.39268,4.65778,6.03556,9.5,10,10,10
open_space,14.2,-5.8,0.996868,1,1,3,0|1|1；0|0|0；0|0|0,0|0；-0.5|0.5；-0.5|-0.5,11.2,5.6,5.5,5.7,0,5.6,5.7,10,10,10,6.6,5.5,5.6,5.86667,7.11778,10,10,10,8,5.75778,6.60889
open_space,6.8,-17.3,3.07104,1,1,3,0|1|1；0|0|0；0|0|0,0|0；-0.5|0.5；-0.5|-0.5,12.4,3.7,10,2.4,0.197222,3.7,2.4,2.4,3.2,10,10,10,6.6,5.88889,2.8,2.60222,5.12778,10,10,10,7.71556
open_space,12.7,-13.6,5.37645,0,0,3,,,13.2,6.1,6.2,7,0,7.1,7,8.9,10,10,10,6.2,6.1,7.97333,7.46444,9.3625,10,10,10,7.36,6.50222
open_space,19,-17.9,1.91786,0,0,3,,,6.2,1.6,0.7,2,0.611111,10,5.5,2,1.8,0.8,0.7,0.7,1.6,10,7.06667,2.96,1.84667,1.12889,0.708889,0.993333,3.38636
open_space,5.1,-12,4.25172,0,0,3,,,13,5.2,4.9,8.1,0,7.7,8.1,10,10,10,5.5,4.9,5.2,7.92889,8.88636,10,10,10,7.09118,5.04444,6.76889
open_space,12.1,-3.2,5.76497,1,1,3,0|1|1；0|0|0；0|0|0,0|0；-0.5|0.5；-0.5|-0.5,13.5,7.6,10,3,0,7.6,3.5,3,3.1,6,10,10,8.8,7.87778,5.39778,3.10444,3.99111,7.58462,10,10,9.36364
open_space,9.9,-5.2,6.25886,0,0,3,,,15,7.4,10,5,0,7.4,5,5,6.9,9.7,10,10,9.8,9.21071,5.69333,5.52222,8.87,9.79412,10,10,9.89091
open_space,6.5,-11.9,6.22236,1,1,3,0|1|1；0|0|0；0|0|0,0|0；-0.5|0.5；-0.5|-0.5,17.8,10,7.8,9.7,0,10,10,9.7,6.3,6.3,7.8,7.8,10,10,10,9.8,7.32,6.85778,8.67333,8.41628,10
open_space,7,-14.8,5.86648,0,0,3,,,14.9,5.2,4.9,10,0,10,10,10,7.5,6.8,5.4,4.9,5.2,10,10,10,8.5,6.98,6.91333,5.02889,6.7925
open_space,18.8,-19,5.46845,1,1,3,0|1|1；0|0|0；0|0|0,0|0；1|0；2|0,1.6,0.7,0.7,0.9,0.666667,0.9,0.9,1.2,10,10,1,0.7,0.7,0.977778,0.984444,2.67619,10,10,2.40513,0.788889,0.762222
open_space,7,-2.5,4.18034,1,1,3,0|1|1；0|0|0；0|0|0,0|0；-0.5|0.5；-0.5|-0.5,14.5,7,2.4,9.7,0.216667,10,10,9.7,2.7,2.3,2.4,4.5,7,10,10,9.7,4.42444,2.38444,3.01556,6.52,8.13824
open_space,9.8,-14.5,5.35271,0,0,3,,,15.2,5.2,5.3,9.9,0,6.5,9.9,10,10,9.7,8.9,5.3,5.2,7.975,9.93684,10,10,9.8625,9.64839,6.36667,5.50889
open_space,3,-16,2.71555,1,1,3,0|1|1；0|0|0；0|0|0,0|0；-0.5|0.5；-0.5|-0.5,11.3,2.8,8.3,3,0.102778,2.8,3,3.7,3.9,8.9,10,8.3,3.1,2.87111,3.78,3.79778,5.41111,9.425,10,8.95,4.54222
open_space,8.7,-17.6,5.15462,0,0,3,,,8.3,2.1,2.2,6.1,0.25,2.3,6.1,10,10,9.1,5,2.2,2.1,3.39556,7.55,10,10,9.49167,8.08667,3.06222,2.15333
open_space,13.5,-3.4,5.65736,1,1,3,0|1|1；0|0|0；0|0|0,0|0；-0.5|0.5；-0.5|-0.5,14,6.2,10,3.2,0,6.2,4,3.2,3.2,5.4,10,10,7.7,6.56889,5.68444,3.38667,3.91778,7.16111,10,10,8.725
open_space,19.5,-10.6,4.49524,0,0,3,,,10.2,0.3,10,0.2,0.483333,0.3,0.2,0.2,0.2,0.7,10,10,9.4,3.54,0.237778,0.2,0.353333,1.9,10,10,9.63333
open_space,18.2,-4.9,1.26165,0,0,3,,,6.8,1.7,1.5,5.3,0.333333,4.7,5.3,10,10,3.3,1.6,1.5,1.7,4.83111,6.95,10,10,5.26111,2.1,1.53778,2.53333
open_space,2.1,-10.3,4.68905,1,1,3,0|1|1；0|0|0；0|0|0,0|0；-0.5|0.5；-0.5|-0.5,11.9,2.6,1.9,10,0.280556,9.4,10,10,10,2.8,1.9,1.9,2.6,9.6,10,10,10,4.84242,2.15778,2.09556,5.50444
open_space,18.8,-4.4,1.32783,1,1,3,0|1|1；0|0|0；0|0|0,0|0；-0.5|0.5；-0.5|-0.5,5.8,1,0.9,4.9,0.405556,3.6,4.9,10,10,1.7,0.9,0.9,1,4.32889,6.63429,10,10,3.64231,1.18,0.924444,1.68
open_space,4.8,-0.9,2.72324,0,0,3,,,5.6,0.7,0.7,4.9,0.430556,1.6,4.9,10,10,1.9,0.8,0.7,0.7,3.91556,6.52381,10,10,3.92353,1.1,0.706667,1.01556
open_space,12.5,-13.5,1.65784,1,1,3,0|1|1；0|0|0；0|0|0,0|0；-0.5|0.5；-0.5|-0.5,17.2,10,7.2,8.2,0,10,10,8.2,6.2,6.2,7.2,7.2,10,10,10,9.025,6.73333,7.24444,7.81778,8.1475,10
open_space,9.7,-9.2,2.19785,0,0,3,,,18.6,9,9.1,9.5,0,9.6,9.5,10,10,10,10,9.1,9,9.82,9.63448,10,10,10,10,9.50588,9.25556
open_space,12.2,-8.5,0.401453,1,1,3,0|1|1；0|0|0；0|0|0,0|0；-0.5|0.5；-0.5|-0.5,16.4,7.5,8.1,8.3,0,8.1,8.3,9,10,10,10,8.1,7.5,9.12258,8.51778,9.475,10,10,10,8.9,7.69556
open_space,3.4,-8.2,0.397355,0,0,3,,,18,8.7,8.4,3.5,0,8.7,8,3.5,3.2,3.5,8.4,10,10,9.3,8.20889,4.93778,3.28,4.87556,8.975,10,10
open_space,17.2,-13.4,0.41005,0,0,3,,,9.4,2.5,2.7,6.7,0.177778,2.7,6.7,10,10,6.8,6.3,2.7,2.5,3.87333,8.1,10,10,8.0069,6.45778,3.78889,2.56222
open_space,9.6,-6.2,1.28531,0,0,3,,,16.8,6,10,6.8,0,6,6.8,9.4,10,10,10,10,6.3,6.19111,8.31379,9.58158,10,10,10,10,7.61351
open_space,9.3,-5.4,0.109627,0,0,3,,,15.2,6.7,10,5.2,0,6.7,5.2,5.2,8.3,9.2,10,10,10,8.095,5.6,6.14889,9.28462,9.47895,10,10,10
open_space,4.2,-12.9,5.96491,0,0,3,,,16.8,7.6,4.5,9.1,0,10,10,9.1,4.2,4,4.5,6.8,7.6,10,10,9.5,5.69778,4.11111,6.14,6.99333,8.58571
open_space,2.6,-3.8,0.755505,0,0,3,,,13.5,3.6,10,2.4,0.2,3.6,3.5,2.4,2.4,3.3,10,10,5.3,4.10889,3.81333,2.73556,2.63778,5.31471,10,10,7.06364
open_space,18.6,-1.5,0.987543,0,0,3,,,2.4,1.1,1.1,1.3,0.619444,1.3,1.3,2.3,10,5.8,1.3,1.1,1.1,1.35556,1.62889,4.34815,10,7.3,2.32667,1.14889,1.35333
open_space,17.1,-2.5,0.93136,0,0,3,,,4.9,2.3,2.6,2.3,0.375,2.3,2.3,3.8,10,10,3.3,2.6,2.6,2.44444,2.77778,5.8,10,10,5.20263,2.76222,2.96889
open_space,17.6,-18.1,0.162817,0,0,3,,,5.2,2.1,1.6,3.6,0.536111,2.1,3.6,10,10,2,1.6,1.6,2.1,2.56667,5.53333,10,10,3.76222,1.69111,1.94889,2.22
open_space,18.3,-15.5,2.20816,1,1,3,0|1|1；0|0|0；0|0|0,0|0；-0.5|0.5；-0.5|-0.5,8.9,9.2,1.4,4.3,0.344444,10,7.2,4.3,2.4,1.4,1.4,1.7,9.2,10,8.30909,5.16,3.80222,1.71111,1.47778,3.25778,9.2
open_space,9.1,-11.5,2.16395,1,1,3,0|1|1；0|0|0；0|0|0,0|0；-0.5|0.5；-0.5|-0.5,18.9,9.1,10,8.4,0,9.1,8.9,8.4,8.2,9.9,10,10,10,9.48125,9.16923,9.0375,8.59333,9.95,10,10,10
open_space,18,-16.1,1.10477,0,0,3,,,11.7,1.8,1.7,10,0.308333,3.7,10,10,4.1,3.6,1.9,1.7,1.8,5.82778,10,10,5.86667,3.70444,2.78667,1.74667,2.36444
open_space,1.9,-6.7,3.06049,1,1,3,0|1|1；0|0|0；0|0|0,0|0；-0.5|0.5；-0.5|-0.5,4.9,1.7,2.7,2.2,0.305556,1.7,2.2,10,10,10,6.5,2.7,1.7,1.83111,4.12195,10,10,10,7.64,5.09111,1.99111
open_space,11,-13.3,3.50669,0,0,3,,,16.4,7.1,10,6.4,0,7.1,6.4,6.8,8.7,9.3,10,10,10,8.20769,6.57333,8.325,8.93556,9.64,10,10,10
open_space,11.2,-4,1.6635,1,1,3,0|1|1；0|0|0；0|0|0,0|0；-0.5|0.5；-0.5|-0.5,10.9,3.8,5,5.9,0,3.8,5.9,10,10,10,8.5,5,3.8,4.44889,7.48889,10,10,10,8.91892,7.52444,4.11333
open_space,13.1,-8.1,0.996387,1,1,3,0|1|1；0|0|0；0|0|0,0|0；-0.5|0.5；-0.5|-0.5,14.7,6.7,6.6,8.1,0,7.9,8.1,10,10,10,7.9,6.6,6.7,8.27111,8.82963,10,10,10,8.85,6.91333,8.08095
open_space,19.3,-12.2,1.64825,0,0,3,,,10.4,0.6,0.4,10,0.461111,10,10,10,5.9,0.5,0.4,0.4,0.6,10,10,10,8.13333,1.20444,0.426667,0.451111,1.61026
open_space,13.2,-16,4.87342,1,1,3,0|1|1；0|0|0；0|0|0,0|0；-0.5|0.5；-0.5|-0.5,10.9,3.7,4.6,6.3,0,3.7,6.3,6.6,10,10,10,4.6,3.7,4.52667,6.74667,7.71463,10,10,10,6.3875,3.91556
open_space,15.9,-6.1,1.46255,0,0,3,,,11.4,4.9,3.8,7.6,0,5.9,7.6,10,10,6.2,3.8,3.8,4.9,6.32,8.6125,10,10,7.6625,4.54,4.06667,6.07556
open_space,14.6,-11.7,3.80465,0,0,3,,,18,8.1,10,5.1,0,8.1,8,5.1,5.1,6.5,10,10,10,8.79,8.43111,6.15333,5.43556,7.84545,10,10,10
open_space,2,-8.8,3.7492,1,1,3,0|1|1；0|0|0；0|0|0,0|0；-0.5|0.5；-0.5|-0.5,11.7,1.8,1.8,9.9,0.294444,2.2,9.9,10,10,8.8,3.2,1.8,1.8,3.90667,9.9,10,10,9.29048,6.79333,2.24889,1.88444
open_space,4.2,-13.3,5.11857,1,1,3,0|1|1；0|0|0；0|0|0,0|0；-0.5|0.5；-0.5|-0.5,14.3,6.4,4,10,0,7,10,10,10,4.3,4,4.3,6.4,8.15,10,10,10,6.10444,4.10222,5.83556,6.56667
open_space,5.9,-2.3,1.84974,1,1,3,0|1|1；0|0|0；0|0|0,0|0；-0.5|0.5；-0.5|-0.5,6.7,2.1,2.4,4.3,0.25,2.2,4.3,5.9,10,10,8,2.4,2.1,2.81778,5.62667,7.29,10,10,8.9,3.85333,2.16889
open_space,15.2,-12.9,0.339302,1,1,3,0|1|1；0|0|0；0|0|0,0|0；-0.5|0.5；-0.5|-0.5,15,4.5,5,10,0,4.8,10,10,10,7.6,6.8,5,4.5,6.44,10,10,10,8.5619,6.99556,6.62889,4.62222
open_space,2.1,-1.6,6.03405,0,0,3,,,9,2.8,2.2,1.4,0.561111,2.8,1.4,1.4,1.6,1.9,2.2,7.6,10,4.70455,1.85111,1.44222,2.00667,1.96444,3.55778,8.5,10
open_space,12,-19.5,4.72622,0,0,3,,,0.6,0.2,0.3,0.3,0.483333,0.2,0.3,7.7,10,10,10,0.3,0.2,0.208889,1.00889,8.43,10,10,10,0.75,0.206667
open_space,4.1,-3.9,2.18114,0,0,3,,,7.7,3.7,3.8,3.9,0,4,3.9,4.7,10,10,6.6,3.8,3.7,4.57333,4.09556,6.53636,10,10,7.96923,4.62889,3.88667
open_space,18.8,-17.5,5.0677,0,0,3,,,3.3,1,2.4,0.9,0.569444,1,0.9,1,2.1,10,6.5,2.4,2.2,1.44,0.915556,1.29111,3.96,10,7.81429,3.58222,2.25556
open_space,11.7,-11.7,3.43774,1,1,3,0|1|1；0|0|0；0|0|0,0|0；-0.5|0.5；-0.5|-0.5,18,9.1,10,8,0,9.1,8,8.4,8,8.4,10,10,10,9.53333,8.26,9.19667,8.26,9.05238,10,10,10
open_space,6.1,-11.5,0.972466,1,1,3,0|1|1；0|0|0；0|0|0,0|0；-0.5|0.5；-0.5|-0.5,17.2,10,8.3,5.9,0,10,7.2,5.9,6,8.2,8.3,10,10,10,8.32632,6.20889,7.35333,8.63333,8.98,10,10
open_space,7,-14.7,3.81099,0,0,3,,,11.9,5,6.9,5,0,5,5,6.4,10,10,10,6.9,6.8,6.00667,5.33778,7.75,10,10,10,7.89,7.25111
open_space,14.1,-7.3,0.855536,0,0,3,,,12.7,5.6,5.6,7.1,0,7.1,7.1,10,10,10,7.5,5.6,5.6,7.72667,8.06667,10,10,10,8.6,6.11556,6.47333
open_space,16.7,-9.1,3.1485,0,0,3,,,18.9,10,4.3,4.3,0,10,10,4.3,3,3,4.3,8.9,10,10,10,6.225,3.36,3.35333,7.24444,9.26429,10
open_space,19.5,-9,0.395197,1,1,3,0|1|1；0|0|0；0|0|0,0|0；1|0；2|0,0.6,0.2,0.2,0.4,0.483333,0.2,0.4,9.5,10,10,0.5,0.2,0.2,0.273333,5.25778,9.75714,10,10,1.25238,0.275556,0.2
open_space,14.9,-10.8,4.19657,0,0,3,,,15.6,8.9,10,4.8,0,8.9,5.6,4.8,5,9.7,10,10,10,9.17674,7.88444,4.97556,6.40889,9.85,10,10,10
open_space,18.5,-17.1,5.0358,1,1,3,0|1|1；0|0|0；0|0|0,0|0；-0.5|0.5；-0.5|-0.5,4.1,1.3,2.9,1.2,0.513889,1.3,1.2,1.3,2.6,10,8.5,2.9,2.6,1.96222,1.22444,1.67333,4.565,10,9.03333,4.44222,2.67556
open_space,16.3,-16.8,1.73437,0,0,3,,,13.4,5.8,3.4,3.6,0.0611111,10,10,3.6,2.9,2.9,3.4,3.4,5.8,10,10,5.48108,3.06667,3.51778,3.59556,4.16667,7.5
open_space,12,-18.7,4.07159,1,1,3,0|1|1；0|0|0；0|0|0,0|0；-0.5|0.5；-0.5|-0.5,8.5,1,7.5,1,0.394444,1,1,1.6,7.8,10,10,7.5,1.3,1.05778,1.20222,4.63333,8.56562,10,10,8.1,2.45778
open_space,3.1,-7,2.41584,0,0,3,,,9.7,2.9,6.8,2.9,0.0611111,2.9,2.9,4.3,10,10,9.2,6.8,3.9,3.17556,3.33111,6.33846,10,10,9.54,7.46,5.99556
open_space,17.8,-6.3,3.09926,1,1,3,0|1|1；0|0|0；0|0|0,0|0；-0.5|0.5；-0.5|-0.5,16.1,8.3,2.6,2.8,0.277778,10,10,2.8,1.9,1.9,2.6,6.1,8.3,10,10,4.76129,2.17778,2.08,4.54,6.69111,9.07273
open_space,2,-13.6,4.85894,0,0,3,,,11.8,3,1.8,10,0.294444,6.2,10,10,10,2.3,1.8,1.8,3,7.39556,10,10,10,4.12326,1.91111,2.17111,5.23111
open_space,15,-19.4,6.11919,1,1,3,0|1|0；0|0|1；0|0|0,0|0；-0.5|0；-1|0,6.1,0.4,0.3,5.8,0.472222,1.6,5.8,10,10,0.5,0.3,0.3,0.4,4.62222,7.32963,10,10,1.50588,0.355556,0.304444,0.622222
open_space,6.2,-4.1,0.652767,0,0,3,,,13.9,3.9,10,3.9,0,3.9,3.9,4.9,6,7.5,10,10,6.5,4.74,4.14222,6.16,6.37556,8.61765,10,10,7.9
open_space,1.4,-19.1,3.15166,1,1,3,0|1|1；0|0|0；0|0|0,0|0；1|0；2|0,2.3,0.8,1.7,0.6,0.655556,0.8,0.6,0.6,0.8,10,10,1.7,1.2,1.14222,0.662222,0.664444,2.1381,10,10,3.34737,1.33556
open_space,16.1,-19.2,0.137688,0,0,3,,,6.4,0.8,0.5,5.9,0.45,3.6,5.9,10,3.8,0.6,0.5,0.5,0.8,4.33111,7.54118,10,5.84,1.21333,0.526667,0.588889,2.16889
open_space,3,-11.9,4.64432,1,1,3,0|1|1；0|0|0；0|0|0,0|0；-0.5|0.5；-0.5|-0.5,12.8,3.7,2.8,10,0.102778,7.8,10,10,10,4.3,2.8,2.8,3.7,8.42955,10,10,10,6.316,3.26222,3.03556,6.15778
open_space,11.2,-15.3,3.55067,0,0,3,,,14.4,4.8,10,4.4,0,4.8,4.4,4.8,8.5,9.3,10,10,10,6.42857,4.51111,6.69111,8.72444,9.61111,10,10,10
open_space,1.9,-11.2,6.21351,1,1,3,0|1|1；0|0|0；0|0|0,0|0；-0.5|0.5；-0.5|-0.5,18.5,10,2.2,2.6,0.308333,10,10,2.6,1.7,1.7,2.2,8.5,10,10,10,4.60323,1.97778,1.84,4.58222,8.92973,10
open_space,13.9,-0.5,6.22685,0,0,3,,,9.2,0.4,8.9,0.3,0.472222,0.4,0.3,0.3,0.4,4.5,10,8.9,5.8,1.75333,0.333333,0.317778,0.882222,5.5,10,9.35,6.72444
open_space,6.3,-5.1,1.72245,0,0,3,,,12.2,4.9,6.1,6.1,0,5,6.1,6.2,10,10,10,6.1,4.9,5.94667,6.48222,7.42222,10,10,10,7.6125,5.20889
open_space,6.1,-7,1.22406,0,0,3,,,16.3,6.8,10,5.9,0,6.8,6.3,5.9,6.5,10,10,10,7.3,6.98,7.61778,6.06,7.86,10,10,10,8.32963
open_space,18.3,-19.5,3.59606,1,1,3,0|1|0；0|0|1；0|0|0,0|0；-0.5|0；-1|0,10.2,0.2,4.2,0.2,0.666667,0.2,0.2,0.2,0.5,1.6,4.2,10,0.4,0.26,0.2,0.295556,1.24222,2.28667,6.28333,10,1.348
open_space,6.2,-0.9,4.31125,0,0,3,,,11.7,6.5,0.8,1.9,0.430556,10,10,1.9,0.8,0.7,0.8,1.7,6.5,10,10,3.82222,1.07556,0.704444,1.03556,4.89556,7.77187
open_space,2,-6.9,2.01825,1,1,3,0|1|1；0|0|0；0|0|0,0|0；-0.5|0.5；-0.5|-0.5,8.9,1.9,7.1,1.8,0.294444,1.9,1.8,2,5.3,10,10,7.1,4.2,2.60667,1.84444,2.92444,7.14,10,10,8.21429,6.45778
open_space,4.8,-12.8,5.24664,0,0,3,,,15.3,6.9,4.6,10,0,8,10,10,9.3,4.8,4.6,5.3,6.9,8.89412,10,10,9.6,6.13111,4.76444,6.93778,7.14889
open_space,9.7,-2.6,0.834346,0,0,3,,,12.4,2.4,10,2.4,0.2,2.4,2.4,3.5,9.5,10,10,10,3.3,2.63778,2.74,6.96889,9.7,10,10,10,5.67297
open_space,9.6,-14.4,4.40723,1,1,3,0|1|1；0|0|0；0|0|0,0|0；-0.5|0.5；-0.5|-0.5,15.4,5.3,9.4,6,0,5.3,6,10,10,10,9.9,9.4,5.6,5.45556,7.42581,10,10,10,9.96667,9.59231,7.0475
open_space,8.1,-14.6,2.42991,1,1,3,0|1|1；0|0|0；0|0|0,0|0；-0.5|0.5；-0.5|-0.5,16.8,7.9,10,5.1,0,7.9,6.8,5.1,5.1,7.8,10,10,10,8.49762,8.22889,5.56222,5.91111,8.74545,10,10,10
open_space,6.6,-8,1.275,1,1,3,0|1|1；0|0|0；0|0|0,0|0；-0.5|0.5；-0.5|-0.5,16.7,7.8,10,6.4,0,7.8,6.7,6.4,7.2,10,10,10,8.2,8.04,8.30444,6.59778,8.34348,10,10,10,8.94545
open_space,7.5,-17.3,0.329053,0,0,3,,,12.5,5.4,2.4,8.2,0.2,10,10,8.2,7.3,2.7,2.4,2.5,5.4,10,10,8.97647,7.51556,4.06444,2.46667,3.38222,7.12308
open_space,9.6,-1.2,3.5204,0,0,3,,,11.1,2.5,1,10,0.394444,10,10,10,2.7,1.1,1,1.1,2.5,10,10,10,4.86875,1.56,1.02,1.48,7.48667
open_space,17.2,-12.1,3.28625,0,0,3,,,17.6,9.6,4.1,3.1,0.180556,9.6,7.6,3.1,2.5,2.5,4.1,10,10,9.8,8.09111,5.37111,2.65778,3.02222,6.1087,10,10
open_space,14.3,-8.6,3.72217,1,1,3,0|1|1；0|0|0；0|0|0,0|0；-0.5|0.5；-0.5|-0.5,20,10,8.4,5.5,0,10,10,5.5,5.4,6.4,8.4,10,10,10,10,6.92444,5.64,8.41778,8.77333,10,10
open_space,5.7,-4.3,3.8248,0,0,3,,,15.3,5.5,4.1,10,0,7.1,10,10,6.6,4.1,4.1,5.3,5.5,8.25556,10,10,8.04,4.88444,4.39556,5.97556,5.90222
open_space,3.5,-3.9,4.27012,0,0,3,,,13.3,3.5,3.3,10,0,7.6,10,10,4.1,3.7,3.7,3.3,3.5,8.67143,10,10,5.93488,3.80222,4.25556,3.38889,4.73778
open_space,16.9,-7.6,5.33234,0,0,3,,,12.8,2.8,10,2.8,0.102778,2.8,2.8,3.4,7.4,9.1,10,10,4.9,3.47556,2.94444,5.53556,7.80222,9.525,10,10,6.73684
open_space,4.4,-6.4,1.65419,1,1,3,0|1|1；0|0|0；0|0|0,0|0；-0.5|0.5；-0.5|-0.5,12.4,5.6,8.2,4.2,0,5.6,4.2,4.2,6.5,10,10,8.2,6.2,6.54889,4.56444,4.88667,7.875,10,10,8.99091,6.73556
open_space,11.7,-3.9,2.44737,0,0,3,,,13.7,3.7,3.7,10,0,5.8,10,10,10,8,4.9,3.7,3.7,7.41579,10,10,10,8.55476,7.20222,4.00444,4.32667
open_space,5.6,-16.3,6.16735,0,0,3,,,13.4,4.3,3.4,8.9,0,10,10,8.9,5.4,5.4,3.4,3.4,4.3,10,10,9.43333,6.48444,5.68,4.07556,3.63111,6.24242
open_space,0.9,-3.6,4.49043,1,1,3,0|1|1；0|0|0；0|0|0,0|0；-0.5|0.5；-0.5|-0.5,10.7,0.8,0.7,6.5,0.427778,3,10,6.5,3.5,1.3,0.7,0.7,0.8,4.78889,10,7.89167,4.40889,2.75778,0.893333,0.722222,1.34667
open_space,4.9,-9.9,4.65419,0,0,3,,,14.7,6.3,4.7,10,0,9.8,10,10,9.7,7.2,4.7,4.7,6.3,9.85882,10,10,9.84545,9.18437,5.44667,5.12222,8.38333
open_space,1.2,-9.8,6.11796,0,0,3,,,15.6,10,1.2,1.7,0.394444,10,9.8,1.7,1,1,1.2,5.8,10,10,9.88571,5.61556,1.23111,1.04889,2.20444,9.35,10
open_space,3.7,-14.8,3.00442,1,1,3,0|1|1；0|0|0；0|0|0,0|0；-0.5|0.5；-0.5|-0.5,10.3,3.5,5.9,4.4,0,3.5,4.4,4.9,6.1,10,10,5.9,3.5,3.71111,5.22,5.20222,7.5875,10,10,7.43125,4.26667
open_space,5.9,-11.7,5.96923,1,1,3,0|1|1；0|0|0；0|0|0,0|0；-0.5|0.5；-0.5|-0.5,18,9,6.4,10,0,10,10,10,6,5.7,6.4,8,9,10,10,10,7.3973,5.86222,8.17556,8.23111,9.44545
open_space,11.7,-5.6,0.0702685,0,0,3,,,15.4,7.2,10,5.4,0,7.2,5.4,5.4,8.2,10,10,10,8,8.45778,5.89556,6.24667,8.98889,10,10,10,8.58049
open_space,4.4,-16.3,3.72243,0,0,3,,,7.7,3.5,4.3,3.4,0,3.5,3.4,4.1,10,10,7.8,4.3,4.2,4.26222,3.54889,5.96316,10,10,8.7125,5.37556,4.38667
open_space,0.3,-11,1.98722,1,1,3,0|1|0；0|0|1；0|0|0,0|0；-0.5|0；-1|0,10.1,0.1,10,0.1,0.494444,0.1,0.1,0.1,0.2,9.5,10,10,0.2,0.115556,0.1,0.117778,5.01111,9.74286,10,10,0.547826
open_space,12,-1.6,2.87759,0,0,3,,,11.4,1.6,1.4,10,0.347222,5.2,10,10,8,2.8,1.5,1.4,1.6,7.025,10,10,8.78333,6.32667,1.88,1.44,2.54
open_space,18.8,-18.4,3.37103,0,0,3,,,11.3,1.5,1.7,1.1,0.630556,1.5,1.3,1.1,0.9,0.9,1.7,10,6,2.6,1.34889,1.33778,0.931111,1.14444,3.35185,10,7.28
open_space,8.1,-12.4,5.75623,0,0,3,,,17.3,7.5,7.3,10,0,10,10,10,9.2,7.9,8.2,7.3,7.5,10,10,10,9.6,8.2,9.0027,7.57778,8.47241
open_space,2.4,-8.9,3.60499,1,1,3,0|1|1；0|0|0；0|0|0,0|0；-0.5|0.5；-0.5|-0.5,9.1,2.2,2.3,6.8,0.233333,2.5,6.8,10,10,9.2,5,2.3,2.2,3.66889,8.24286,10,10,9.57273,8.20889,3.13556,2.25778
open_space,16.6,-4.3,0.908383,0,0,3,,,7.2,3.1,3.1,4.1,0,4.1,4.1,6.6,10,10,4,3.1,3.1,4.38667,4.89333,8.06667,10,10,5.90882,3.31778,3.69111
open_space,10.1,-3.3,2.46778,0,0,3,,,13.1,3.1,3.1,10,0,4.9,10,10,10,9.6,4,3.1,3.1,8.1027,10,10,10,9.70435,6.88864,3.33333,3.66667
open_space,2.9,-6.7,1.82528,0,0,3,,,10.3,3.2,7.6,2.7,0.133333,3.2,2.7,2.8,5.3,10,10,7.6,6.5,4.85556,2.8,3.54444,7.13125,10,10,8.63158,6.75111
open_space,12.7,-18.3,4.34556,0,0,3,,,5,1.4,3.5,1.5,0.347222,1.4,1.5,3.8,7.7,10,10,3.5,1.5,1.43111,2.17556,6.65778,8.58636,10,10,5.64375,2.08667
open_space,1.7,-5.7,5.67757,0,0,3,,,9.4,10,1.5,5.5,0.333333,10,6.8,5.5,1.8,1.5,1.5,2.6,10,10,8.07727,5.8,3.22,1.57556,1.84889,4.63704,10
open_space,18.2,-18.6,5.7294,1,1,3,0|1|1；0|0|0；0|0|0,0|0；1|0；2|0,2.6,1.1,1.1,1.5,0.608333,1.5,1.5,2.8,10,5,1.3,1.1,1.1,1.55556,1.92667,4.86667,10,6.88571,2.17778,1.14,1.39778
open_space,2.6,-0.5,2.83697,1,1,3,0|1|0；0|0|1；0|0|0,0|0；-0.5|0；-1|0,3,0.3,0.3,2.7,0.586111,0.9,2.7,7.9,10,0.6,0.3,0.3,0.3,2.18222,4.1,8.65,10,1.83077,0.397778,0.3,0.48
open_space,19.5,-19.2,5.74772,0,0,3,,,0.7,0.2,0.5,0.2,0.716667,0.2,0.2,0.3,10,2,0.6,0.5,0.2,0.2,0.237778,0.99,10,3.77273,0.931111,0.511111,0.331111
open_space,10.6,-11,5.99097,0,0,3,,,18.7,9.1,8.7,10,0,9.1,10,10,10,10,9.1,8.7,9.6,9.32857,10,10,10,10,9.52308,8.97333,9.81
open_space,19.6,-13.3,2.12827,0,0,3,,,10.1,0.3,0.1,6.6,0.494444,10,10,6.6,0.1,0.1,0.1,0.1,0.3,10,10,7.78649,2.30889,0.1,0.1,0.137778,0.738462
open_space,19,-18.2,4.7385,0,0,3,,,2.8,1,2.1,0.7,0.630556,1,0.7,0.7,1,10,10,2.1,1.5,1.38667,0.766667,0.78,2.3225,10,10,3.98947,1.66222
open_space,6,-5.4,1.51195,0,0,3,,,13.8,5.2,8,5.8,0,5.2,5.8,5.8,7.7,10,10,8,5.2,5.66444,6.58,6.31778,8.72857,10,10,8.84,6.02889
open_space,7.7,-14.4,2.69542,1,1,3,0|1|1；0|0|0；0|0|0,0|0；-0.5|0.5；-0.5|-0.5,15.9,7.5,10,5.3,0,7.5,5.9,5.3,5.6,10,10,10,8.4,7.71333,7.61778,5.45111,7.07692,10,10,10,9.1
open_space,16.4,-15.1,5.00281,0,0,3,,,8.6,3.8,5.3,3.3,0,3.8,3.3,3.4,6.9,10,10,5.3,4.6,4.77333,3.40444,4.49111,8.2,10,10,6.91471,4.74889
open_space,4.8,-7.2,5.09053,1,1,3,0|1|1；0|0|0；0|0|0,0|0；-0.5|0.5；-0.5|-0.5,14.9,10,4.6,7.7,0,10,10,7.7,7,5,4.6,4.9,10,10,10,8.62727,7.18444,6.67111,4.72,6.59524,10
open_space,5.1,-5.4,5.94793,1,1,3,0|1|1；0|0|0；0|0|0,0|0；-0.5|0.5；-0.5|-0.5,15.5,10,5.4,5.2,0,10,5.5,5.2,5.2,4.9,5.4,10,10,10,7.02564,5.34222,6.10889,5.03556,7.05556,10,10
open_space,5.4,-14,1.48157,1,1,3,0|1|1；0|0|0；0|0|0,0|0；-0.5|0.5；-0.5|-0.5,15.2,8.3,7.4,5.2,0,8.3,5.2,5.2,5.7,5.7,7.4,10,10,8.975,6.14,5.60444,6.52889,6.14,8.48125,10,10
open_space,13.5,-16.3,3.85637,1,1,3,0|1|1；0|0|0；0|0|0,0|0；-0.5|0.5；-0.5|-0.5,13.4,3.4,10,3.4,0,3.4,3.4,4.5,6.2,8.2,10,10,5.3,3.96889,3.68444,6.04222,6.72222,9.025,10,10,7.04762
open_space,9.2,-12.1,2.59414,0,0,3,,,19,9,10,7.6,0,9,9,7.6,7.8,10,10,10,10,9.255,9.52273,7.92,8.66786,10,10,10,10
open_space,14.4,-7,0.383531,1,1,3,0|1|1；0|0|0；0|0|0,0|0；-0.5|0.5；-0.5|-0.5,12.6,5.3,5.8,6.8,0,5.7,6.8,7.3,10,10,10,5.8,5.3,7.14444,6.98,8.37692,10,10,10,7.30286,5.44
open_space,2.4,-14.6,1.27216,1,1,3,0|1|1；0|0|0；0|0|0,0|0；-0.5|0.5；-0.5|-0.5,12.3,4.8,5.8,2.2,0.236111,4.8,2.3,2.2,2.5,5.1,5.8,10,10,6.7,3.05556,2.26222,3.69333,5.25556,7.26562,10,10
open_space,13.8,-7.9,1.17667,0,0,3,,,14.2,6.4,5.9,8.3,0,7.7,8.3,10,10,10,6.4,5.9,6.4,7.90444,9.02778,10,10,10,7.75484,6.05333,8.02
open_space,14.8,-11.3,5.69399,0,0,3,,,13.4,4.9,8.4,5,0,4.9,5,8.8,10,10,10,8.4,6,5.14444,6.15556,9.28,10,10,10,8.79545,8.09111
open_space,19.1,-17.3,0.933672,0,0,3,,,10.6,0.6,0.6,10,0.569444,1,10,10,3,2.4,0.7,0.6,0.6,2.40882,10,10,4.88205,2.54889,1.34667,0.628889,0.713333
open_space,6.8,-19.4,0.554983,1,1,3,0|1|0；0|0|1；0|0|0,0|0；-0.5|0；-1|0,10.3,1.1,0.3,6.8,0.472222,10,10,6.8,0.5,0.3,0.3,0.3,1.1,10,10,7.92857,3.23778,0.371111,0.3,0.544444,2.525
open_space,2.6,-3.1,2.94496,0,0,3,,,5.8,2.4,2.9,2.9,0.258333,2.4,2.9,10,10,5.3,3,2.9,2.5,2.50444,4.74419,10,10,7.13529,3.68667,3.02889,2.99111
open_space,4.3,-1.4,6.25193,1,1,3,0|1|1；0|0|0；0|0|0,0|0；-0.5|0.5；-0.5|-0.5,11.2,1.8,5.6,1.2,0.369444,1.8,1.2,1.2,1.6,4.1,5.6,10,10,3.52222,1.36222,1.31556,2.96,4.51111,7.2087,10,10
open_space,8.9,-14.6,4.82656,0,0,3,,,14.8,5.1,6.6,8.2,0,5.1,8.2,10,10,10,8.7,6.6,5.1,6.04889,9.03333,10,10,10,9.05,8.64667,5.47556
open_space,11.6,-18.5,2.44213,1,1,3,0|1|1；0|0|0；0|0|0,0|0；-0.5|0.5；-0.5|-0.5,11.6,10,8.1,1.2,0.369444,10,1.6,1.2,1.2,1.8,8.1,10,10,10,3.27442,1.29778,1.39111,4.71778,8.78437,10,10
open_space,9.8,-1.5,0.724774,0,0,3,,,11.2,1.3,9.9,1.3,0.355556,1.3,1.3,1.7,9.6,10,10,9.9,2,1.49778,1.40667,3.89111,9.71429,10,10,9.96667,5.34
open_space,3,-15.1,4.77909,1,1,3,0|1|1；0|0|0；0|0|0,0|0；-0.5|0.5；-0.5|-0.5,9.8,4.2,2.8,7,0.102778,4.6,7,10,10,3.8,2.8,2.8,4.2,5.31333,8.28,10,10,5.66562,3.05556,3.22667,4.79111
open_space,10.2,-7.2,0.621325,1,1,3,0|1|1；0|0|0；0|0|0,0|0；-0.5|0.5；-0.5|-0.5,16.7,7.1,9.7,7,0,7.1,7,8.6,10,10,10,9.7,9.5,8.12778,7.37778,9.22727,10,10,10,9.83333,9.63103
open_space,9.5,-16.6,5.04346,0,0,3,,,10.5,3.1,3.5,7,0,3.3,7,10,10,10,9.3,3.5,3.1,4.38444,8.28889,10,10,10,9.50732,5.24,3.18444
open_space,15,-15.2,1.4064,1,1,3,0|1|1；0|0|0；0|0|0,0|0；-0.5|0.5；-0.5|-0.5,14.7,5.8,4.7,7.9,0,10,10,7.9,4.6,4.5,4.8,4.7,5.8,10,10,8.86667,5.59111,4.74,5.52222,4.95556,7.32963
open_space,17.7,-5.1,2.65264,0,0,3,,,14.2,5.1,2.1,7.1,0.263889,10,10,7.1,2.3,2,2.1,4.2,5.1,10,10,8.18,3.55556,2.06222,2.72444,4.94222,6.70444
open_space,12.3,-17.3,5.86757,1,1,3,0|1|1；0|0|0；0|0|0,0|0；-0.5|0.5；-0.5|-0.5,10.3,2.6,2.4,7.9,0.2,5.9,7.9,10,10,6.9,2.6,2.4,2.6,7.41333,8.77727,10,10,8.11429,3.83111,2.46,3.53778
open_space,11.6,-5.6,3.21699,1,1,3,0|1|1；0|0|0；0|0|0,0|0；-0.5|0.5；-0.5|-0.5,15.4,8.3,5.4,10,0,10,10,10,8.1,7.2,5.4,5.4,8.3,10,10,10,8.635,8.53111,5.88,6.26667,9.05556
open_space,6.3,-16.4,5.28529,0,0,3,,,13.4,3.3,3.4,10,0,3.9,10,10,10,6.3,6.1,3.4,3.3,5.82051,10,10,10,7.5225,6.31111,4.24444,3.44
open_space,13.3,-9.4,2.94777,0,0,3,,,19.2,10,7.7,10,0,10,10,10,6.5,6.4,7.7,9.2,10,10,10,10,7.72821,6.69778,9.07931,9.39429,10
open_space,13.5,-14.1,6.28084,0,0,3,,,14.3,6.2,5.6,8.7,0,6.2,8.7,10,10,8.1,5.6,5.6,6.2,6.90889,9.325,10,10,8.95455,6.30667,6.24444,6.94889
open_space,12.9,-10.7,5.80378,1,1,3,0|1|1；0|0|0；0|0|0,0|0；-0.5|0.5；-0.5|-0.5,16.1,6.8,9,7.1,0,6.8,7.1,10,10,10,10,9,7.7,7.01778,8.24516,10,10,10,10,9.26591,9.01379
open_space,8.1,-11.2,3.16186,1,1,3,0|1|1；0|0|0；0|0|0,0|0；-0.5|0.5；-0.5|-0.5,18.5,7.9,10,8.5,0,7.9,8.5,8.5,10,10,10,10,7.9,8.58421,8.97879,9,10,10,10,10,8.54615
open_space,18.6,-1.8,5.76555,1,1,3,0|1|1；0|0|0；0|0|0,0|0；-0.5|0.5；-0.5|-0.5,5.4,1.1,4.3,1.1,0.602778,1.1,1.1,1.6,1.7,3.2,10,4.3,1.3,1.13111,1.44222,1.64889,2.12222,5.18095,10,6.32222,2.03778
open_space,3.8,-17.8,5.32257,0,0,3,,,11.9,1.9,1.9,10,0.280556,2.3,10,10,6.4,3.7,3.4,1.9,1.9,4.15111,10,10,7.93571,4.51111,3.7,2.37111,1.99111
open_space,18.6,-13,0.568019,0,0,3,,,6,1.1,1.1,4.9,0.383333,1.3,4.9,10,10,6.9,2.1,1.1,1.1,2.17556,6.72857,10,10,7.97143,5.04444,1.41556,1.14
open_space,9.1,-8,0.398137,1,1,3,0|1|1；0|0|0；0|0|0,0|0；-0.5|0.5；-0.5|-0.5,17.8,8.5,10,7.8,0,8.5,7.8,8.5,8.9,9.7,10,10,10,9.15882,8.00444,9.3,9.13333,9.82,10,10,10
open_space,2.8,-9.8,3.55098,0,0,3,,,9.8,2.6,2.8,7,0.155556,2.8,7,10,10,10,6.7,2.8,2.6,4.02889,9.48148,10,10,10,9.3825,3.94889,2.66667
open_space,17,-11.4,0.287416,1,1,3,0|1|1；0|0|0；0|0|0,0|0；-0.5|0.5；-0.5|-0.5,8.7,2.7,3.1,5.6,0.133333,2.8,5.6,10,10,9.5,8.3,3.1,2.7,3.65111,7.36429,10,10,9.7,8.58222,4.86444,2.78667
open_space,10,-10.8,4.109,0,0,3,,,18.8,8.9,9.8,9,0,8.9,9,9.7,9.9,10,10,9.8,10,9.18684,9.44444,9.78,9.94,10,10,9.86087,10
open_space,16.7,-12.8,2.65777,0,0,3,,,14.3,10,3.1,6.9,0,10,7.9,6.9,3.4,3,3.1,6.4,10,10,8.8,7.12,5.10889,3.09111,4.12444,7.82727,10
open_space,8.3,-11.9,3.14059,1,1,3,0|1|1；0|0|0；0|0|0,0|0；-0.5|0.5；-0.5|-0.5,17.8,8.1,10,7.8,0,8.1,7.8,7.8,10,10,10,10,8.1,8.69189,8.50769,8.4825,10,10,10,10,8.71944
open_space,14.1,-1.2,3.83627,1,1,3,0|1|1；0|0|0；0|0|0,0|0；-0.5|0.5；-0.5|-0.5,10.2,10,1,5.6,0.394444,10,8.9,5.6,1.6,1,1,1.3,10,10,9.43333,6.61778,3.69333,1.17111,1.07111,2.77333,10
open_space,9.3,-16.9,0.58023,0,0,3,,,13.3,10,2.8,9.3,0.102778,10,10,9.3,5.2,2.9,2.8,3.3,10,10,10,9.63846,8.36667,3.58667,2.91778,5.2122,10
open_space,11.1,-18.4,2.56989,0,0,3,,,11.6,6.5,8.8,1.3,0.358333,6.5,1.6,1.3,1.3,2.4,8.8,10,10,8.04,2.69111,1.35111,1.64222,6.12667,9.28421,10,10
open_space,7.6,-10.8,5.17163,0,0,3,,,18.2,8.9,7.4,10,0,9.9,10,10,10,7.9,7.4,8.2,8.9,9.95,10,10,10,8.75417,7.60667,9.25385,9.14889
open_space,1,-9,1.52005,0,0,3,,,10.8,1.2,10,0.8,0.416667,1.2,0.8,0.8,1.1,10,10,10,8.8,3.74667,0.913333,0.864444,2.45682,10,10,10,9.26154
open_space,12.2,-12.3,1.11987,0,0,3,,,17.5,7.9,7.5,10,0,10,10,10,8.3,7.4,7.8,7.5,7.9,10,10,10,9.00625,7.61333,8.87,7.71556,8.77391
open_space,3.2,-14.4,3.40613,1,1,3,0|1|1；0|0|0；0|0|0,0|0；-0.5|0.5；-0.5|-0.5,8.8,3,3.5,5.3,0,3.1,5.3,5.5,10,10,10,3.5,3,3.98667,5.48889,6.96818,10,10,10,5.3,3.10889
open_space,15.7,-6.7,5.97236,0,0,3,,,13.5,4,9,4.5,0,4,4.5,6.5,7.3,10,10,9,4.2,4.11556,6.07778,6.68889,8.37826,10,10,9.33333,5.64222
open_space,11,-3.8,3.79375,1,1,3,0|1|1；0|0|0；0|0|0,0|0；-0.5|0.5；-0.5|-0.5,14.5,10,3.6,8.8,0,10,10,8.8,6,3.6,3.6,4.5,10,10,10,9.27727,8.39111,4.37333,3.82222,6.31875,10
open_space,13.1,-2.1,5.28207,0,0,3,,,13.6,6.8,8.7,2,0.280556,6.8,3.6,2,1.9,2.2,8.7,10,10,7.90556,5.99111,2.44889,1.97333,3.79111,9.05,10,10
open_space,14.8,-2.6,2.72789,0,0,3,,,12.4,2.6,2.4,10,0.2,5.9,10,10,5.4,4.9,2.6,2.4,2.6,7.59091,10,10,6.99189,5.02889,3.74222,2.45778,3.54889
open_space,15.5,-4.6,2.72371,0,0,3,,,14.4,4.7,4.4,10,0,10,10,10,4.6,4.2,4.5,4.4,4.7,10,10,10,6.33659,4.31111,5.20667,4.51778,6.4
open_space,3,-4,5.96666,1,1,3,0|1|1；0|0|0；0|0|0,0|0；-0.5|0.5；-0.5|-0.5,12.9,8.6,3.1,3.8,0.102778,8.6,4,3.8,3,2.8,3.1,8.9,10,9.15,5.40667,3.90667,3.76667,2.87778,4.70222,9.4,10
open_space,16.8,-7.1,0.360653,0,0,3,,,10.1,2.9,3.2,6.9,0.0583333,3.1,6.9,7.4,10,10,8.5,3.2,2.9,4.24222,7.06889,8.42963,10,10,9.225,4.68889,2.97778
open_space,4.9,-0.4,0.00652065,1,1,3,0|1|0；0|0|1；0|0|0,0|0；-0.5|0；-1|0,10.2,0.3,6.7,0.2,0.483333,0.3,0.2,0.2,0.3,4.7,6.7,10,10,0.827273,0.208889,0.206667,0.848889,5.26222,7.98235,10,10
open_space,11,-7.7,4.08513,0,0,3,,,20,10,7.6,8.7,0,10,10,8.7,8.8,7.5,7.6,10,10,10,10,9.04359,9.36667,7.95333,8.43636,10,10
open_space,10,-9,6.0171,0,0,3,,,19.2,9.7,10,8.8,0,9.7,9.2,8.8,10,9.8,10,10,10,9.80667,9.53077,9.09778,10,9.87692,10,10,10
open_space,13.8,-17.3,4.17839,1,1,3,0|1|1；0|0|0；0|0|0,0|0；-0.5|0.5；-0.5|-0.5,12.5,2.4,10,2.5,0.2,2.4,2.5,4.7,6.1,10,10,10,2.8,2.48889,3.14222,5.88,7.385,10,10,10,4.63333
open_space,7.4,-10.5,0.17666,0,0,3,,,19.3,10,9.2,8.9,0,10,10,8.9,7.2,7.3,9.2,9.3,10,10,10,9.4,7.60667,8.28,9.39697,9.62143,10
open_space,7.7,-6.6,1.47551,0,0,3,,,17.5,6.4,10,7.5,0,6.4,7.5,7.5,9.7,10,10,10,6.4,6.88444,8.48,8.06667,9.86667,10,10,10,7.58889
open_space,13.4,-17.8,1.29115,1,1,3,0|1|1；0|0|0；0|0|0,0|0；-0.5|0.5；-0.5|-0.5,16.3,7.2,2.2,4,0.280556,10,10,4,2,1.9,2.2,6.3,7.2,10,10,6.04444,2.59111,1.95333,3.37556,6.50222,8.34783
open_space,2.4,-17.7,0.661088,1,1,3,0|1|1；0|0|0；0|0|0,0|0；-0.5|0.5；-0.5|-0.5,6.1,10,2,2.2,0.5,10,3.6,2.2,2.2,2,2,2.5,10,10,5.656,2.64889,2.34,2.38444,2.12889,4.35366,10
open_space,10.4,-18.6,4.16074,0,0,3,,,6,1.1,4.9,1.1,0.383333,1.1,1.1,2.1,9.6,10,10,4.9,1.3,1.14,1.41111,6.23333,9.75556,10,10,6.8,2.17778
open_space,10.3,-14.9,5.19051,1,1,3,0|1|1；0|0|0；0|0|0,0|0；-0.5|0.5；-0.5|-0.5,14.5,4.8,5.1,9.4,0,5.4,9.4,10,10,10,10,5.1,4.8,7.26053,9.58718,10,10,10,10,6.67955,4.94444
open_space,1.4,-1.5,0.113564,0,0,3,,,11.3,1.7,1.9,1.3,0.613889,1.7,1.3,1.3,1.2,1.2,1.9,10,10,3.39318,1.38889,1.48222,1.28222,1.41333,3.66562,10,10
open_space,13.2,-2.9,1.33625,0,0,3,,,8.5,2.7,5.3,3.2,0.133333,2.7,3.2,10,10,10,6.7,5.3,2.8,2.8,5.08409,10,10,10,7.88889,6.50889,3.53778
open_space,16.8,-14.2,2.88945,0,0,3,,,15.7,10,3.4,5.5,0.0611111,10,5.7,5.5,3,2.9,3.4,10,10,10,7.11667,5.68,3.86222,3,5.18372,10,10
open_space,15.4,-4.2,0.2707,0,0,3,,,9,4.3,5,4,0,4.5,4,4.1,8.1,10,10,5,4.3,5.04444,4.14,5.33778,8.95714,10,10,6.70857,4.44889
open_space,7.7,-9.7,2.72755,0,0,3,,,17.5,7.5,9.5,8,0,7.5,8,10,10,10,10,9.5,8.3,7.70222,8.8619,10,10,10,10,9.67368,9.01667
open_space,18.5,-2,3.43367,0,0,3,,,6.2,3.7,1.8,1.4,0.583333,10,4.3,1.4,1.2,1.3,1.8,1.9,3.7,10,6.4,2.13111,1.22889,1.60222,1.85333,2.44222,5.85789
open_space,8.3,-4.7,0.940445,1,1,3,0|1|1；0|0|0；0|0|0,0|0；-0.5|0.5；-0.5|-0.5,14.6,4.5,10,4.6,0,4.5,4.6,7.6,8.2,10,10,10,5.6,4.77333,5.48222,8.37556,8.87143,10,10,10,7.25185
open_space,18.2,-14.8,1.63814,0,0,3,,,11.5,2.3,1.5,6.6,0.333333,10,10,6.6,4.9,2,1.5,1.5,2.3,10,10,7.92632,5.35778,3.57778,1.63333,1.72444,4.12121
open_space,10.6,-0.8,0.784497,0,0,3,,,9.7,0.6,9.1,0.6,0.441667,0.6,0.6,0.8,10,10,10,9.1,0.8,0.664444,0.66,2,10,10,10,9.42,2.67778
open_space,17,-18.4,0.0601052,0,0,3,,,5.3,1.9,1.3,4,0.491667,2.7,4,10,10,1.7,1.3,1.3,1.9,3.1,6.05185,10,10,3.53415,1.41556,1.48444,2.61778
open_space,0.3,-9.6,3.93021,0,0,3,,,10.1,0.1,0.1,10,0.494444,0.1,10,10,10,9.4,0.1,0.1,0.1,0.348889,10,10,10,9.6,0.517778,0.1,0.1
open_space,7.3,-10.3,5.3914,1,1,3,0|1|1；0|0|0；0|0|0,0|0；-0.5|0.5；-0.5|-0.5,19.1,9.4,7.1,10,0,10,10,10,10,7.2,7.1,9.1,9.4,10,10,10,10,8.14615,7.60889,9.63333,9.55185
open_space,10,-12.5,2.60057,1,1,3,0|1|1；0|0|0；0|0|0,0|0；-0.5|0.5；-0.5|-0.5,18.5,9.8,10,7.2,0,9.8,8.5,7.2,7.4,9.7,10,10,10,9.88,9.17692,7.49333,8.39677,9.80345,10,10,10
open_space,12.2,-6.2,3.14331,1,1,3,0|1|1；0|0|0；0|0|0,0|0；-0.5|0.5；-0.5|-0.5,16,8.5,6,10,0,10,10,10,7.5,7.5,6,6,8.5,10,10,10,8.25122,8.24667,6.74889,6.7,9.16667
open_space,1.6,-18.6,6.20178,1,1,3,0|1|1；0|0|0；0|0|0,0|0；-0.5|0.5；-0.5|-0.5,11.1,1.4,1.1,2.2,0.613889,10,10,2.2,1.4,1.4,1.1,1.1,1.4,10,10,4.075,1.63778,1.5,1.28444,1.18222,3.00227
open_space,7.5,-14.5,3.77683,1,1,3,0|1|1；0|0|0；0|0|0,0|0；-0.5|0.5；-0.5|-0.5,12.6,5.3,7.4,5.2,0,5.3,5.2,6.4,10,10,10,7.4,7.3,6.39333,5.5,7.83478,10,10,10,8.31176,7.71556
open_space,8.6,-5.5,5.4024,0,0,3,,,18.5,10,8.4,5.3,0,10,8.5,5.3,5.3,6.9,8.4,10,10,10,9.12857,6.29111,5.69778,8.61333,8.82821,10,10
open_space,16.1,-16.1,4.3885,0,0,3,,,12.1,3.6,8.3,3.6,0,3.6,3.8,3.6,4,10,10,8.3,3.8,3.69778,4.36889,3.69778,5.78837,10,10,9,5.15778
open_space,2.2,-6.3,0.315081,0,0,3,,,16.1,6.9,4.4,2.3,0.263889,6.9,6.1,2.3,2,2.1,4.4,10,10,8.104,6.28222,3.44667,2.05778,2.78,6.28125,10,10
open_space,10.8,-15.3,2.94051,0,0,3,,,14.5,8.2,10,4.4,0,8.2,4.5,4.4,5.3,8.9,10,10,10,8.94286,5.62444,4.59778,7.70667,9.1825,10,10,10
open_space,12.7,-5.8,3.5434,0,0,3,,,16.1,10,5.6,7.6,0,10,10,7.6,7,6.1,5.6,6.1,10,10,10,8.53478,7.18222,7.51778,5.74667,7.50882,10
open_space,15.9,-11.9,2.06922,1,1,3,0|1|1；0|0|0；0|0|0,0|0；-0.5|0.5；-0.5|-0.5,14.3,10,3.8,8.2,0,10,10,8.2,7.8,4,3.8,4.3,10,10,10,8.9,8.02667,5.23778,3.91778,6.1225,10
open_space,8.5,-2.7,5.51709,1,1,3,0|1|1；0|0|0；0|0|0,0|0；-0.5|0.5；-0.5|-0.5,13.5,10,8.3,2.5,0.180556,10,3.5,2.5,2.5,3.6,8.3,10,10,10,5.42903,2.78222,2.81333,6.45111,8.86176,10,10
open_space,18.6,-11.5,4.59397,0,0,3,,,11.1,1.8,10,1.1,0.380556,1.8,1.1,1.1,1.4,8.9,10,10,8.3,4.93556,1.31111,1.16889,2.78444,8.9,10,10,8.91071
open_space,12.4,-9.5,5.25395,0,0,3,,,17.3,7.6,10,7.3,0,7.6,7.3,8.5,9.3,10,10,10,10,8.48621,7.57556,9.41905,9.48649,10,10,10,10
open_space,17,-9.3,1.5963,0,0,3,,,12.7,3.9,2.7,10,0.133333,9.1,10,10,10,3.8,2.7,2.7,3.9,9.40833,10,10,10,5.7871,2.99556,3.04444,7.06889
open_space,6.4,-2.4,2.42132,1,1,3,0|1|1；0|0|0；0|0|0,0|0；-0.5|0.5；-0.5|-0.5,8.4,2.2,2.2,6.2,0.233333,3.3,6.2,9.4,10,10,3,2.2,2.2,5.39333,7.14889,9.7,10,10,4.93889,2.40444,2.52889
open_space,12.6,-4.5,1.25988,0,0,3,,,11.9,4.3,7.1,4.8,0,4.3,4.8,10,10,10,7.5,7.1,4.5,4.42222,6.52632,10,10,10,8.48148,7.31111,6
open_space,12.2,-11.1,4.70074,0,0,3,,,17.5,8.6,10,7.5,0,8.6,7.5,7.5,10,10,10,10,8.6,9.03437,8.30244,8.24419,10,10,10,10,9.07333
open_space,16,-4.8,0.378216,1,1,3,0|1|1；0|0|0；0|0|0,0|0；-0.5|0.5；-0.5|-0.5,8.7,3.7,4.1,4.6,0,4,4.6,4.9,10,10,10,4.1,3.7,4.92667,4.72,6.59524,10,10,10,5.85333,3.79556
open_space,0.5,-7,5.56755,1,1,3,0|1|0；0|0|1；0|0|0,0|0；-0.5|0；-1|0,9.5,10,0.3,4.8,0.475,10,9.1,4.8,0.4,0.3,0.3,0.4,10,10,9.51667,7.38222,0.904444,0.317778,0.333333,1.245,10
open_space,13.7,-1.7,2.2553,0,0,3,,,11.5,1.5,1.5,10,0.333333,1.9,10,10,9.7,6,2.4,1.5,1.5,3.70465,10,10,9.8,7.14667,4.68667,1.77556,1.60444
open_space,12.7,-18.4,1.7104,0,0,3,,,17.1,10,2.1,1.6,0.358333,10,10,1.6,1.3,1.3,2.1,7.1,10,10,10,3.25556,1.38222,1.56,4.91556,8.04211,10
open_space,17.1,-6.6,5.15494,1,1,3,0|1|1；0|0|0；0|0|0,0|0；-0.5|0.5；-0.5|-0.5,12.6,2.8,10,2.6,0.158333,2.8,2.6,2.9,6.4,7.1,10,10,6.2,3.80222,2.66667,4.18889,6.57556,8.24615,10,10,7.72
open_space,9.1,-4.5,2.8728,0,0,3,,,14.3,4.9,4.3,10,0,8.9,10,10,10,8.9,4.5,4.3,4.9,9.17727,10,10,10,9.375,5.82889,4.44222,7.23333
open_space,5.9,-10.9,2.09596,0,0,3,,,15.7,5.9,10,5.7,0,5.9,5.7,6.6,8.8,10,10,10,10,7.2825,5.89778,8.4775,9.08864,10,10,10,10
open_space,10.8,-11.8,0.627111,0,0,3,,,19,8.9,7.9,10,0,10,10,10,10,8,7.9,9,8.9,10,10,10,10,8.77241,8.34,9.49524,9.17568
open_space,4.5,-4.1,1.83864,1,1,3,0|1|1；0|0|0；0|0|0,0|0；-0.5|0.5；-0.5|-0.5,8.8,3.9,4.5,4.3,0,4,4.3,4.5,8.6,10,10,4.5,3.9,4.84667,4.45111,5.72667,9.22,10,10,6.2973,4.04
open_space,6.1,-2.2,0.164663,1,1,3,0|1|1；0|0|0；0|0|0,0|0；-0.5|0.5；-0.5|-0.5,12,2.5,10,2,0.266667,2.5,2,2,3.4,6,10,10,10,4.3907,2.10889,2.44222,5.38444,7.23556,10,10,10
open_space,3.8,-4.1,0.951798,1,1,3,0|1|1；0|0|0；0|0|0,0|0；-0.5|0.5；-0.5|-0.5,14,3.9,10,3.6,0,3.9,4,3.6,3.6,6.2,10,10,4.8,4.12444,4.52222,3.80889,4.42222,7.68,10,10,6.57419
open_space,16.1,-16.6,6.21821,0,0,3,,,7.9,3.6,3.1,4.8,0,3.6,4.8,10,10,4.8,3.1,3.1,3.6,3.90667,6.53571,10,10,6.63913,3.60889,3.36222,4.05556
open_space,16.1,-10.2,1.31415,0,0,3,,,13.6,4.2,3.6,10,0,10,10,10,9.9,7.3,3.7,3.6,4.2,10,10,10,9.95,9.3907,4.82,3.72222,5.9359
open_space,6.8,-5.2,6.02205,0,0,3,,,15.2,10,7.6,5,0,10,5.2,5,5.8,6.6,7.6,10,10,10,6.73111,5.17556,7.07333,6.82444,8.655,10,10
open_space,10.6,-2.3,6.06662,0,0,3,,,12.2,4,10,2.1,0.25,4,2.2,2.1,2.5,9.6,10,10,9.4,7.72444,2.71556,2.18222,4.18889,9.6,10,10,9.63333
open_space,9.7,-11.8,4.30104,1,1,3,0|1|1；0|0|0；0|0|0,0|0；-0.5|0.5；-0.5|-0.5,18,7.9,9.5,8.5,0,7.9,8.5,10,10,10,10,9.5,8.7,8.11111,9.12353,10,10,10,10,9.67895,9.27143
open_space,10.4,-14,6.10601,1,1,3,0|1|1；0|0|0；0|0|0,0|0；-0.5|0.5；-0.5|-0.5,15.7,6.9,5.7,10,0,9.3,10,10,10,10,5.8,5.7,6.9,9.47576,10,10,10,10,7.15556,5.99111,8.72121
open_space,12.4,-17.7,1.82684,1,1,3,0|1|1；0|0|0；0|0|0,0|0；-0.5|0.5；-0.5|-0.5,15.8,10,3.9,2.3,0.266667,10,8.3,2.3,2,2.1,3.9,7.5,10,10,8.96667,3.81778,2.06889,2.62667,6.63333,8.46552,10
open_space,11,-18.4,5.04399,1,1,3,0|1|1；0|0|0；0|0|0,0|0；-0.5|0.5；-0.5|-0.5,4.4,1.3,1.5,2.9,0.358333,1.4,2.9,9.2,10,10,4.1,1.5,1.3,1.82667,7.13556,9.575,10,10,5.96364,2.17333,1.33111
open_space,6,-6.6,5.47833,0,0,3,,,17.4,10,5.8,6.4,0,10,9.4,6.4,6.4,5.8,5.8,8,10,10,9.7,7.26889,7.07556,6.59556,6.41778,8.95,10
open_space,7.2,-4.4,2.70257,1,1,3,0|1|1；0|0|0；0|0|0,0|0；-0.5|0.5；-0.5|-0.5,11.6,4.5,4.2,7.4,0,7,7.4,10,10,10,4.7,4.2,4.5,7.2,8.45926,10,10,10,6.41,4.31111,5.94444
open_space,9.4,-2,5.24205,0,0,3,,,13.6,10,7,1.9,0.294444,10,3.6,1.9,1.8,2.1,7,10,10,10,5.71,2.40222,1.85778,3.32889,9.23846,10,10
open_space,10.2,-0.5,2.11602,0,0,3,,,1.4,0.3,0.3,1.1,0.472222,0.3,1.1,10,10,9.8,0.5,0.3,0.3,0.533333,5.26,10,10,9.92,4.35333,0.375556,0.3
open_space,16.9,-8.1,6.21323,0,0,3,,,8,2.8,4.3,3.7,0.102778,2.8,3.7,7.9,10,10,10,4.3,2.8,3.03333,6.18444,8.49535,10,10,10,6.332,3.26444
open_space,1.2,-15.7,4.16218,0,0,3,,,5.1,1,1,4.1,0.394444,1.9,4.1,7.6,10,4.4,1.2,1,1,3.46222,5.17556,8.66667,10,6.5875,1.96,1.03556,1.28222
open_space,8.1,-12.5,1.05577,0,0,3,,,19.2,10,7.5,7.9,0,10,9.2,7.9,8.2,7.2,7.5,10,10,10,9.55,8.18667,8.95946,7.45333,8.40345,10,10
open_space,17.2,-7.5,4.88859,0,0,3,,,12.5,3.1,10,2.5,0.180556,3.1,2.5,2.5,4.3,7.4,10,10,10,4.9425,2.63333,3.08889,6.73556,8.34118,10,10,10
open_space,8.8,-1.6,3.00959,0,0,3,,,11.4,1.8,1.4,10,0.344444,8.6,10,10,10,2.3,1.4,1.4,1.8,8.96154,10,10,10,4.24138,1.69333,1.48222,3.41111
open_space,17.4,-2.8,3.27668,0,0,3,,,12.6,4.3,2.6,2.9,0.375,10,10,2.9,2.3,2.3,2.6,2.6,4.3,10,10,4.80769,2.45111,2.74,2.77333,3.12222,6.22174
open_space,10.1,-4,5.10719,1,1,3,0|1|1；0|0|0；0|0|0,0|0；-0.5|0.5；-0.5|-0.5,19.6,10,9.9,4.1,0,10,9.6,4.1,3.8,4.1,9.9,10,10,10,9.74118,5.88,3.9,5.78667,9.9381,10,10
open_space,19.5,-13.4,4.55838,0,0,3,,,10.2,0.3,10,0.2,0.483333,0.3,0.2,0.2,0.2,1,10,10,6.4,2.16889,0.228889,0.2,0.4,2.125,10,10,7.5881
open_space,14.2,-10,0.724967,1,1,3,0|1|1；0|0|0；0|0|0,0|0；-0.5|0.5；-0.5|-0.5,15.3,5.5,5.5,9.8,0,7.3,9.8,10,10,9.7,8.4,5.5,5.5,8.976,9.85882,10,10,9.84545,9.58889,6.38444,5.98444
open_space,0.3,-6.8,3.89915,0,0,3,,,1.9,0.1,0.1,1.8,0.494444,0.1,1.8,10,9.8,6.6,0.1,0.1,0.1,0.244444,3.35,10,9.9,7.53111,0.728889,0.1,0.1
open_space,5.5,-6.1,1.29282,1,1,3,0|1|1；0|0|0；0|0|0,0|0；-0.5|0.5；-0.5|-0.5,15.5,5.9,10,5.3,0,5.9,5.5,5.3,6.1,10,10,10,6.2,6.09333,6.65333,5.47111,7.54333,10,10,10,7.51842
open_space,5.4,-12.1,3.57597,1,1,3,0|1|1；0|0|0；0|0|0,0|0；-0.5|0.5；-0.5|-0.5,13.2,5.2,5.6,7.6,0,5.7,7.6,8.4,10,10,10,5.6,5.2,7.48444,7.8,9.09412,10,10,10,7.04737,5.33778
open_space,8.9,-11,4.92553,0,0,3,,,18.9,8.7,8.7,10,0,8.9,10,10,10,10,8.7,8.9,8.7,9.35556,10,10,10,10,9.02619,9.35556,9.02619
open_space,12.7,-6.4,2.47703,0,0,3,,,16.2,6.2,6.2,10,0,10,10,10,9,7,7.1,6.2,6.2,10,10,10,9.42857,7.50667,7.99111,6.65333,7.38889
open_space,10.2,-1.4,4.38953,0,0,3,,,13.7,10,1.3,2.7,0.372222,10,10,2.7,1.3,1.2,1.3,3.7,10,10,10,7.53333,1.70222,1.22444,1.97778,7.79167,10
open_space,12.7,-0.7,0.900454,0,0,3,,,5.2,0.5,4.7,0.5,0.45,0.5,0.5,0.8,10,10,9,4.7,0.6,0.528889,0.58,1.925,10,10,9.47143,7.44444,1.30889
open_space,12.7,-3.1,4.33162,0,0,3,,,15.3,10,3.2,7,0.0583333,10,7.6,7,3.1,2.9,3.2,7.7,10,10,8.575,7.18667,4.43333,2.97111,4.46667,8.75,10
open_space,0.9,-2,5.51203,0,0,3,,,3.5,10,0.7,1.8,0.611111,10,2.5,1.8,1,0.7,0.7,1,10,10,4.44286,2.00667,1.54222,0.773333,0.78,2.3561,10
open_space,7.7,-9.9,5.80951,0,0,3,,,19.8,10,7.9,9.7,0,10,10,9.7,8.5,7.5,7.9,9.8,10,10,10,9.81613,9.15714,7.72889,8.7,9.876,10
open_space,1.2,-13.7,0.175682,0,0,3,,,12.2,10,1.7,1.2,0.391667,10,6.1,1.2,1,1,1.7,6.1,10,10,7.425,2.25111,1.04889,1.22444,4.20667,7.35682,10
open_space,9.4,-5.4,4.2221,0,0,3,,,19.2,9.6,5.4,10,0,10,10,10,5.9,5.2,5.4,9.2,9.6,10,10,10,7.39667,5.36667,6.95581,9.4075,9.78571
open_space,13.7,-7.9,5.69666,1,1,3,0|1|1；0|0|0；0|0|0,0|0；-0.5|0.5；-0.5|-0.5,16.1,6,10,6.1,0,6,6.1,7.7,7.9,10,10,10,7.3,6.29556,7.49333,8.08222,8.64828,10,10,10,8.37895
open_space,14.6,-9.1,0.795016,0,0,3,,,14,5.1,5.1,8.9,0,7.3,8.9,10,10,10,7.2,5.1,5.1,8.9907,9.275,10,10,10,8.44,5.70889,5.71333
open_space,17.6,-16.7,0.719856,0,0,3,,,12.1,2.1,2.1,10,0.25,2.8,10,10,4.6,3,3,2.1,2.1,4.65676,10,10,6.5625,3.48667,3.20444,2.43778,2.27556
open_space,8.5,-17.2,0.600805,0,0,3,,,13,10,2.5,8.5,0.177778,10,10,8.5,4.5,2.6,2.5,3,10,10,10,9.06957,7.48222,3.15333,2.61556,4.93571,10
open_space,0.5,-9.6,4.36552,0,0,3,,,10.3,0.3,0.3,10,0.472222,0.8,10,10,10,0.7,0.3,0.3,0.3,2.08421,10,10,10,5.57556,0.413333,0.3,0.453333
open_space,15.2,-8.5,2.64548,0,0,3,,,18.3,8.7,4.7,10,0,10,10,10,5.2,4.5,4.7,8.3,8.7,10,10,10,6.86571,4.64667,6.11111,8.57778,9.21667
open_space,8.6,-1.5,6.09626,0,0,3,,,11.3,2.3,10,1.3,0.358333,2.3,1.3,1.3,1.6,6.8,10,10,10,4.37778,1.63333,1.35556,2.74444,8.74,10,10,10
open_space,14.3,-12.4,4.86337,0,0,3,,,14.6,6.8,9.2,5.4,0,6.8,5.4,5.5,9.1,10,10,9.2,7.3,7.90222,5.73556,6.56222,9.54,10,10,9.58571,7.75333
open_space,1.5,-1.6,4.66989,0,0,3,,,11.3,1.7,1.3,2.1,0.6,10,10,2.1,1.4,1.4,1.3,1.3,1.7,10,10,3.91471,1.60222,1.53111,1.48444,1.41778,3.53659
open_space,17,-8.7,3.61832,0,0,3,,,15.6,10,8.5,2.8,0.133333,10,6,2.8,2.7,3,8.5,9.6,10,10,7.5,3.79333,2.77556,4.59556,8.75111,9.76667,10
open_space,11.1,-8.2,5.89586,1,1,3,0|1|1；0|0|0；0|0|0,0|0；-0.5|0.5；-0.5|-0.5,18.7,8.6,10,8,0,8.6,8.7,8,8.7,10,10,10,9.4,8.82889,9.42083,8.21111,9.25333,10,10,10,9.67778
open_space,6.4,-19.3,4.53119,0,0,3,,,1.2,0.4,0.7,0.5,0.461111,0.4,0.5,2,10,10,6.3,0.7,0.4,0.411111,0.82,3.95556,10,10,7.5439,3.04889,0.486667
open_space,11.1,-8.6,1.27448,0,0,3,,,18.1,8.4,8.6,9.5,0,8.4,9.5,10,10,10,9,8.6,8.8,8.65778,9.75,10,10,10,9.46429,8.86,9.445
open_space,9.9,-15.8,5.16114,1,1,3,0|1|1；0|0|0；0|0|0,0|0；-0.5|0.5；-0.5|-0.5,14,3.9,4.2,9.8,0,4.3,9.8,10,10,10,9.3,4.2,3.9,6.08095,9.87692,10,10,10,9.79091,5.66444,4.00444
open_space,16.7,-0.8,5.08219,0,0,3,,,11.6,3.3,1.4,0.7,0.438889,3.3,1.6,0.7,0.6,0.6,1.4,10,8.6,4.78444,2.86,0.937778,0.602222,0.866667,3.0619,10,9.275
open_space,14.2,-10.2,3.07064,0,0,3,,,19.5,10,7.3,8.5,0,10,9.5,8.5,5.5,5.5,7.3,10,10,10,9.74,9.52903,6.43333,5.96667,8.53889,10,10
open_space,15.1,-13.4,3.91932,0,0,3,,,16.3,6.3,10,4.6,0,6.3,6.3,4.6,4.6,6.4,10,10,9.1,7.12,6.81556,5.18667,5.11333,7.87368,10,10,9.5
open_space,15.2,-1.9,4.61722,1,1,3,0|1|1；0|0|0；0|0|0,0|0；-0.5|0.5；-0.5|-0.5,14.5,7.2,2.2,2.7,0.305556,7.2,4.5,2.7,1.7,1.7,2.2,10,10,8.43846,5.33333,4.12222,2.00667,1.82222,3.96829,10,10
open_space,5,-1.7,1.01712,0,0,3,,,8.4,1.5,6.9,1.5,0.333333,1.5,1.5,2.8,4.9,9.1,10,6.9,1.8,1.55556,1.92667,4.44667,6.20222,9.475,10,7.9,2.98889
open_space,4.4,-13.7,1.18522,0,0,3,,,14.6,10,6.5,4.2,0,10,4.6,4.2,4.6,6,6.5,10,10,10,6.27442,4.30667,5.90444,6.15556,7.80645,10,10
open_space,16.7,-4.1,1.93967,1,1,3,0|1|1；0|0|0；0|0|0,0|0；-0.5|0.5；-0.5|-0.5,12.8,3.9,3,9.6,0,4.2,9.6,10,8.6,3.3,3,3.2,3.9,5.75778,9.8,10,9.03333,4.79778,3.07778,4.04667,4.00222
open_space,16.5,-3.4,1.96955,1,1,3,0|1|1；0|0|0；0|0|0,0|0；-0.5|0.5；-0.5|-0.5,11.9,3.2,3.2,8.4,0,3.5,8.4,10,8.5,3.5,3.2,3.5,3.2,4.89111,9.025,10,9.125,4.93333,3.28,3.88889,3.28
open_space,11.3,-12.3,2.68474,1,1,3,0|1|1；0|0|0；0|0|0,0|0；-0.5|0.5；-0.5|-0.5,18.3,10,8.9,7.4,0,10,8.3,7.4,7.8,8.4,8.9,10,10,10,9.04375,7.61556,8.90323,8.64444,9.37333,10,10
open_space,10,-3.1,1.88089,1,1,3,0|1|1；0|0|0；0|0|0,0|0；-0.5|0.5；-0.5|-0.5,9.6,2.9,3.3,6.3,0.0583333,3,6.3,10,10,10,9.7,3.3,2.9,4.02222,9.24324,10,10,10,9.80968,5.05778,2.98889
open_space,9.6,-0.5,0.328255,0,0,3,,,10.3,0.3,10,0.3,0.472222,0.3,0.3,0.3,0.6,9.9,10,10,0.9,0.475556,0.3,0.4,5.14667,9.95,10,10,2.27059
open_space,9.3,-3,3.27226,1,1,3,0|1|1；0|0|0；0|0|0,0|0；-0.5|0.5；-0.5|-0.5,12.8,4.6,2.8,10,0.102778,9.2,10,10,10,3.6,2.8,2.8,4.6,9.50556,10,10,10,5.49722,2.98889,3.34889,7.84889
open_space,15.2,-1.4,4.64366,1,1,3,0|1|1；0|0|0；0|0|0,0|0；-0.5|0.5；-0.5|-0.5,14.5,7,1.6,1.8,0.369444,7,4.5,1.8,1.2,1.2,1.6,10,10,8.20714,5.24667,3.50222,1.39111,1.29778,3.27442,10,10
open_space,16.4,-7.4,0.0247284,1,1,3,0|1|1；0|0|0；0|0|0,0|0；-0.5|0.5；-0.5|-0.5,9.4,3.3,4.6,4.8,0,3.3,4.8,7.2,10,10,10,4.6,3.3,3.72222,6.79111,8.03488,10,10,10,6.5,3.67111
open_space,9,-16.5,4.08149,1,1,3,0|1|1；0|0|0；0|0|0,0|0；-0.5|0.5；-0.5|-0.5,12,3.2,8.8,3.2,0,3.2,3.2,5.4,10,10,10,8.8,4,3.39778,3.89111,7.08889,10,10,10,9.10811,6.59333
open_space,1.9,-18.7,4.35088,0,0,3,,,2.8,1,1.7,1.1,0.6,1,1.1,2.7,10,4.2,1.8,1.7,1.1,1.02,1.56,4.86875,10,6.11429,2.52667,1.73778,1.44222
open_space,0.7,-12.5,4.55347,0,0,3,,,9.4,0.6,0.5,8.9,0.45,2.9,8.9,10,10,0.8,0.5,0.5,0.6,7.20667,9.4,10,10,2.17576,0.604444,0.522222,1.08889
open_space,4.1,-5.6,3.01656,1,1,3,0|1|1；0|0|0；0|0|0,0|0；-0.5|0.5；-0.5|-0.5,10.3,3.9,5.4,4.9,0,3.9,4.9,10,10,9,5.5,5.4,3.9,4.15111,6.7,10,10,9.44,6.53333,5.74444,4.70667
open_space,15.4,-0.9,5.16776,1,1,3,0|1|1；0|0|0；0|0|0,0|0；-0.5|0.5；-0.5|-0.5,11.6,4.6,2.1,0.7,0.427778,4.6,1.6,0.7,0.7,0.8,2.1,10,10,6.20444,3.64222,0.993333,0.708889,1.13111,4.125,10,10
open_space,7.7,-19,2.58629,0,0,3,,,10.8,3.1,10,0.7,0.427778,3.1,0.8,0.7,0.7,1.3,10,10,8.9,7.30667,1.37333,0.724444,0.886667,3.0069,10,10,9.43
open_space,19.4,-3.9,2.69416,0,0,3,,,10.6,3.9,0.3,0.8,0.472222,8.5,10,0.8,0.3,0.3,0.3,0.6,3.9,9.18,10,1.98824,0.471111,0.3,0.404444,2.52889,5.27556
open_space,15,-18,1.15331,0,0,3,,,14.1,5,1.8,4.9,0.308333,10,10,4.9,1.9,1.7,1.8,4.1,5,10,10,6.69091,2.71111,1.74,2.49556,4.76,6.66905
open_space,7.3,-15.9,0.463785,0,0,3,,,14.2,10,3.8,7.5,0,10,10,7.5,7.1,4,3.8,4.2,10,10,10,8.48462,7.29778,5.41111,3.90667,6.03571,10
open_space,2,-19.3,2.8126,0,0,3,,,4.6,0.9,4.2,0.4,0.627778,0.9,0.4,0.4,0.4,1.1,10,4.2,1.9,1.62667,0.551111,0.4,0.635556,2.54118,10,6.2625,2.57778
open_space,9.8,-7.5,3.29344,1,1,3,0|1|1；0|0|0；0|0|0,0|0；-0.5|0.5；-0.5|-0.5,17.4,9.6,7.3,10,0,9.7,10,10,9.9,9.2,7.3,7.4,9.6,9.84444,10,10,9.93333,9.67778,7.74889,8.29429,9.704
open_space,18.5,-8.5,4.88008,1,1,3,0|1|1；0|0|0；0|0|0,0|0；-0.5|0.5；-0.5|-0.5,11.2,1.5,10,1.2,0.372222,1.5,1.2,1.2,2,8.4,10,10,7.7,2.76889,1.26222,1.46444,5.43778,9.016,10,10,8.8
open_space,12.7,-8.5,2.18133,1,1,3,0|1|1；0|0|0；0|0|0,0|0；-0.5|0.5；-0.5|-0.5,18.5,8.3,7,10,0,10,10,10,10,7.1,7,8.5,8.3,10,10,10,10,8.12286,7.36,9.1,8.73111
open_space,9.1,-9.7,3.75883,0,0,3,,,19.1,8.9,9.1,10,0,10,10,10,10,9.7,9.5,9.1,8.9,10,10,10,10,9.83333,9.63103,9.46667,9.17895
open_space,16.9,-10,2.73962,0,0,3,,,17.1,10,3,7.7,0.102778,10,10,7.7,3.1,2.8,3,7.1,10,10,10,9.65135,4.38889,2.87111,4.19111,9.51515,10
open_space,12.1,-16.3,4.36649,0,0,3,,,12,3.4,8.2,3.8,0,3.4,3.8,7.6,8.4,10,10,8.2,3.6,3.48667,5.42667,7.80444,9.08125,10,10,8.96,4.98
open_space,6.5,-3.1,2.14145,1,1,3,0|1|1；0|0|0；0|0|0,0|0；-0.5|0.5；-0.5|-0.5,9.3,2.9,3,6.3,0.0583333,3.4,6.3,7.5,10,10,5.5,3,2.9,5.16222,6.56444,8.52105,10,10,7.2625,3.74222,3.02
open_space,5.9,-18.3,3.54504,0,0,3,,,7.6,1.5,6.2,1.4,0.347222,1.5,1.4,1.5,3.7,10,10,6.2,3.6,2.12667,1.43111,2.13556,5.82,10,10,7.54848,5.54444
open_space,18.7,-8.9,4.49513,0,0,3,,,11,1.9,10,1,0.394444,1.9,1,1,1.2,4.5,10,10,10,3.82222,1.28222,1.03556,1.96222,8.57442,10,10,10
open_space,8,-8.2,5.98494,1,1,3,0|1|1；0|0|0；0|0|0,0|0；-0.5|0.5；-0.5|-0.5,18.4,10,8.8,8,0,10,8.4,8,8.2,7.8,8.8,10,10,10,9.085,8.24444,9.12187,8.03556,9.36667,10,10
open_space,3.2,-12.9,5.24097,0,0,3,,,13.5,6.8,3,10,0,7.9,10,10,6.1,3.1,3,3.5,6.8,8.77778,10,10,7.72308,4.01111,3.10222,5.22444,7.03778
open_space,12.5,-18.2,0.929,0,0,3,,,12.5,7.3,1.5,10,0.333333,10,10,10,1.9,1.5,1.5,2.5,7.3,10,10,10,3.57955,1.59111,1.80222,5.35333,8.23784
open_space,13.8,-8,0.408837,0,0,3,,,14.2,5.9,6.4,7.8,0,6.4,7.8,8.5,10,10,10,6.4,5.9,8.10444,8.00667,9.125,10,10,10,7.70937,6.05333
open_space,15.3,-0.8,0.670763,0,0,3,,,5,0.6,4.4,0.6,0.438889,0.6,0.6,0.8,4.9,10,7.2,4.4,1,0.708889,0.631111,1.49778,6.625,10,8.36667,5.28667,2.61778
open_space,18.7,-5.5,4.77014,0,0,3,,,11,1.3,7.9,1,0.394444,1.3,1,1,1.5,5.3,7.9,10,10,2.85952,1.09111,1.14222,3.34444,6.08667,8.88182,10,10
open_space,13.4,-18.9,5.5709,1,1,3,0|1|1；0|0|0；0|0|0,0|0；-0.5|0.5；-0.5|-0.5,7.1,0.8,0.8,6.3,0.416667,1.2,6.3,9.6,10,10,1.1,0.8,0.8,3.27333,7.29778,9.8,10,10,2.38864,0.864444,0.915556
open_space,15.6,-3.3,3.56001,1,1,3,0|1|1；0|0|0；0|0|0,0|0；-0.5|0.5；-0.5|-0.5,13.4,8.6,3.1,4.4,0,10,10,4.4,4.1,3.3,3.1,3.4,8.6,10,10,6.16889,4.20667,4.22,3.17778,4.85556,9.225
open_space,8.4,-13.7,3.79369,0,0,3,,,14.3,6.1,8.3,6,0,6.1,6,7.5,10,10,10,8.3,8.2,7.29778,6.37333,8.61176,10,10,10,8.92222,8.68182
open_space,12.6,-15.2,1.99127,0,0,3,,,17.8,10,7.1,4.8,0,10,10,4.8,4.5,4.9,7.1,7.8,10,10,10,6.48095,4.62,6.58444,7.29111,8.72727,10
open_space,0.3,-15.9,4.02568,0,0,3,,,3.9,0.1,0.1,3.8,0.494444,0.1,3.8,6,10,0.7,0.1,0.1,0.1,0.793333,4.46222,7.57222,10,1.76,0.191111,0.1,0.1
open_space,17.5,-11.2,4.30546,1,1,3,0|1|1；0|0|0；0|0|0,0|0；-0.5|0.5；-0.5|-0.5,12.4,6.1,10,2.2,0.233333,6.1,2.4,2.2,2.4,5.5,10,10,9.3,8.46,3.46444,2.25333,3.27778,7.10909,10,10,9.64444
open_space,11.8,-11.6,0.0235135,0,0,3,,,18.1,7.9,8.1,10,0,7.9,10,10,10,10,8.1,8.1,7.9,8.55405,10,10,10,10,8.67838,8.73333,8.54103
open_space,4.6,-16.5,2.2868,0,0,3,,,14.4,4.4,10,3.2,0,4.4,4.4,3.2,3.2,4.2,10,10,6.8,5.13111,4.73111,3.73111,3.46889,6.11935,10,10,8.16
open_space,1,-11.4,1.99598,1,1,3,0|1|1；0|0|0；0|0|0,0|0；-0.5|0.5；-0.5|-0.5,10.8,0.9,10,0.8,0.416667,0.9,0.8,0.9,2.2,9.1,10,10,1.9,1.17778,0.808889,1.24222,6.85333,9.52727,10,10,3.99
open_space,16.2,-7.5,0.0996436,0,0,3,,,10.1,3.5,4.6,5.5,0,3.5,5.5,7.3,10,10,10,4.6,3.5,4.11556,7.19778,8.21842,10,10,10,6.41333,3.77556
open_space,2.4,-8.2,4.52655,0,0,3,,,12.2,2.7,2.2,10,0.233333,10,10,10,8.2,4,2.2,2.2,2.7,10,10,10,8.86538,7.00889,2.77111,2.3,4.56364
open_space,13.1,-11,6.00399,1,1,3,0|1|1；0|0|0；0|0|0,0|0；-0.5|0.5；-0.5|-0.5,16.2,6.6,8.7,7.5,0,6.6,7.5,10,10,10,9.1,8.7,6.9,6.81111,8.59524,10,10,10,9.50714,8.98,8.18
open_space,6.3,-6.9,4.98686,0,0,3,,,16.3,10,6.1,7.8,0,10,10,7.8,6.7,7,6.1,6.3,10,10,10,8.73158,6.93556,7.81111,6.31556,7.63947,10
open_space,6.4,-18.4,4.80854,1,1,3,0|1|1；0|0|0；0|0|0,0|0；-0.5|0.5；-0.5|-0.5,3.7,1.3,1.7,2,0.355556,1.3,2,10,10,8.1,6.2,1.7,1.3,1.51333,3.92424,10,10,8.95,6.70444,3.39111,1.39778
open_space,1.5,-5.9,1.4491,0,0,3,,,10.7,2.1,9.4,1.3,0.358333,2.1,1.3,1.3,1.6,10,10,9.4,5.8,4.36667,1.56,1.38222,3.26667,10,10,9.66667,6.86889
open_space,0.5,-9.7,4.26847,0,0,3,,,10.3,0.3,0.3,10,0.472222,0.6,10,10,10,0.8,0.3,0.3,0.3,3.70312,10,10,10,6.18684,0.468889,0.3,0.406667
open_space,16.1,-9.9,2.57416,0,0,3,,,16.7,9.9,3.7,9.8,0,10,10,9.8,4.3,3.6,3.7,6.7,9.9,10,10,9.872,6.22703,3.76222,4.59778,9.23333,9.96667
open_space,7.5,-19.6,4.6731,0,0,3,,,0.2,0.1,0.1,0.1,0.494444,0.1,0.1,1.3,10,10,7.3,0.1,0.1,0.1,0.226667,1.8,10,10,8.17561,0.84,0.1
open_space,11.4,-10,2.18474,1,1,3,0|1|1；0|0|0；0|0|0,0|0；-0.5|0.5；-0.5|-0.5,20,9.8,8.3,9.9,0,10,10,9.9,9.7,8.4,8.3,10,9.8,10,10,9.94,9.79231,9.0625,8.73333,10,9.86522
open_space,8.2,-16.9,4.98057,0,0,3,,,8.8,2.8,3.2,5.6,0.102778,2.9,5.6,10,10,9.3,8,3.2,2.8,3.72667,7.27143,10,10,9.61429,8.28889,5.14,2.9
open_space,1,-15.8,0.137416,1,1,3,0|1|1；0|0|0；0|0|0,0|0；-0.5|0.5；-0.5|-0.5,10.2,6.4,1.3,1,0.416667,10,6.3,1,0.8,0.8,1.3,3.9,6.4,10,7.53333,1.99333,0.846667,0.951111,2.83111,4.69556,7.88
open_space,1.5,-19.1,1.59625,1,1,3,0|1|1；0|0|0；0|0|0,0|0；-0.5|0.5；-0.5|-0.5,11.3,1.8,0.8,0.8,0.647222,1.8,1.3,0.8,0.6,0.6,0.8,10,10,3.61795,1.43556,1.18889,0.657778,0.666667,2.14146,10,10
open_space,7.9,-10.7,5.18874,0,0,3,,,18.7,9,7.7,10,0,10,10,10,10,8.1,7.7,8.7,9,10,10,10,10,8.9,7.92889,9.42381,9.26222
open_space,19.2,-9,3.38979,0,0,3,,,11.1,10,0.9,0.6,0.45,10,2,0.6,0.5,0.5,0.9,9.1,10,10,3.85455,0.935556,0.511111,0.637778,4.68667,9.47333,10
open_space,5.4,-4.1,0.209912,1,1,3,0|1|1；0|0|0；0|0|0,0|0；-0.5|0.5；-0.5|-0.5,13.9,4.7,9.5,3.9,0,4.7,3.9,4,5.2,5.3,9.5,10,10,6.48529,4.08,4.91778,5.44667,6.6,9.65,10,10
open_space,11.7,-10.9,4.87416,0,0,3,,,18,8.8,10,8,0,8.9,8,8.1,10,10,10,10,8.8,9.37619,8.47778,8.84138,10,10,10,10,9.11579
open_space,12.9,-13.9,3.34348,0,0,3,,,15.8,7,10,5.8,0,7,5.8,5.9,6.8,6.9,10,10,10,8.2381,6.08444,7.16444,7.13778,7.99444,10,10,10
open_space,19.3,-2.6,2.10108,1,1,3,0|1|0；0|0|1；0|0|0,0|0；-0.5|0；-1|0,9.9,1.4,0.4,9.4,0.580556,2.8,9.4,10,0.8,0.4,0.4,0.5,1.4,4.45556,9.7,10,2.05,0.515556,0.402222,0.711111,2.38444
open_space,0.5,-4.7,6.26875,1,1,3,0|1|0；0|0|1；0|0|0,0|0；-0.5|0；-1|0,14.5,6.6,0.4,0.4,0.472222,6.6,4.5,0.4,0.3,0.3,0.4,10,10,7.92941,5.09556,1.34444,0.328889,0.322222,1.19333,10,10
open_space,13.2,-18.7,1.08152,0,0,3,,,12.1,6.8,1,3.5,0.391667,10,10,3.5,1.1,1,1,2.1,6.8,10,10,5.51818,1.75778,1.02222,1.35111,5.15111,7.94545
open_space,13.8,-10.2,1.92884,1,1,3,0|1|1；0|0|0；0|0|0,0|0；-0.5|0.5；-0.5|-0.5,16.3,10,5.9,10,0,10,10,10,9.5,6.5,5.9,6.3,10,10,10,10,9.67895,7.82069,6.06444,7.61765,10
open_space,12.8,-17.2,2.8433,0,0,3,,,12.6,5.5,7.8,2.5,0.180556,5.5,2.6,2.5,2.8,6.9,7.8,10,10,7.14615,3.48,2.57333,4.29778,7.10889,8.70526,10,10
open_space,15.9,-10.4,4.34975,0,0,3,,,14.1,9.3,10,3.8,0,9.3,4.1,3.8,4.2,10,10,10,10,9.53333,5.68444,3.89556,5.90682,10,10,10,10
open_space,19.2,-9.4,3.46425,0,0,3,,,11.2,10,1.1,0.6,0.45,10,1.5,0.6,0.5,0.5,1.1,9.7,10,10,3.12667,0.828889,0.502222,0.682222,5.64222,9.86667,10
open_space,3.6,-15.8,0.205398,0,0,3,,,14,7.1,3.9,4.1,0,10,10,4.1,3.4,3.5,3.9,4,7.1,10,10,6.0027,3.56222,4.18222,4.08889,4.93333,8.3
open_space,5.9,-18.8,1.41065,1,1,3,0|1|1；0|0|0；0|0|0,0|0；-0.5|0.5；-0.5|-0.5,11.2,9.9,1.1,1.5,0.405556,9.9,5.8,1.5,0.9,0.9,1.1,5.4,10,9.9,7.06444,3.91556,1.10222,0.944444,2.00444,7.16,10
open_space,19.1,-12.4,4.87409,1,1,3,0|1|1；0|0|0；0|0|0,0|0；-0.5|0.5；-0.5|-0.5,9.7,0.7,9.1,0.6,0.438889,0.7,0.6,0.6,1,10,10,9.1,3.9,1.37111,0.628889,0.72,2.39091,10,10,9.48571,7.52
open_space,16.4,-3.7,4.34845,0,0,3,,,13.3,8.3,3.8,3.3,0,8.3,3.6,3.3,3.6,3.5,3.8,9.7,10,9.12,4.94222,3.38444,4.13111,3.58889,5.50889,9.7,10
open_space,5.3,-3.4,1.85961,0,0,3,,,8.8,3.2,3.7,5.1,0,3.3,5.1,5.3,10,10,10,3.7,3.2,4.31556,5.26667,6.85227,10,10,10,5.55581,3.30444
open_space,11.3,-19,2.46629,0,0,3,,,10.9,7.1,8.5,0.7,0.427778,7.1,0.9,0.7,0.7,1.1,8.5,10,10,7.9,1.9,0.746667,0.815556,3.78889,9.03571,10,10
open_space,5.7,-7.6,6.09662,1,1,3,0|1|1；0|0|0；0|0|0,0|0；-0.5|0.5；-0.5|-0.5,17.6,10,6.6,7.4,0,10,7.6,7.4,5.6,5.5,6.6,10,10,10,8.48437,7.75778,6.91778,5.76667,7.96087,10,10
open_space,16.8,-8.9,5.7199,1,1,3,0|1|1；0|0|0；0|0|0,0|0；-0.5|0.5；-0.5|-0.5,13,2.9,10,3,0.0583333,2.9,3,5.4,8.9,10,10,10,3.5,3.02889,3.71778,8.18444,9.37778,10,10,10,5.39268
open_space,0.8,-1.5,5.21266,1,1,3,0|1|1；0|0|0；0|0|0,0|0；-0.5|0.5；-0.5|-0.5,3.4,2,0.6,1.4,0.65,10,2.7,1.4,1.2,0.6,0.6,0.7,2,10,4.77619,1.77778,1.32,0.808889,0.611111,1.02889,4.05
open_space,8.3,-3.1,1.08924,1,1,3,0|1|1；0|0|0；0|0|0,0|0；-0.5|0.5；-0.5|-0.5,13,2.9,10,3,0.0611111,2.9,3,6.2,8.5,10,10,10,3.3,2.98667,3.98667,8.03778,9.1,10,10,10,5.11111
open_space,3.2,-17.1,5.05558,0,0,3,,,8.9,2.6,2.9,6,0.158333,2.8,6,10,9.3,3.3,3,2.9,2.6,3.73333,7.58182,10,9.55,4.97556,3.08,3.39556,2.66889
open_space,3.9,-12.9,2.90211,1,1,3,0|1|1；0|0|0；0|0|0,0|0；-0.5|0.5；-0.5|-0.5,11.6,3.7,7.3,4.3,0,3.7,4.3,6.8,7.9,10,10,7.3,3.8,3.84,6.09778,7.05778,8.82941,10,10,8.37778,4.88
open_space,1.8,-7.9,4.61337,1,1,3,0|1|1；0|0|0；0|0|0,0|0；-0.5|0.5；-0.5|-0.5,11.6,2.1,1.6,10,0.322222,10,10,10,7.8,2.5,1.6,1.6,2.1,10,10,10,8.54412,5.53556,1.89556,1.71111,3.82857
open_space,3.3,-19,2.32211,0,0,3,,,11,3.1,10,0.7,0.430556,3.1,1,0.7,0.7,0.9,10,10,4.6,3.54444,2.11333,0.793333,0.762222,2.31818,10,10,6.512
open_space,19.4,-14.3,4.95918,0,0,3,,,6.6,0.3,6.3,0.3,0.472222,0.3,0.3,0.3,0.5,10,10,6.3,1.1,0.544444,0.3,0.371111,1.56,10,10,7.71538,4.81111
open_space,8.9,-17.2,1.83211,1,1,3,0|1|1；0|0|0；0|0|0,0|0；-0.5|0.5；-0.5|-0.5,18.7,10,4.9,2.9,0.180556,10,8.7,2.9,2.5,2.6,4.9,10,10,10,9.02222,4.72667,2.59111,3.30222,6.725,10,10
open_space,12.8,-9.9,2.41523,0,0,3,,,19.7,9.7,6.9,9.8,0,10,10,9.8,9.4,6.9,6.9,9.7,9.7,10,10,9.8625,9.82667,7.56889,7.89091,9.78889,9.83333
open_space,4.2,-11.6,0.297404,0,0,3,,,18.5,10,8.1,4.6,0,10,10,4.6,4,4.2,8.1,8.5,10,10,10,6.3,4.12444,5.47556,8.34,9.12,10
open_space,9.1,-18.4,0.646271,0,0,3,,,11.6,9.1,1.3,9,0.358333,10,10,9,2.2,1.3,1.3,1.6,9.1,10,10,9.41053,5.76444,1.57778,1.37556,3.1,9.1
open_space,7.6,-0.8,4.05945,0,0,3,,,11,7.5,0.6,4.8,0.438889,10,10,4.8,0.8,0.6,0.6,1,7.5,10,10,6.55,1.49778,0.631111,0.708889,3.46,8.37222
open_space,10.2,-2.7,4.76944,1,1,3,0|1|1；0|0|0；0|0|0,0|0；-0.5|0.5；-0.5|-0.5,19.5,10,3.7,3.4,0.180556,10,9.5,3.4,2.5,2.5,3.7,10,10,10,9.65455,6.44,2.73778,2.86667,6.75676,10,10
open_space,13.7,-5.1,5.20153,1,1,3,0|1|1；0|0|0；0|0|0,0|0；-0.5|0.5；-0.5|-0.5,16,6.3,10,5.1,0,6.3,6,5.1,4.9,5.5,10,10,10,7.61389,6.18222,6.36444,5.04444,7.08485,10,10,10
open_space,4.2,-18.5,3.63521,0,0,3,,,5.4,1.3,4.2,1.2,0.369444,1.3,1.2,1.4,4,10,8.7,4.2,2.6,1.64667,1.22667,2.07333,6.18182,10,9.34,5.53778,3.83111
open_space,4.5,-5,0.477502,0,0,3,,,14.8,5.1,10,4.5,0,5.1,4.8,4.5,4.3,4.8,10,10,10,6.60233,4.94444,5.43333,4.42444,6.53947,10,10,10
open_space,18.8,-19.3,4.89883,0,0,3,,,1.2,0.4,0.5,0.7,0.683333,0.4,0.7,0.9,1.6,10,2.1,0.5,0.4,0.482222,0.877778,1.10889,3.30667,10,3.9,0.835556,0.413333
open_space,16.4,-5,5.28763,1,1,3,0|1|1；0|0|0；0|0|0,0|0；-0.5|0.5；-0.5|-0.5,13.3,3.4,10,3.3,0,3.4,3.3,3.9,4.8,5.7,10,10,6.2,4.24,3.44,4.95556,5.00222,7.26207,10,10,7.64615
open_space,15.2,-11.5,4.8033,1,1,3,0|1|1；0|0|0；0|0|0,0|0；-0.5|0.5；-0.5|-0.5,14.5,5.9,10,4.5,0,5.9,4.5,4.5,7,10,10,10,8.2,7.98667,4.87556,5.27111,8.27857,10,10,10,8.7
open_space,14.2,-12,4.18484,0,0,3,,,16.4,7.7,10,5.5,0,7.7,6.4,5.5,5.7,10,10,10,9,7.99333,8.05333,5.70889,7.12558,10,10,10,9.43333
open_space,17.7,-16.9,4.34742,0,0,3,,,9.3,2.8,7.1,2,0.366667,2.8,2.2,2,2.2,5.5,10,7.1,3,2.87111,2.77333,2.04889,3.13778,7.19,10,8.3875,4.19111
open_space,3.6,-19.3,0.868165,0,0,3,,,5.1,10,0.4,3.4,0.461111,10,4.5,3.4,0.5,0.4,0.4,0.6,10,10,6.41,3.69556,1.14222,0.426667,0.453333,1.68205,10
open_space,18.1,-14.5,0.698165,0,0,3,,,11.6,1.6,1.6,10,0.319444,2.1,10,10,8.2,5.2,2.5,1.6,1.6,3.96667,10,10,9.06667,6.13778,4.38889,1.87778,1.71778
open_space,9.8,-3.1,3.47186,1,1,3,0|1|1；0|0|0；0|0|0,0|0；-0.5|0.5；-0.5|-0.5,13.1,6.5,2.9,10,0.0583333,10,10,10,9.3,3.3,2.9,3.1,6.5,10,10,10,9.90909,4.90444,2.97778,4.09778,9.32955
open_space,0.4,-2.5,3.7322,0,0,3,,,1,0.2,0.2,0.8,0.6,0.2,0.8,10,4.2,2.4,0.3,0.2,0.2,0.366667,2.23636,10,6.105,2.92,1.24,0.233333,0.2
open_space,0.7,-7.9,5.08426,1,1,3,0|1|1；0|0|0；0|0|0,0|0；-0.5|0.5；-0.5|-0.5,10.5,1.2,0.5,8.5,0.45,10,10,8.5,1.3,0.5,0.5,0.5,1.2,10,10,9.14375,5.91556,0.771111,0.5,0.72,2.86818
open_space,0.5,-18.4,1.34076,0,0,3,,,5.8,0.5,1.5,0.3,0.663889,0.5,0.3,0.3,0.3,1.1,1.5,5.5,10,1.56667,0.371111,0.3,0.544444,1.33778,2.51111,6.96667,10
open_space,4.4,-9.1,3.45828,0,0,3,,,13.9,4.2,4.7,9.2,0,4.4,9.2,10,10,10,8.9,4.7,4.2,5.86,9.56667,10,10,10,9.17333,6.93333,4.32667
open_space,17.5,-12.5,1.98042,0,0,3,,,12.4,5.9,2.2,7.8,0.233333,10,10,7.8,5.7,2.4,2.2,2.4,5.9,10,10,8.67273,7.21333,3.33333,2.25333,3.40222,7.61
open_space,14.3,-1.4,5.40455,0,0,3,,,11.9,5.4,10,1.2,0.369444,5.4,1.9,1.2,1.2,1.5,10,10,8.6,6.39778,3.96,1.41111,1.28444,3.15,10,10,9.25714
open_space,15.4,-16.9,4.41269,0,0,3,,,9.3,2.8,6.1,3.2,0.102778,2.8,3.2,4.3,4.9,10,10,6.1,2.9,2.88,4.17778,4.42889,6.61316,10,10,7.6,3.90222
open_space,9.3,-12.4,3.46603,1,1,3,0|1|1；0|0|0；0|0|0,0|0；-0.5|0.5；-0.5|-0.5,17.3,8.2,10,7.3,0,8.2,7.3,7.7,10,10,10,10,9.1,9.2375,7.51333,8.596,10,10,10,10,9.33488
open_space,12.9,-14.7,2.81224,0,0,3,,,15.3,10,7.6,5,0,10,5.3,5,5.6,6.8,7.6,10,10,10,6.86585,5.14,7.04889,6.98667,8.57727,10,10
open_space,8.5,-0.6,3.49131,1,1,3,0|1|0；0|0|1；0|0|0,0|0；-0.5|0；-1|0,10.4,0.9,0.4,10,0.463889,8.8,10,10,1.1,0.4,0.4,0.4,0.9,9.36,10,10,2.87778,0.628889,0.4,0.555556,5.19556
open_space,7.3,-11.2,0.396301,0,0,3,,,19.2,10,8.5,7.7,0,10,10,7.7,7.1,7.7,8.5,9.2,10,10,10,8.63182,7.28444,8.92121,8.72222,9.58,10
open_space,3.8,-13.5,3.20849,0,0,3,,,10.2,3.6,4.8,5.4,0,3.6,5.4,6.2,9.4,10,10,4.8,3.6,4.14889,6.38889,7.15333,9.7,10,10,6.71429,3.93111
open_space,4.2,-4.3,0.708073,0,0,3,,,14.1,4.1,10,4,0,4.1,4.1,4,4,5.2,10,10,6.4,4.80667,4.43556,4.64889,4.32444,7,10,10,7.83125
open_space,3,-2.2,0.435174,0,0,3,,,12,2.1,8.1,2,0.366667,2.1,2,2.2,2.8,3.1,8.1,10,4.9,2.94222,2.05111,2.82667,2.87333,4.48222,8.98,10,6.69231
open_space,9.3,-16.5,6.1363,0,0,3,,,13.2,4,3.2,10,0,10,10,10,9.2,5.5,3.2,3.2,4,10,10,10,9.54375,8.40889,3.92444,3.38222,5.925
open_space,18.9,-5.3,0.271293,0,0,3,,,2.5,0.8,0.9,1.6,0.416667,0.8,1.6,5.3,10,10,3,0.9,0.8,1.05333,3.93778,6.81778,10,10,5.19091,1.45778,0.822222
open_space,7.4,-2.6,1.49351,1,1,3,0|1|1；0|0|0；0|0|0,0|0；-0.5|0.5；-0.5|-0.5,6.8,2.4,3.7,3.1,0.2,2.4,3.1,7.2,9.5,10,10,3.7,2.4,2.59333,5.39556,7.78667,9.7,10,10,5.65385,2.80667
open_space,2.5,-4.8,4.27347,0,0,3,,,12.3,2.4,2.3,10,0.216667,5.3,10,10,5.1,4.6,2.6,2.3,2.4,7.18462,10,10,6.74324,4.72667,3.65333,2.35778,3.30889
open_space,15.7,-13.1,2.5727,0,0,3,,,15.3,10,4.1,6.6,0,10,7.9,6.6,4.8,4,4.1,7.4,10,10,8.8125,6.90222,6.42,4.18,5.1,8.52,10
open_space,16.1,-7.9,0.441017,1,1,3,0|1|1；0|0|0；0|0|0,0|0；-0.5|0.5；-0.5|-0.5,11.5,3.6,3.8,7.7,0,4,7.7,8.5,10,10,8.7,3.8,3.6,5.71556,7.91111,9.14,10,10,9.225,5.27111,3.69333
open_space,3.4,-13.2,1.84884,0,0,3,,,13.2,3.7,10,3.2,0,3.7,3.2,3.3,6.5,6.8,10,10,10,5.55238,3.30667,4.29778,6.68222,7.90882,10,10,10
open_space,11.8,-14.5,5.59472,1,1,3,0|1|1；0|0|0；0|0|0,0|0；-0.5|0.5；-0.5|-0.5,13.1,5.2,5.2,7.9,0,7.9,7.9,10,10,10,6.8,5.2,5.2,8.37778,8.65758,10,10,10,8.10526,5.62222,6.10667
open_space,9.7,-8.2,3.91872,0,0,3,,,19.5,9.5,8,10,0,10,10,10,10,8,8,9.5,9.5,10,10,10,10,8.63611,8.60263,9.68889,9.67
open_space,4.1,-10.7,0.460273,0,0,3,,,19,10,9,4.1,0,10,9,4.1,3.9,4.3,9,10,10,10,9.4,5.59556,4.00667,6.38889,9.25333,10,10
open_space,13,-6.3,1.11542,1,1,3,0|1|1；0|0|0；0|0|0,0|0；-0.5|0.5；-0.5|-0.5,13.1,6.1,6.7,6.4,0,6.1,6.4,10,10,10,7.5,6.7,6.8,6.27556,7.7,10,10,10,8.55909,6.89333,7.79556
open_space,19.4,-18.3,4.66484,0,0,3,,,2.4,0.4,2.1,0.3,0.658333,0.4,0.3,0.3,0.4,5.3,10,2.1,1.4,0.911111,0.333333,0.317778,0.928889,6.85,10,3.97059,1.60889
open_space,17.9,-14.8,4.62108,0,0,3,,,9.6,2.8,7.8,1.8,0.294444,2.8,1.8,1.8,2.3,10,10,7.8,4.9,4.43778,2.12,1.93333,4.24878,10,10,8.73,5.79778
open_space,3.3,-6.7,0.12836,0,0,3,,,16.5,8.3,5,4,0,8.3,6.5,4,3.1,3.1,5,10,10,9.08333,6.95111,5.82444,3.31778,3.70444,6.805,10,10
open_space,2,-11.9,0.776211,1,1,3,0|1|1；0|0|0；0|0|0,0|0；-0.5|0.5；-0.5|-0.5,12.6,10,7.8,1.8,0.294444,10,2.6,1.8,1.8,2.5,7.8,10,10,10,4.56471,2.02667,1.99556,5.06,8.4575,10,10
open_space,14.7,-12,0.763151,0,0,3,,,15,5,5,10,0,6.9,10,10,10,7.7,7.3,5,5,8.16471,10,10,10,8.43158,8.12667,5.68667,5.52444
open_space,12.6,-16.7,1.19976,0,0,3,,,17.1,7.8,3.3,7.7,0,10,10,7.7,3.2,3,3.3,7.1,7.8,10,10,8.63333,4.53333,3.07333,4.67111,7.28667,8.67727
open_space,8.4,-8.5,0.0193229,1,1,3,0|1|1；0|0|0；0|0|0,0|0；-0.5|0.5；-0.5|-0.5,18.3,10,10,8.3,0,10,8.3,8.3,8.2,8.2,10,10,10,10,8.83714,8.86176,8.76389,8.79429,10,10,10
open_space,18.9,-9.4,4.65674,1,1,3,0|1|1；0|0|0；0|0|0,0|0；-0.5|0.5；-0.5|-0.5,10.8,1.2,10,0.8,0.416667,1.2,0.8,0.8,1.1,9.2,10,10,10,2.72703,0.915556,0.864444,2.54,9.42593,10,10,10
open_space,8.3,-15.7,4.21677,1,1,3,0|1|1；0|0|0；0|0|0,0|0；-0.5|0.5；-0.5|-0.5,12.3,4,8.1,4.2,0,4,4.2,8.4,10,10,9.3,8.1,4.6,4.13111,5.43333,9.13333,10,10,9.6,8.37111,6.67333
open_space,18.3,-17.7,2.04326,1,1,3,0|1|1；0|0|0；0|0|0,0|0；-0.5|0.5；-0.5|-0.5,6.1,4.4,1.4,2.1,0.555556,10,4.5,2.1,2,1.5,1.4,1.6,4.4,10,6.35333,2.82,2.05556,1.89778,1.43333,2.34889,6.49091
open_space,6,-17.7,1.2419,0,0,3,,,12.3,10,2.2,4.6,0.263889,10,6.2,4.6,2.1,2,2.2,6.1,10,10,7.56111,5.80444,2.87111,2.05333,3.29556,7.6,10
open_space,17.9,-18,0.830553,0,0,3,,,11.8,1.8,1.7,10,0.55,2.6,10,10,2.3,1.7,1.7,1.8,1.8,4.63333,10,10,4.27895,1.87111,1.93556,1.97778,2.05111
open_space,11.4,-19.5,1.56416,0,0,3,,,18.3,10,0.3,0.3,0.483333,10,10,0.3,0.2,0.2,0.3,8.3,10,10,10,0.790698,0.208889,0.206667,0.811111,8.82,10
open_space,13,-10.7,5.34967,0,0,3,,,15.8,6.8,9.1,6.7,0,6.8,6.7,8.3,10,10,10,9.1,9,7.85641,7.09333,9.03333,10,10,10,9.50556,9.24857
open_space,10.5,-5.4,2.30609,1,1,3,0|1|1；0|0|0；0|0|0,0|0；-0.5|0.5；-0.5|-0.5,15.2,5.2,5.2,10,0,7,10,10,10,9.2,7.9,5.2,5.2,8.19412,10,10,10,9.505,9.26316,6.00889,5.68222
open_space,12.8,-18.7,2.10297,0,0,3,,,10,10,3.8,1,0.394444,10,2,1,1,1.2,3.8,8,10,10,3.992,1.32222,1.02667,1.83556,6.82222,8.88824,10
open_space,9.1,-2.1,0.265545,1,1,3,0|1|1；0|0|0；0|0|0,0|0；-0.5|0.5；-0.5|-0.5,11.9,2.2,10,1.9,0.280556,2.2,1.9,2,3.8,9.2,10,10,7.6,3.56667,1.96444,2.51556,7.58222,9.56923,10,10,8.525
open_space,5.4,-10.5,0.0419211,1,1,3,0|1|1；0|0|0；0|0|0,0|0；-0.5|0.5；-0.5|-0.5,19.2,10,7.7,7.2,0,10,10,7.2,5.2,5.2,7.7,9.2,10,10,10,8.35625,5.74,5.92,9.20789,9.5,10
open_space,1.1,-1.9,2.06915,1,1,3,0|1|1；0|0|0；0|0|0,0|0；1|0；2|0,2.7,0.9,1.8,0.9,0.605556,0.9,0.9,1,3.1,10,3.6,1.8,1.7,1.22667,0.92,1.55778,5.05833,10,5.75789,2.33333,1.74667
open_space,8,-10,0.537273,1,1,3,0|1|1；0|0|0；0|0|0,0|0；-0.5|0.5；-0.5|-0.5,19.8,10,9.7,8.1,0,10,9.8,8.1,7.8,9.1,9.7,10,10,10,9.87692,8.82083,8.08667,9.52222,9.80667,10,10
open_space,14.2,-4.1,2.61612,0,0,3,,,13.9,4,3.9,10,0,7.7,10,10,6.4,5.5,4.5,3.9,4,8.7125,10,10,7.76538,5.70667,5.72,4.04222,5.15556
open_space,16.7,-14.8,3.0428,0,0,3,,,14.9,7.9,3.9,4.8,0,7.9,4.9,4.8,3,3,3.9,10,10,8.81,5.82,5.13556,3.55778,3.21778,5.78824,10,10
open_space,13.3,-16.9,0.300782,1,1,3,0|1|1；0|0|0；0|0|0,0|0；-0.5|0.5；-0.5|-0.5,12.9,6,2.8,10,0.102778,6.7,10,10,9.9,3.2,2.8,2.9,6,7.90882,10,10,9.9,4.95778,2.88667,3.84222,6.52667
open_space,0.7,-4.5,6.02154,0,0,3,,,6.3,8.8,0.6,1,0.452778,8.8,4.5,1,0.5,0.5,0.6,1.8,10,9.25,5.79556,3.02,0.653333,0.508889,0.888889,3.66923,10
open_space,14.3,-1.8,0.810655,0,0,3,,,7,1.6,5.4,1.6,0.322222,1.6,1.6,2.3,10,10,7.6,5.4,2.2,1.77556,1.80444,4.18857,10,10,8.65714,6.00444,4.03778
open_space,1.4,-11.2,4.13906,0,0,3,,,9.9,1.2,1.2,8.7,0.369444,2.2,8.7,10,10,6,1.4,1.2,1.2,5.88889,9.23333,10,10,7.48,2.49111,1.25111,1.51556
open_space,8.9,-10.4,3.52249,1,1,3,0|1|1；0|0|0；0|0|0,0|0；-0.5|0.5；-0.5|-0.5,18.8,8.7,9.5,9.3,0,9.4,9.3,10,10,10,10,9.5,8.7,9.66667,9.53182,10,10,10,10,9.75,8.93333
open_space,7,-15.8,3.07897,1,1,3,0|1|1；0|0|0；0|0|0,0|0；-0.5|0.5；-0.5|-0.5,13.9,6,10,3.9,0,6,3.9,3.9,5.2,10,10,10,6.8,7.00667,4.53778,4.24,6.87692,10,10,10,7.81163
open_space,12.4,-14.9,2.23594,0,0,3,,,17.2,10,7.3,4.8,0,10,7.9,4.8,4.8,6.1,7.3,9.3,10,10,8.77778,5.77778,5.11556,7.57556,7.78667,9.61667,10
open_space,12.4,-5.7,1.35421,0,0,3,,,13.8,5.5,7.3,6.5,0,5.5,6.5,10,10,10,7.5,7.3,5.7,5.72889,7.884,10,10,10,8.45161,7.60889,7.03556
open_space,18.5,-9.4,5.20892,0,0,3,,,11.2,1.3,10,1.2,0.372222,1.3,1.2,1.4,4.1,10,10,10,2.5,1.64667,1.22444,2.08444,8.56098,10,10,10,4.47143
open_space,15.1,-11.8,2.24433,0,0,3,,,15.9,10,4.6,8,0,10,10,8,7.5,4.6,4.6,5.9,10,10,10,8.6871,8.21556,5.50222,4.92,7.448,10
open_space,2.8,-9.5,1.0748,1,1,3,0|1|1；0|0|0；0|0|0,0|0；-0.5|0.5；-0.5|-0.5,13,9.3,10,2.6,0.158333,9.3,3,2.6,2.7,5.4,10,10,10,9.48158,4.69556,2.68444,3.52667,7.12143,10,10,10
open_space,12.1,-5.6,1.28361,0,0,3,,,13.7,5.4,7.6,6.1,0,5.4,6.1,10,10,10,8,7.6,5.7,5.56889,7.61667,10,10,10,8.78333,7.84,7.23556
open_space,17.4,-5.8,6.15423,1,1,3,0|1|1；0|0|0；0|0|0,0|0；-0.5|0.5；-0.5|-0.5,6.7,2.3,3.8,2.9,0.216667,2.3,2.9,5.6,7.1,10,10,3.8,2.3,2.44444,4.55111,5.95778,8.25789,10,10,5.80833,2.78
open_space,8.3,-14.1,3.09497,0,0,3,,,15.6,8.1,10,5.6,0,8.1,5.6,5.6,7.6,10,10,10,8.1,8.66667,6.46,6.12444,8.55,10,10,10,8.74848
open_space,14.8,-9.8,0.924888,1,1,3,0|1|1；0|0|0；0|0|0,0|0；-0.5|0.5；-0.5|-0.5,14.6,4.9,4.9,9.7,0,8.1,9.7,10,10,9.9,6.2,4.9,4.9,9.50909,9.84,10,10,9.93529,7.828,5.21778,5.90667
open_space,4.4,-7.1,3.01743,0,0,3,,,12.2,4.2,6.9,5.3,0,4.2,5.3,10,10,10,7,6.9,4.2,4.47111,6.99643,10,10,10,7.98205,7.22667,5.06889
open_space,16.7,-7.1,0.221512,0,0,3,,,9.2,3,3.6,5.6,0,3.1,5.6,7.1,10,10,10,3.6,3,3.83556,6.90889,8.15143,10,10,10,5.475,3.12889
open_space,18.3,-10.8,3.93063,0,0,3,,,12,8.9,10,1.4,0.347222,8.9,2,1.4,1.4,2,10,10,10,9.25556,4.72667,1.56667,1.55556,3.87632,10,10,10
open_space,3.3,-3.5,3.64148,0,0,3,,,13.2,3.1,3.2,10,0,3.5,10,10,7.1,3.5,3.3,3.2,3.1,5.37273,10,10,8.26667,4.53556,3.4,3.83556,3.19778
open_space,2.8,-3.9,1.46379,1,1,3,0|1|1；0|0|0；0|0|0,0|0；-0.5|0.5；-0.5|-0.5,8.6,3.7,6,2.6,0.158333,3.7,2.6,2.6,3.3,10,10,6,3.7,3.93778,3.09333,2.78222,5.28378,10,10,7.57647,4.41556
open_space,11.9,-3.9,4.27166,0,0,3,,,17.3,10,3.9,7.8,0,10,8.7,7.8,4.1,3.7,3.9,8.6,10,10,9.23846,8.02,5.96,3.80222,5.31556,9.125,10
open_space,2.2,-7,5.50851,1,1,3,0|1|1；0|0|0；0|0|0,0|0；-0.5|0.5；-0.5|-0.5,12.5,10,2,6.8,0.266667,10,9.7,6.8,2.8,2,2,2.8,10,10,9.83333,7.61778,5.15556,2.23111,2.23556,4.86765,10
open_space,3.8,-9.9,5.11807,0,0,3,,,13.9,9.6,3.6,10,0,10,10,10,9.4,3.9,3.6,3.9,9.6,10,10,10,9.79375,5.49556,3.69111,5.55111,9.86667
open_space,14.8,-6.2,5.94268,0,0,3,,,15.4,4.9,10,5.4,0,4.9,5.4,6,6.6,10,10,10,5.2,5.03333,6.58444,6.16444,7.89643,10,10,10,6.79512
open_space,10.6,-8.9,2.66808,0,0,3,,,18.7,9.1,8.7,10,0,10,10,10,10,9.1,9.6,8.7,9.1,10,10,10,10,9.34419,9.81,8.97111,9.52308
open_space,14.6,-7.8,2.21854,0,0,3,,,16.4,7.6,5.1,10,0,9.5,10,10,8.6,5.2,5.1,6.4,7.6,9.7,10,10,9.18333,6.21778,5.40889,7.91333,8.07111
open_space,1.1,-6.1,4.82049,0,0,3,,,10.9,1.4,0.9,7.7,0.405556,10,10,7.7,5.9,1.2,0.9,0.9,1.4,10,10,8.68,6.35778,2.42,0.962222,1.05556,2.97353
open_space,1.6,-17.5,2.34594,1,1,3,0|1|1；0|0|0；0|0|0,0|0；-0.5|0.5；-0.5|-0.5,11.4,1.4,10,1.4,0.538889,1.4,1.4,1.9,2.2,3.1,10,10,2,1.57778,1.54889,2.28889,2.44222,5.09118,10,10,3.83333
open_space,12.8,-13.3,5.71329,0,0,3,,,13.5,6.6,6.4,7.1,0,6.9,7.1,10,10,10,7.7,6.4,6.6,7.21556,8.12571,10,10,10,8.64118,6.69556,7.80667
open_space,16.7,-4.9,0.39016,0,0,3,,,8,3,3.3,4.7,0,3.2,4.7,5.1,10,10,8.2,3.3,3,4.30667,4.82,6.66,10,10,9,4.66667,3.07333
open_space,5.5,-19,3.2106,0,0,3,,,7.8,0.9,7.1,0.7,0.430556,0.9,0.7,0.7,1,10,10,7.1,5.3,2.11778,0.757778,0.8,2.49737,10,10,8.34706,5.78667
open_space,1.4,-19.4,6.13367,0,0,3,,,10.3,0.4,0.3,2,0.672222,1.7,10,2,1.2,0.5,0.3,0.3,0.4,3.8125,10,3.85862,1.46222,0.946667,0.353333,0.304444,0.646667
open_space,4.4,-4.6,2.71892,0,0,3,,,8.9,4.2,4.4,4.5,0,4.2,4.5,10,10,10,4.9,4.4,4.6,4.31111,6.15778,10,10,10,6.49487,4.51556,5.22889
open_space,5.7,-9.5,5.25238,0,0,3,,,16.4,10,5.5,9.6,0,10,10,9.6,9.3,5.7,5.5,6.4,10,10,10,9.8125,9.48378,7.08571,5.70222,7.82963,10
open_space,5.8,-12.1,3.34135,1,1,3,0|1|1；0|0|0；0|0|0,0|0；-0.5|0.5；-0.5|-0.5,14.4,5.6,6.8,7.6,0,5.7,7.6,7.8,10,10,10,6.8,5.6,7.03556,7.97778,8.59333,10,10,10,8.06364,5.87778
open_space,15.2,-12.4,0.965293,1,1,3,0|1|1；0|0|0；0|0|0,0|0；-0.5|0.5；-0.5|-0.5,14.5,4.6,4.5,10,0,7.9,10,10,9,7.3,5.5,4.5,4.6,8.83333,10,10,9.425,7.70444,7.25778,4.74222,5.58667
open_space,9.3,-18.1,1.63355,1,1,3,0|1|1；0|0|0；0|0|0,0|0；-0.5|0.5；-0.5|-0.5,19.1,10,2.4,2.1,0.322222,10,9.1,2.1,1.6,1.6,2.4,10,10,10,9.36429,4.66444,1.74889,1.83778,4.3303,10,10
open_space,10.5,-1.9,3.84602,1,1,3,0|1|1；0|0|0；0|0|0,0|0；-0.5|0.5；-0.5|-0.5,12.2,10,1.7,9.2,0.305556,10,10,9.2,2.7,1.7,1.7,2.2,10,10,10,9.56316,6.12667,1.99111,1.83111,4.12195,10
open_space,6.3,-0.6,2.75933,0,0,3,,,7,0.4,0.4,6.6,0.461111,1,6.6,10,10,1,0.4,0.4,0.4,4.46889,7.88,10,10,2.57143,0.584444,0.4,0.591111
open_space,0.4,-15.6,2.28838,0,0,3,,,10.2,0.2,10,0.2,0.483333,0.2,0.2,0.2,2.3,5.4,10,10,0.3,0.217778,0.2,0.526667,4.38444,7.052,10,10,0.94
open_space,13.9,-4.2,4.71953,0,0,3,,,15.8,8.3,5.7,5.7,0,8.3,5.8,5.7,4,4,5.7,10,10,9.05,6.50444,6.2,4.48222,4.47778,7.34091,10,10
open_space,12,-4.6,3.86174,0,0,3,,,15.8,10,4.4,7.7,0,10,10,7.7,6.8,4.4,4.4,5.8,10,10,10,8.50278,7.93111,5.12444,4.78222,7.37391,10
open_space,2,-12.3,3.16388,0,0,3,,,5.1,1.8,2.5,2.6,0.294444,1.8,2.6,7.4,10,10,10,2.5,1.8,2.02222,5.14667,8.20476,10,10,10,4.49722,2
open_space,15.5,-10.6,1.74066,0,0,3,,,14.3,7.2,4.2,10,0,10,10,10,9.1,5.2,4.2,4.3,7.2,10,10,10,9.32059,7.80667,4.43778,5.17111,8.35455
open_space,16.9,-0.5,4.53127,0,0,3,,,4.3,5,0.4,0.5,0.538889,5,2.9,0.5,0.3,0.3,0.4,1.4,10,6.82222,3.52222,1.63778,0.36,0.302222,0.6,2.83333,10
open_space,1.4,-14.3,5.64792,0,0,3,,,12,5.5,1.2,8.7,0.372222,9.1,10,8.7,1.5,1.2,1.2,2,5.5,9.54,10,8.7,2.90667,1.26889,1.44667,4.13556,6.56
open_space,6.9,-13,2.1998,0,0,3,,,16.7,6.8,10,6.7,0,6.8,6.7,6.8,6.7,8.3,10,10,10,7.90256,7.07778,7.94667,7.07778,9.05385,10,10,10
open_space,13.3,-16.8,2.74037,1,1,3,0|1|1；0|0|0；0|0|0,0|0；-0.5|0.5；-0.5|-0.5,13.2,8,6.9,2.9,0.0583333,8,3.2,2.9,3.1,6.4,6.9,10,10,8.86,4.54222,2.97111,4.34889,6.56889,8.07241,10,10
open_space,18.4,-16.6,0.0671827,0,0,3,,,3.6,1.3,1.7,1.9,0.358333,1.3,1.9,10,10,4.2,3.1,1.7,1.3,1.49333,3.70882,10,10,6.12903,3.38222,2.68,1.41556
open_space,19.5,-11.8,5.96436,0,0,3,,,0.6,0.2,0.4,0.2,0.483333,0.2,0.2,0.5,10,10,8.4,0.4,0.2,0.2,0.297778,1.55556,10,10,9.07,4.18,0.257778
open_space,4.4,-4.1,1.93023,1,1,3,0|1|1；0|0|0；0|0|0,0|0；-0.5|0.5；-0.5|-0.5,8.5,3.9,4.3,4.2,0,4.2,4.2,4.5,10,10,10,4.3,3.9,4.89333,4.31111,6.14,10,10,10,6.03095,4.00222
open_space,13.8,-12.1,0.170852,1,1,3,0|1|1；0|0|0；0|0|0,0|0；-0.5|0.5；-0.5|-0.5,17.3,5.9,7.3,10,0,6,10,10,10,9.4,7.6,7.3,5.9,7.28,10,10,10,9.66,8.03556,8.34889,6.23556
open_space,16.8,-13,0.856029,0,0,3,,,12.9,2.9,2.9,10,0.0583333,4.4,10,10,9,6.7,3.9,2.9,2.9,6.336,10,10,9.45714,7.31556,5.90222,3.16,3.34667
open_space,11.3,-13.9,3.65821,0,0,3,,,15.8,6,10,5.8,0,6,5.8,6.7,8.4,9.7,10,10,10,7.39744,5.99556,8.48372,8.68667,9.85,10,10,10
open_space,16.7,-8.1,0.728124,1,1,3,0|1|1；0|0|0；0|0|0,0|0；-0.5|0.5；-0.5|-0.5,10.9,3,3,7.9,0,4,7.9,10,10,10,4.6,3,3,6.49778,8.49524,10,10,10,6.45833,3.47333,3.26444
open_space,7.7,-11.7,3.89538,0,0,3,,,15.5,7.5,7.5,8,0,8,8,10,10,10,10,7.5,7.5,8.66857,8.605,10,10,10,10,8.33,8.22273
open_space,4.8,-13.3,2.72641,0,0,3,,,14.9,4.6,10,4.9,0,4.6,4.9,6.4,6.9,10,10,10,5.1,4.72222,6.33556,6.56889,8.06333,10,10,10,6.74615
open_space,12.2,-19.6,6.16342,0,0,3,,,9.6,0.1,0.1,9.5,0.494444,0.5,9.5,10,10,0.1,0.1,0.1,0.1,7.02444,9.725,10,10,0.362162,0.1,0.1,0.171111
open_space,12,-10.1,4.39151,1,1,3,0|1|1；0|0|0；0|0|0,0|0；-0.5|0.5；-0.5|-0.5,18.2,9.6,10,7.7,0,9.6,8.2,7.7,8.6,9.9,10,10,10,9.74118,8.90476,7.92,9.21429,9.94,10,10,10
open_space,6.7,-16.2,2.74455,1,1,3,0|1|1；0|0|0；0|0|0,0|0；-0.5|0.5；-0.5|-0.5,13.8,6.5,10,3.5,0,6.5,3.8,3.5,3.8,9,10,10,7.1,6.67111,5.3,3.59111,5.28444,9.4,10,10,8.25926
open_space,14.4,-4.1,0.939909,1,1,3,0|1|1；0|0|0；0|0|0,0|0；-0.5|0.5；-0.5|-0.5,9.2,3.9,5.3,3.9,0,3.9,3.9,6.6,10,10,6.6,5.3,4.9,4.13556,4.74889,7.97857,10,10,8,5.62444,5.71111
open_space,13.2,-4.5,4.75936,0,0,3,,,16.5,8.9,6.4,5.9,0,8.9,6.5,5.9,4.3,4.3,6.4,10,10,9.4,7.16889,6.84667,4.73778,4.90444,7.86667,10,10
open_space,13.7,-16.6,3.36169,1,1,3,0|1|1；0|0|0；0|0|0,0|0；-0.5|0.5；-0.5|-0.5,13.1,3.7,10,3.1,0,3.7,3.1,3.2,5.7,6.1,10,10,10,5.54615,3.23778,3.96667,6.17333,7.40732,10,10,10
open_space,12.1,-11.2,5.11899,0,0,3,,,16.8,8.2,9.2,7.6,0,8.2,7.6,8.3,10,10,10,9.2,8.5,9.20345,7.8,8.99444,10,10,10,9.58,8.72222
open_space,18.8,-4.7,2.90614,1,1,3,0|1|1；0|0|0；0|0|0,0|0；-0.5|0.5；-0.5|-0.5,13.7,5.3,1,1.7,0.405556,10,10,1.7,0.9,0.9,1,3.7,5.3,10,10,3.50769,1.17111,0.926667,1.70444,4.62889,6.97576
open_space,3.7,-12.5,2.65336,1,1,3,0|1|1；0|0|0；0|0|0,0|0；-0.5|0.5；-0.5|-0.5,13.7,3.5,10,3.7,0,3.5,3.7,7.2,7.5,10,10,10,4,3.61111,4.79333,7.41111,8.49643,10,10,10,5.7878
open_space,5.9,-11.7,4.25293,0,0,3,,,14.1,6,5.7,8.4,0,8,8.4,10,10,10,6.4,5.7,6,8.23333,9.08421,10,10,10,7.7931,5.86889,7.72667
open_space,19.5,-18.6,4.32343,0,0,3,,,3.1,0.5,2.9,0.2,0.683333,0.5,0.2,0.2,0.2,0.4,10,2.9,1.2,0.975556,0.275556,0.2,0.273333,1.35455,10,4.88125,1.68
open_space,14.2,-9.2,3.46773,0,0,3,,,19.5,10,9,6.2,0,10,10,6.2,5.5,5.8,9,9.5,10,10,10,7.59,5.66,7.25128,9.26444,9.7375,10
open_space,5.5,-8.5,5.80755,0,0,3,,,19.4,10,5.6,8.3,0,10,9.4,8.3,6,5.3,5.6,10,10,10,9.7,8.55333,8.01333,5.46222,7.02927,10,10
open_space,10.5,-17.6,1.09425,0,0,3,,,14.5,9.7,2.2,7.2,0.25,10,10,7.2,2.4,2.1,2.2,4.5,9.7,10,10,8.2,3.66667,2.16222,2.89778,8.28889,9.84286
open_space,10.4,-3,2.85428,0,0,3,,,12.8,3.2,2.8,10,0.102778,9.8,10,10,9.7,6,2.9,2.8,3.2,9.8,10,10,9.86,8.93111,3.85556,2.88444,4.92222
open_space,6.2,-8,4.771,0,0,3,,,16,9,6,10,0,10,10,10,7.8,7.8,6,6,9,10,10,10,8.44048,8.56,6.58444,6.89111,9.5
open_space,19.4,-12.4,1.22846,0,0,3,,,10.3,0.3,0.3,10,0.472222,0.8,10,10,7.8,0.7,0.3,0.3,0.3,2.20526,10,10,8.67391,4.48444,0.413333,0.3,0.457778
open_space,17.8,-1.6,2.789,0,0,3,,,11.4,1.5,1.4,4.6,0.563889,4,10,4.6,2,1.9,1.5,1.4,1.5,6,10,6.63571,2.79778,1.94667,1.90444,1.43111,2.22
open_space,16.7,-14,6.24056,0,0,3,,,8.6,3,4.5,4.1,0,3,4.1,10,10,8.6,5.7,4.5,3,3.28444,6.01613,10,10,9.2375,6.55778,5.70889,3.44222
open_space,13.8,-14.7,1.38152,0,0,3,,,15.9,7.1,5.9,9.1,0,10,10,9.1,5.1,5,6,5.9,7.1,10,10,9.5,6.32889,5.24222,6.68444,6.18222,8.3381
open_space,16.9,-15.7,2.45409,0,0,3,,,9.6,10,2.8,4,0.102778,10,5.2,4,3.7,2.8,2.8,4.4,10,10,6.98148,4.32222,4.26444,3.02,3.28667,6.325,10
open_space,17.1,-4.3,2.40793,1,1,3,0|1|1；0|0|0；0|0|0,0|0；-0.5|0.5；-0.5|-0.5,13.9,4.1,2.6,10,0.158333,6.1,10,10,3.5,2.6,2.6,3.9,4.1,7.68421,10,10,5.55152,2.85333,2.97111,4.30667,4.69556
open_space,17.1,-5.8,3.31085,1,1,3,0|1|1；0|0|0；0|0|0,0|0；-0.5|0.5；-0.5|-0.5,15.7,9.7,4.5,3.2,0.158333,10,10,3.2,2.6,2.6,4.5,5.7,9.7,10,10,5.07949,2.74444,3.2,5.59556,6.89778,9.8
open_space,18.9,-1.7,0.923793,0,0,3,,,2.3,0.8,0.8,1.5,0.625,1.3,1.5,2.5,10,6.3,1,0.8,0.8,1.52444,1.8,4.37931,10,7.46667,1.99111,0.846667,0.951111
open_space,8.1,-19.2,3.15386,0,0,3,,,10.5,0.7,10,0.5,0.45,0.7,0.5,0.5,0.7,10,10,10,7.9,2.11778,0.548889,0.551111,1.78333,10,10,10,8.53684
open_space,11.8,-18.6,4.43067,0,0,3,,,3.5,1.1,2.3,1.2,0.380556,1.1,1.2,3.8,9,10,10,2.3,1.1,1.12444,1.92889,7.59333,9.47,10,10,4.19091,1.49778
open_space,13.3,-1.8,3.97878,0,0,3,,,11.1,10,1.6,6.4,0.319444,10,8.7,6.4,2.2,1.6,1.6,2.4,10,10,9.2875,7.04,4.22222,1.75111,1.82222,4.36471,10
open_space,3.4,-6.9,1.06318,1,1,3,0|1|1；0|0|0；0|0|0,0|0；-0.5|0.5；-0.5|-0.5,13.7,6.7,10,3.2,0,6.7,3.7,3.2,3.3,6.5,10,10,7.7,6.93333,5.44222,3.30667,4.29556,7.9,10,10,8.71053
open_space,18.7,-8.7,4.894,1,1,3,0|1|1；0|0|0；0|0|0,0|0；-0.5|0.5；-0.5|-0.5,11,1.2,10,1,0.394444,1.2,1,1,1.7,8.6,10,10,5.9,2.21333,1.04889,1.23111,5.21333,9.17273,10,10,7.1
open_space,17.7,-1.9,5.15949,1,1,3,0|1|1；0|0|0；0|0|0,0|0；-0.5|0.5；-0.5|-0.5,12,2.1,5,1.8,0.536111,2.1,2,1.8,1.7,1.9,5,10,4.7,2.89778,2.04889,2.19333,1.74222,2.75556,6.73,10,6.65714
open_space,4.3,-17.6,6.22609,1,1,3,0|1|1；0|0|0；0|0|0,0|0；-0.5|0.5；-0.5|-0.5,12.1,2.8,2.1,6.3,0.25,10,10,6.3,4.1,3.2,2.1,2.1,2.8,10,10,7.71765,4.74667,4.08444,2.42667,2.28444,4.75405
open_space,5.9,-1.1,2.72831,1,1,3,0|1|1；0|0|0；0|0|0,0|0；-0.5|0.5；-0.5|-0.5,7,1,0.9,6.1,0.405556,2.2,6.1,10,10,2.5,1,0.9,1,4.93778,7.52857,10,10,4.53125,1.41111,0.915556,1.31556
open_space,4.3,-2.2,2.12232,0,0,3,,,6.2,2,2.1,4.1,0.266667,2.3,4.1,4.8,10,10,3.9,2.1,2,3.42667,4.25778,6.56,10,10,5.925,2.61556,2.07111
open_space,11.7,-7.7,4.96857,0,0,3,,,18,9.4,10,8,0,9.4,8,8.3,7.5,7.8,10,10,10,9.7,8.30667,9.07647,7.78667,8.63571,10,10,10
open_space,19.6,-12.3,4.26324,1,1,3,0|1|0；0|0|1；0|0|0,0|0；-0.5|0；-1|0,10.1,0.2,10,0.1,0.494444,0.2,0.1,0.1,0.1,0.2,10,10,8.3,4.81556,0.124444,0.1,0.108889,0.542308,10,10,8.99375
open_space,11.2,-11.8,5.31152,0,0,3,,,16.6,7.9,8.1,8.5,0,8.7,8.5,10,10,10,10,8.1,7.9,9.296,8.88636,10,10,10,10,8.80741,8.28444
open_space,5.7,-2.9,5.54821,0,0,3,,,11.9,10,5.5,2.7,0.133333,10,3.7,2.7,2.7,4,5.5,8.2,10,10,5.64062,2.97111,3.08444,5.37333,6.29778,9.03,10
open_space,5.8,-7.4,1.51931,1,1,3,0|1|1；0|0|0；0|0|0,0|0；-0.5|0.5；-0.5|-0.5,15.6,7.2,10,5.6,0,7.2,5.6,5.6,7.5,10,10,10,7.2,7.82444,6.47333,6.11556,8.60667,10,10,10,8.12439
open_space,15.8,-4.7,3.48555,0,0,3,,,14.8,10,4.5,4.3,0,10,10,4.3,3.9,4.1,4.5,4.8,10,10,10,6.15238,4.00667,5.01556,4.62444,6.38182,10
open_space,18.6,-11.8,1.91505,0,0,3,,,11.2,2.5,1.1,8.8,0.383333,10,10,8.8,3.3,1.2,1.1,1.2,2.5,10,10,9.35385,7.28889,1.80222,1.12222,1.56444,4.585
open_space,4.7,-8.2,1.07751,0,0,3,,,15.2,8,10,4.5,0,8,5.2,4.5,4.7,9.4,10,10,9.2,8.26444,7.2,4.64889,6.13111,9.6,10,10,9.6
open_space,14.7,-5.9,0.488435,1,1,3,0|1|1；0|0|0；0|0|0,0|0；-0.5|0.5；-0.5|-0.5,11,5,5.3,5.7,0,5.7,5.7,6.4,10,10,10,5.3,5,6.51333,5.87111,7.78571,10,10,10,6.81163,5.15333
open_space,7.1,-4.8,0.662492,1,1,3,0|1|1；0|0|0；0|0|0,0|0；-0.5|0.5；-0.5|-0.5,14.6,4.6,10,4.6,0,4.6,4.6,5.8,6.9,8.7,10,10,7.6,5.55556,4.90444,7.18444,7.35556,9.28889,10,10,8.59
open_space,0.8,-10.7,6.28097,1,1,3,0|1|1；0|0|0；0|0|0,0|0；-0.5|0.5；-0.5|-0.5,19,10,0.8,0.8,0.438889,10,10,0.8,0.6,0.6,0.8,9,10,10,10,2.06829,0.664444,0.66,2.45556,9.32593,10
open_space,14.1,-4.4,1.45429,1,1,3,0|1|1；0|0|0；0|0|0,0|0；-0.5|0.5；-0.5|-0.5,10.9,4.2,5.6,5.3,0,4.2,5.3,10,10,9.2,5.7,5.6,4.2,4.48444,7.07857,10,10,9.525,6.73778,5.97556,5.04444
open_space,14.7,-19.6,2.54613,0,0,3,,,9,0.3,5.1,0.1,0.494444,0.3,0.1,0.1,0.1,0.1,5.1,8.9,10,0.94,0.153333,0.1,0.1,1.51778,6.25111,9.38,10
open_space,4.2,-3.2,4.73231,0,0,3,,,14,5.8,4,4.2,0,10,10,4.2,3,3,4,4,5.8,10,10,6.06429,3.34222,3.38,4.35333,4.50667,7.36667
open_space,14.7,-13.1,0.176073,0,0,3,,,14.9,5,6.2,8.7,0,5.1,8.7,10,10,8.1,6.6,6.2,5,6.18889,9.31667,10,10,8.97857,6.96889,7.18222,5.27556
open_space,3.4,-16.2,2.68944,0,0,3,,,13.4,3.2,10,3.4,0,3.2,3.4,3.5,3.7,7.9,10,10,3.6,3.28667,4.02222,3.6,4.96667,8.76667,10,10,5.38667
open_space,14.3,-0.6,3.32386,1,1,3,0|1|0；0|0|1；0|0|0,0|0；-0.5|0；-1|0,10.4,0.7,0.4,6.6,0.461111,10,10,6.6,2.2,0.5,0.4,0.4,0.7,10,10,8.0087,5.38444,0.851111,0.413333,0.48,1.79091
open_space,10.4,-2.5,2.16588,1,1,3,0|1|1；0|0|0；0|0|0,0|0；-0.5|0.5；-0.5|-0.5,12.3,2.3,2.3,10,0.219444,2.8,10,10,10,9.5,4.2,2.3,2.3,4.60465,10,10,10,9.73636,7.89111,2.90889,2.40444
open_space,17.8,-5.3,3.33041,1,1,3,0|1|1；0|0|0；0|0|0,0|0；-0.5|0.5；-0.5|-0.5,15.2,9,3.3,2.3,0.280556,10,10,2.3,1.9,1.9,3.3,5.2,9,10,10,4.19333,1.99333,2.36889,4.84667,6.36889,9.4
open_space,15.9,-18.4,0.213617,0,0,3,,,8.3,2.4,1.3,7,0.358333,3.9,7,10,6.5,1.6,1.3,1.3,2.4,4.83333,8.20909,10,8.04,2.69111,1.35111,1.64222,3.56222
open_space,7.9,-17.6,3.00915,0,0,3,,,12.1,3.5,10,2.1,0.25,3.5,2.1,2.1,2.6,10,10,10,7.8,6.43556,2.54,2.22889,4.5,10,10,10,8.58437
open_space,12.7,-11.4,0.47686,0,0,3,,,17.4,7,7.4,10,0,7.9,10,10,10,8.8,8.3,7.4,7,8.76316,10,10,10,9.29375,8.54444,8.68611,7.20444
open_space,6.2,-19.5,1.38732,0,0,3,,,7,10,0.2,0.3,0.483333,10,6.1,0.3,0.2,0.2,0.2,0.9,10,10,7.37381,2.31778,0.233333,0.2,0.373333,2.09,10
open_space,3.9,-19.1,2.56997,1,1,3,0|1|1；0|0|0；0|0|0,0|0；-0.5|0.5；-0.5|-0.5,10.7,2.9,10,0.6,0.438889,2.9,0.7,0.6,0.6,1.1,10,10,4.4,3.82889,1.20667,0.622222,0.746667,2.52667,10,10,6.22286
open_space,17.3,-0.8,5.30203,1,1,3,0|1|1；0|0|0；0|0|0,0|0；-0.5|0.5；-0.5|-0.5,11.1,2.5,2.9,0.6,0.569444,2.5,1.1,0.6,0.6,0.7,2.9,10,4.4,3.04889,2.02667,0.746667,0.622222,1.20889,5.16667,10,6.4
open_space,4.4,-17.8,2.302,0,0,3,,,12.9,4.2,10,1.9,0.280556,4.2,2.9,1.9,1.9,2.5,10,10,6.4,4.85556,4.02222,2.18889,2.06889,4.46053,10,10,7.85882
open_space,13.7,-16.6,0.362478,0,0,3,,,13.3,6,3.1,10,0,6.4,10,10,9.1,3.4,3.1,3.3,6,7.71515,10,10,9.53333,5,3.18,4.52222,6.16222
open_space,1.2,-11.8,0.485004,1,1,3,0|1|1；0|0|0；0|0|0,0|0；-0.5|0.5；-0.5|-0.5,11.1,10,3.3,1.1,0.394444,10,2.2,1.1,1,1.1,3.3,8.9,10,10,4.15,1.38667,1.02,1.70222,7.34889,9.41818,10
open_space,7,-17.6,3.32961,0,0,3,,,10.4,2.6,8.3,2.1,0.25,2.6,2.1,2.1,3.7,10,10,8.3,6.8,4.36,2.20222,2.61111,5.73478,10,10,9.06923,7.15556
open_space,5.5,-18.9,5.72939,1,1,3,0|1|1；0|0|0；0|0|0,0|0；-0.5|0.5；-0.5|-0.5,10.8,0.8,0.8,10,0.416667,1.5,10,10,6.3,3.6,0.9,0.8,0.8,3.20714,10,10,7.70769,5.40889,1.56889,0.826667,1.01556
open_space,9,-19.4,1.52269,0,0,3,,,14,10,0.4,0.4,0.472222,10,8.8,0.4,0.3,0.3,0.4,5.2,10,10,9.25,2.03778,0.333333,0.317778,0.926667,6.7,10
open_space,9,-8.3,0.287853,1,1,3,0|1|1；0|0|0；0|0|0,0|0；-0.5|0.5；-0.5|-0.5,18.1,9.3,10,8.1,0,9.3,8.1,8.4,8.8,9.2,10,10,10,9.6,8.37111,9.065,9.09111,9.54615,10,10,10
open_space,16.3,-12.2,6.08422,0,0,3,,,10.4,3.4,6.3,4.1,0,3.4,4.1,10,10,10,7.7,6.3,3.5,3.55111,5.9,10,10,10,8.55667,7.55111,4.33111
open_space,11.3,-10.7,2.1181,0,0,3,,,19.8,10,8.4,9.3,0,10,10,9.3,9,8.7,8.4,9.8,10,10,10,9.6,9.2561,9.23684,8.72222,9.9,10
open_space,10.7,-16.4,3.09621,0,0,3,,,13.3,5,10,3.3,0,5,3.3,3.3,4.5,9,10,10,10,6.80435,3.8,3.60889,7.34,9.31,10,10,10
open_space,0.6,-8.2,5.17464,1,1,3,0|1|0；0|0|1；0|0|0,0|0；-0.5|0；-1|0,10.4,1.2,0.4,8.5,0.461111,10,10,8.5,0.9,0.4,0.4,0.4,1.2,10,10,9.11667,4.97111,0.548889,0.4,0.637778,2.7
open_space,12.6,-5.1,3.87885,1,1,3,0|1|1；0|0|0；0|0|0,0|0；-0.5|0.5；-0.5|-0.5,16.6,10,4.9,7.1,0,10,10,7.1,7.1,4.9,4.9,6.6,10,10,10,8.0381,7.59778,5.65556,5.36222,7.94737,10
open_space,2.2,-12.8,2.4807,0,0,3,,,12,2,10,2,0.263889,2,2,3.2,7,10,10,10,2.6,2.14,2.38444,5.77778,7.9575,10,10,10,4.4
open_space,2,-14.4,4.84834,1,1,3,0|1|1；0|0|0；0|0|0,0|0；-0.5|0.5；-0.5|-0.5,10.5,2.9,1.8,8.7,0.294444,5.3,8.7,10,10,2.3,1.8,1.8,2.9,6.37778,9.28333,10,10,4.10238,1.91556,2.16,4.74444
open_space,9.7,-12.3,1.88034,0,0,3,,,19.5,10,10,8.4,0,10,9.5,8.4,7.4,7.8,10,10,10,10,9.65556,9.20588,7.62667,8.632,10,10,10
open_space,5.8,-19.4,5.90138,1,1,3,0|1|0；0|0|1；0|0|0,0|0；-0.5|0；-1|0,10.3,0.3,0.3,10,0.472222,0.7,10,10,6.1,0.7,0.3,0.3,0.3,1.95238,10,10,7.49412,3.89111,0.431111,0.3,0.433333
open_space,18.4,-18.9,2.4753,0,0,3,,,3.1,7.4,1.3,0.8,0.636111,7.4,1,0.8,0.8,1.3,1.3,2.1,10,8.2,2.11556,0.851111,0.94,1.35778,1.53778,3.87419,10
open_space,4,-15.2,1.19606,1,1,3,0|1|1；0|0|0；0|0|0,0|0；-0.5|0.5；-0.5|-0.5,14.1,9.8,4.9,3.8,0,9.8,4.1,3.8,4.1,4.5,4.9,10,10,9.8,5.76667,3.9,4.99333,4.61111,6.60244,10,10
open_space,13.8,-3.9,5.95404,0,0,3,,,13.9,5.9,10,3.7,0,5.9,3.9,3.7,4.1,10,10,10,6.3,6.06444,5.19778,3.79778,5.91163,10,10,10,7.62571
open_space,1.9,-11.6,6.19741,1,1,3,0|1|1；0|0|0；0|0|0,0|0；-0.5|0.5；-0.5|-0.5,18.1,10,2.2,2.7,0.308333,10,10,2.7,1.7,1.7,2.2,8.1,10,10,10,4.64,1.99556,1.82889,4.39111,8.63333,10
open_space,5.2,-5.3,1.06905,0,0,3,,,15.3,5.1,10,5,0,5.1,5.3,5,5.2,10,10,10,5.9,5.27556,6.11556,5.16667,6.75778,10,10,10,7.35
open_space,19.2,-10.7,4.38985,0,0,3,,,10.5,1.1,10,0.5,0.45,1.1,0.5,0.5,0.6,1.5,10,10,9.5,5.73556,0.695556,0.5,0.808889,3.03125,10,10,9.775
open_space,1.1,-15.9,3.61049,0,0,3,,,3.7,0.9,0.9,2.8,0.405556,1,2.8,4.3,10,10,2,0.9,0.9,1.48667,3.81111,6.07857,10,10,3.79524,1.26444,0.915556
open_space,13.8,-2.7,0.75229,1,1,3,0|1|1；0|0|0；0|0|0,0|0；-0.5|0.5；-0.5|-0.5,8.4,2.5,5.9,2.5,0.180556,2.5,2.5,3.4,10,10,8.8,5.9,3.7,2.85556,2.74889,5.34545,10,10,9.32857,6.75778,5.46
open_space,12.3,-11.6,0.376812,0,0,3,,,18.1,7.4,8.1,10,0,8,10,10,10,8.9,8.1,8.1,7.4,8.82727,10,10,10,9.36667,8.31333,9.08235,7.59556
open_space,4.2,-13.5,1.48034,1,1,3,0|1|1；0|0|0；0|0|0,0|0；-0.5|0.5；-0.5|-0.5,14,6.4,8.1,4,0,6.4,4,4,5.2,6.2,8.1,10,10,7.80625,4.73111,4.30667,6.40889,6.67333,8.93846,10,10
open_space,8.4,-18.9,4.31859,1,1,3,0|1|1；0|0|0；0|0|0,0|0；-0.5|0.5；-0.5|-0.5,3,0.8,2.1,0.9,0.416667,0.8,0.9,2,10,10,8.9,2.1,0.9,0.811111,1.19556,3.99474,10,10,9.38333,6.67333,1.22222
open_space,5.6,-7.7,3.22408,0,0,3,,,15.5,5.4,7.2,8.3,0,5.4,8.3,10,10,10,7.5,7.2,5.4,6.28889,9.025,10,10,10,8.15556,8.08667,5.87111
open_space,11.2,-8.5,0.966026,0,0,3,,,16.9,8.3,8.5,8.4,0,8.3,8.4,10,10,10,10,8.5,8.6,8.725,9.056,10,10,10,10,8.87619,9.16818
open_space,3,-2.1,2.3321,0,0,3,,,4.7,1.9,1.9,2.8,0.380556,2.6,2.8,3.8,10,10,2.8,1.9,1.9,2.96,3.09111,5.8129,10,10,4.69375,2.15778,2.09556
open_space,7.7,-17.5,1.90849,0,0,3,,,16.9,8.4,5,2.5,0.233333,8.4,6.9,2.5,2.2,2.3,5,10,10,9.10625,7.67778,3.67333,2.25778,3.12889,6.90714,10,10
open_space,5.1,-19.2,6.06946,1,1,3,0|1|1；0|0|0；0|0|0,0|0；-0.5|0.5；-0.5|-0.5,10.5,0.6,0.5,9.3,0.45,2.2,10,9.3,5,0.9,0.5,0.5,0.6,4.02,10,9.53333,6.33111,3.05333,0.628889,0.513333,0.964444
open_space,2.8,-5.7,2.87171,0,0,3,,,8.4,2.6,5.4,3,0.155556,2.6,3,9.6,10,10,5.7,5.4,2.7,2.68667,4.70444,9.6,10,10,7.15122,5.64222,3.52222
open_space,16.7,-18,4.8779,1,1,3,0|1|1；0|0|0；0|0|0,0|0；-0.5|0.5；-0.5|-0.5,5,1.7,2.1,2.9,0.305556,1.7,2.9,3,5.1,10,10,2.1,1.7,2.07778,3.10444,3.68,6.95789,10,10,3.83636,1.79333
open_space,19,-17.2,2.14039,0,0,3,,,5.5,3.1,0.7,2.6,0.552778,10,4.7,2.6,1.3,0.7,0.7,0.8,3.1,10,6.61111,3.23333,2.22889,0.888889,0.722222,1.36444,5.02222
open_space,3.6,-2.9,0.449809,0,0,3,,,12.7,2.9,10,2.7,0.133333,2.9,2.7,3,3.4,3.8,10,10,6.4,3.90889,2.76889,3.67333,3.48889,5.55778,10,10,7.85
open_space,0.6,-5.4,5.02915,1,1,3,0|1|0；0|0|1；0|0|0,0|0；-0.5|0；-1|0,10.4,0.8,0.4,5.9,0.461111,10,10,5.9,1.2,0.4,0.4,0.4,0.8,10,10,7.4125,4.42667,0.66,0.4,0.537778,2.032
open_space,14.9,-12.8,3.41977,1,1,3,0|1|1；0|0|0；0|0|0,0|0；-0.5|0.5；-0.5|-0.5,16.9,8,9.8,5.5,0,8,6.9,5.5,4.8,5,9.8,10,10,8.81176,7.14222,7.07556,4.96222,6.45111,9.8,10,10
open_space,7,-10.3,5.78721,0,0,3,,,19.4,9.8,7.1,10,0,10,10,10,7.8,6.8,7.1,9.4,9.8,10,10,10,8.74737,7.03111,8.15484,9.57297,9.92
open_space,2.1,-16.9,1.24056,1,1,3,0|1|1；0|0|0；0|0|0,0|0；-0.5|0.5；-0.5|-0.5,10.5,4.4,3.1,1.9,0.383333,4.4,2,1.9,2.1,2.8,3.1,8.5,10,6.38667,2.72889,1.94667,2.75556,2.87556,4.60889,9,10
open_space,17.4,-18.4,1.49365,0,0,3,,,12.3,3,1.7,2,0.538889,10,10,2,1.3,1.3,1.7,2.3,3,10,10,3.9,1.51333,1.4,2.25333,2.48667,4.97297
open_space,16.7,-13.8,0.609369,0,0,3,,,13.1,3,3.1,10,0,3.6,10,10,10,6,5.3,3.1,3,5.5,10,10,10,7.33409,6.04,3.76222,3.15111
open_space,19.2,-13,4.9452,1,1,3,0|1|1；0|0|0；0|0|0,0|0；-0.5|0.5；-0.5|-0.5,8.4,0.6,7.9,0.5,0.45,0.6,0.5,0.5,0.9,10,10,7.9,2.2,0.96,0.513333,0.628889,2.38333,10,10,8.8125,6.33778
open_space,2.1,-14.1,1.19633,0,0,3,,,12.1,4.9,6.1,1.9,0.277778,4.9,2.1,1.9,2.1,5.1,6.1,10,10,6.64167,2.87333,1.94444,2.93778,5.70222,7.50303,10,10
open_space,18,-0.8,1.85112,0,0,3,,,1.9,0.6,0.7,1.2,0.625,0.6,1.2,10,6.4,2,1.7,0.7,0.6,0.791111,2.67308,10,7.76667,3.10222,1.75333,1.05778,0.613333
open_space,19.2,-7.3,4.42198,1,1,3,0|1|1；0|0|0；0|0|0,0|0；-0.5|0.5；-0.5|-0.5,10.5,1,8.1,0.5,0.45,1,0.5,0.5,0.6,1.6,8.1,10,10,2.412,0.671111,0.504444,0.846667,6.05778,8.86471,10,10
open_space,5.9,-8.4,3.09173,1,1,3,0|1|1；0|0|0；0|0|0,0|0；-0.5|0.5；-0.5|-0.5,15.9,5.7,8.2,7.7,0,5.7,7.7,10,10,10,8.2,8.2,5.7,6.22889,8.69286,10,10,10,8.83125,8.78,6.58222
open_space,13.2,-6.1,4.60056,0,0,3,,,16.6,10,7.5,6.5,0,10,6.6,6.5,5.9,5.9,7.5,10,10,10,7.6814,6.95111,7.00667,6.30889,8.58125,10,10
open_space,2.5,-9.9,2.18911,0,0,3,,,12.2,2.3,9.9,2.3,0.216667,2.3,2.3,2.8,9.8,10,10,9.9,4,2.86222,2.41778,5.05333,9.86087,10,10,9.94,7.93556
open_space,4.6,-7,2.85065,0,0,3,,,11.8,4.4,6.8,5,0,4.4,5,10,10,10,7.1,6.8,4.6,4.53556,6.63889,10,10,10,8.19667,7.00889,6.00889
open_space,8,-17.7,5.94764,0,0,3,,,12,2.2,2,10,0.263889,6,10,10,8.3,4.7,2.1,2,2.2,7.4125,10,10,8.98947,7.44222,2.89333,2.04889,3.26
open_space,15.1,-18.6,2.63513,1,1,3,0|1|1；0|0|0；0|0|0,0|0；-0.5|0.5；-0.5|-0.5,10.7,4.1,4.8,1.1,0.380556,4.1,1.3,1.1,1.1,2.2,4.8,9.4,10,5.9,1.99778,1.12889,1.46667,4.07778,6.19556,9.55,10
open_space,7.4,-6.2,5.05362,0,0,3,,,17.6,10,7.2,6.7,0,10,10,6.7,6,6.4,7.2,7.6,10,10,10,8.00357,6.16889,7.81333,7.39778,8.556,10
open_space,3.1,-17.9,2.5912,0,0,3,,,12.1,2.9,10,1.8,0.355556,2.9,2.1,1.8,1.8,3.4,10,10,3.4,3.01778,2.82889,1.86667,2.32222,5.44545,10,10,5.26585
open_space,5,-2.7,5.0099,0,0,3,,,13.9,10,4.8,2.8,0.180556,10,8.9,2.8,2.5,2.6,4.8,5,10,10,9.2,4.44444,2.57778,3.41556,4.94667,6.58,10
open_space,8.2,-7.6,5.53939,1,1,3,0|1|1；0|0|0；0|0|0,0|0；-0.5|0.5；-0.5|-0.5,20,10,8,7.4,0,10,10,7.4,7.4,8,8,10,10,10,10,8.17778,8.24146,8.58974,8.64571,10,10
open_space,5,-10.7,3.08401,1,1,3,0|1|1；0|0|0；0|0|0,0|0；-0.5|0.5；-0.5|-0.5,13.7,4.8,7.3,6.4,0,4.8,6.4,9,10,10,10,7.3,4.8,5.23111,8.65116,9.28667,10,10,10,8.47692,5.56889
open_space,18.3,-4,3.71183,0,0,3,,,7.1,10,3.8,1.4,0.344444,10,2.6,1.4,1.4,1.7,3.8,4.5,10,10,4.55833,1.79778,1.45111,2.63556,3.96,6.33333,10
open_space,9.2,-5.4,1.43093,1,1,3,0|1|1；0|0|0；0|0|0,0|0；-0.5|0.5；-0.5|-0.5,15.3,5.2,8.8,6.5,0,5.2,6.5,9,10,10,10,8.8,5.3,5.51556,8.6122,9.25714,10,10,10,9.28,6.34889
open_space,6.8,-13,2.18602,1,1,3,0|1|1；0|0|0；0|0|0,0|0；-0.5|0.5；-0.5|-0.5,16.6,6.7,10,6.6,0,6.7,6.6,6.8,6.7,8.2,10,10,10,7.85128,6.94889,7.94222,7.05111,9.01429,10,10,10
open_space,8.1,-14.7,5.73119,1,1,3,0|1|1；0|0|0；0|0|0,0|0；-0.5|0.5；-0.5|-0.5,15,5.1,5,10,0,9.5,10,10,9.4,7.9,5.9,5,5.1,9.65,10,10,9.66667,8.23778,7.82,5.20889,6.46889
open_space,7.6,-17.5,2.91426,1,1,3,0|1|1；0|0|0；0|0|0,0|0；-0.5|0.5；-0.5|-0.5,12.3,4.2,10,2.2,0.236111,4.2,2.3,2.2,2.6,9.6,10,10,7.6,6.83111,2.86222,2.28222,4.29111,9.6,10,10,8.51379
open_space,9.3,-13.4,1.88912,0,0,3,,,19.1,10,10,7.1,0,10,9.1,7.1,6.3,6.6,10,10,10,10,9.33953,8.60968,6.48889,7.88529,10,10,10
open_space,0.4,-0.7,4.05198,1,1,3,0|1|0；0|0|1；0|0|0,0|0；-0.5|0；-1|0,10.2,0.2,0.2,4.2,0.716667,0.3,10,4.2,0.6,0.5,0.2,0.2,0.2,0.827027,10,5.95,1.26444,0.526667,0.377778,0.2,0.222222
open_space,14.5,-1.7,0.0868488,0,0,3,,,8.4,2,6.9,1.5,0.333333,2,1.5,1.5,2.3,10,10,6.9,5.2,3.58444,1.62222,1.74222,4.2,10,10,8.11111,5.64222
open_space,7.8,-5.6,0.45861,1,1,3,0|1|1；0|0|0；0|0|0,0|0；-0.5|0.5；-0.5|-0.5,15.4,5.7,10,5.4,0,5.7,5.4,6,7.6,8.5,10,10,10,7.16316,5.55111,7.72667,7.81333,9.12667,10,10,10
open_space,1.6,-2.3,3.37174,1,1,3,0|1|1；0|0|0；0|0|0,0|0；-0.5|0.5；-0.5|-0.5,4.3,1.4,1.7,2.6,0.55,1.4,2.6,10,9.8,2.5,2.1,1.7,1.4,1.79556,4.72,10,9.8,4.22444,2.18222,2.13111,1.45111
open_space,1.3,-15.9,1.41604,0,0,3,,,11.1,1.9,4.7,1.1,0.380556,1.9,1.1,1.1,1.4,3.8,4.7,10,10,3.81333,1.34444,1.15556,2.35333,4.00889,6.47187,10,10
open_space,18,-11.8,1.72476,0,0,3,,,11.7,2.8,1.7,9.9,0.308333,10,10,9.9,7.9,2.1,1.7,1.7,2.8,10,10,9.95,8.39111,3.98889,1.8,2.06444,4.82222
open_space,8.4,-12,1.45494,0,0,3,,,18.3,10,9.8,8.2,0,10,8.3,8.2,7.8,7.7,9.8,10,10,10,8.9,8.6907,8.56364,8.22444,9.85,10,10
open_space,3.1,-16.4,4.3968,0,0,3,,,6.6,3.2,2.9,3.7,0.0583333,3.3,3.7,10,10,6.6,3.1,2.9,3.2,3.39111,5.55778,10,10,7.99,4.11111,2.97778,3.76667
open_space,8.8,-11.7,3.97417,1,1,3,0|1|1；0|0|0；0|0|0,0|0；-0.5|0.5；-0.5|-0.5,16.6,8,8.6,8,0,8,8,10,10,10,10,8.6,8.6,8.615,8.66,10,10,10,10,9.02121,9.0931
open_space,16.9,-9.6,5.07532,0,0,3,,,12.8,3.1,10,2.8,0.102778,3.1,2.8,3,6.8,10,10,10,8.2,4.51778,2.87111,4.10222,9.27778,10,10,10,8.85
open_space,4.9,-12.1,4.82211,0,0,3,,,14.7,7.5,4.7,10,0,7.6,10,10,10,6.1,4.7,4.7,7.5,8.44857,10,10,10,7.6087,5.06222,5.55556,7.97778
open_space,5.1,-13.4,5.58305,0,0,3,,,16.3,6.3,4.9,10,0,9.8,10,10,6.5,4.9,4.9,6.3,6.3,9.9,10,10,7.845,5.32,5.71333,6.81556,7.35333
open_space,13.8,-12.3,1.902,0,0,3,,,16.2,10,5.9,8.3,0,10,10,8.3,7.4,6.6,5.9,6.2,10,10,10,9.01875,7.61556,8.06222,6.07333,7.59444,10
open_space,17.6,-17.8,0.190345,0,0,3,,,5.6,2.1,1.9,3.7,0.516667,2.1,3.7,10,10,2.3,1.9,1.9,2.1,2.61333,5.76957,10,10,4.17556,1.99111,2.30889,2.20222
open_space,12.7,-16.3,5.02865,1,1,3,0|1|1；0|0|0；0|0|0,0|0；-0.5|0.5；-0.5|-0.5,10.8,3.4,3.8,7,0,3.6,7,7.4,10,10,10,3.8,3.4,4.74222,7.20444,8.36429,10,10,10,5.66047,3.50222
open_space,15.7,-13.9,4.64857,1,1,3,0|1|1；0|0|0；0|0|0,0|0；-0.5|0.5；-0.5|-0.5,12.9,5.8,8.9,4,0,5.8,4,4,5.3,10,10,8.9,5.8,6.19556,4.65111,4.34889,7.05,10,10,9.43333,6.74889
open_space,10,-5.3,1.11325,1,1,3,0|1|1；0|0|0；0|0|0,0|0；-0.5|0.5；-0.5|-0.5,15.1,5.1,9.7,5.4,0,5.1,5.4,9.8,10,10,10,9.7,5.7,5.24667,6.87805,9.87692,10,10,10,9.80667,7.26667
open_space,4.1,-5.4,5.47071,0,0,3,,,13.1,10,3.9,5.2,0,10,7.7,5.2,5.2,3.9,3.9,5.4,10,10,8.68333,5.93111,5.64444,4.44444,4.30222,7.02083,10
open_space,4.9,-5.6,2.49831,1,1,3,0|1|1；0|0|0；0|0|0,0|0；-0.5|0.5；-0.5|-0.5,10.1,4.7,5.4,4.7,0,4.7,4.7,7.8,10,10,6.8,5.4,5.5,5.00667,5.67333,8.81,10,10,8.07,5.75111,6.14889
open_space,6.1,-3.3,0.280539,0,0,3,,,13.1,3.6,10,3.1,0,3.6,3.1,3.2,5.9,6.1,10,10,10,5.44884,3.20222,4.16889,6.09556,7.49744,10,10,10
open_space,13.1,-2.2,5.05431,0,0,3,,,16.2,7.4,4.6,2.2,0.266667,7.4,6.2,2.2,2,2.1,4.6,10,10,8.41739,6.76,3.30889,2.05111,2.85111,6.60667,10,10
open_space,12,-7.4,3.89723,1,1,3,0|1|1；0|0|0；0|0|0,0|0；-0.5|0.5；-0.5|-0.5,19.9,10,7.2,7.7,0,10,10,7.7,7.7,7.2,7.2,9.9,10,10,10,8.45789,8.3619,8.07857,7.93333,9.95,10
open_space,7.1,-11.2,1.96119,0,0,3,,,16.9,7.5,10,6.9,0,7.5,6.9,7.5,8.5,9.2,10,10,10,8.55,7.08222,8.78529,8.72444,9.54,10,10,10
open_space,15.3,-2.5,5.42559,0,0,3,,,13.6,4.4,10,2.3,0.216667,4.4,3.6,2.3,2.3,3,10,10,6.8,5.14,4.42889,2.68444,2.48889,5.03514,10,10,8.21333
open_space,11.5,-5,2.02798,0,0,3,,,15.1,4.8,5.1,10,0,5.3,10,10,10,8.7,8.2,5.1,4.8,6.95833,10,10,10,9.26875,8.43111,6.81556,4.92889
open_space,5.1,-12.9,1.49122,0,0,3,,,14.9,7.7,8.9,4.9,0,7.7,4.9,4.9,6.4,6.8,8.9,10,10,8.69091,5.75111,5.29778,7.32444,7.35556,9.4375,10,10
open_space,2.3,-15.3,4.10071,1,1,3,0|1|1；0|0|0；0|0|0,0|0；-0.5|0.5；-0.5|-0.5,6.6,2.1,2.1,4.5,0.25,3.6,4.5,7.6,10,10,2.6,2.1,2.1,4.42444,5.43111,8.67,10,10,4.5186,2.21333,2.58667
open_space,8.8,-11.3,3.3401,0,0,3,,,18.4,8.6,10,8.4,0,8.8,8.4,8.6,10,10,10,10,8.6,9.27,8.79773,9.15652,10,10,10,10,8.94524
open_space,4.9,-5.7,4.42974,0,0,3,,,14.7,5.4,4.7,10,0,10,10,10,5.8,5.5,4.9,4.7,5.4,10,10,10,7.165,5.67556,5.99111,4.84889,6.98235
open_space,18.5,-19.6,4.3996,0,0,3,,,0.3,0.1,0.2,0.1,0.683333,0.1,0.1,0.2,1.3,3.8,10,0.2,0.1,0.1,0.126667,0.94,2.01333,5.86667,10,0.469231,0.106667
open_space,12.6,-10.2,0.191569,1,1,3,0|1|1；0|0|0；0|0|0,0|0；-0.5|0.5；-0.5|-0.5,18.7,7.1,8.7,10,0,7.2,10,10,10,10,9.5,8.7,7.1,8.24286,10,10,10,10,9.63333,9.54,7.47333
open_space,1,-2.1,2.46685,1,1,3,0|1|1；0|0|0；0|0|0,0|0；1|0；2|0,2.7,0.8,1.9,0.8,0.597222,0.8,0.8,1.3,10,10,2.5,1.9,1,0.855556,0.933333,2.85143,10,10,4.315,2.04,1.58667
open_space,2.6,-2.9,2.2412,1,1,3,0|1|1；0|0|0；0|0|0,0|0；-0.5|0.5；-0.5|-0.5,5.1,2.4,2.7,2.4,0.333333,2.4,2.4,3,10,10,4.4,2.7,2.7,2.85333,2.56,4.91842,10,10,6.40435,3.23333,2.88222
open_space,6.6,-17,5.2467,0,0,3,,,12.8,2.7,2.8,10,0.133333,3.1,10,10,10,6.6,5.4,2.8,2.7,5.05111,10,10,10,7.85,6.45556,3.59333,2.79333
open_space,9.5,-15.5,2.32397,1,1,3,0|1|1；0|0|0；0|0|0,0|0；-0.5|0.5；-0.5|-0.5,16.2,9.3,10,4.2,0,9.3,6.2,4.2,4.2,5.7,10,10,10,9.565,8.76279,4.79778,4.62222,7.37391,10,10,10
open_space,4.4,-7.4,0.99894,1,1,3,0|1|1；0|0|0；0|0|0,0|0；-0.5|0.5；-0.5|-0.5,15,7.2,10,4.2,0,7.2,5,4.2,4.3,7.7,10,10,8.7,7.53778,6.87333,4.39333,5.34444,8.75556,10,10,9.27273
open_space,5.3,-2.5,1.14282,1,1,3,0|1|1；0|0|0；0|0|0,0|0；-0.5|0.5；-0.5|-0.5,9.3,2.3,6.8,2.5,0.216667,2.3,2.5,5.1,5.4,10,10,6.8,2.5,2.35778,3.34444,5.23333,6.995,10,10,8.08571,3.72889
open_space,12.1,-3.8,5.02894,0,0,3,,,17.6,8.6,7.9,4.1,0,8.6,7.6,4.1,3.6,3.8,7.9,10,10,9.23571,7.82889,5.93333,3.70444,5.02444,8.88571,10,10
open_space,16.2,-3.9,1.74814,0,0,3,,,10,3.7,3.5,6.4,0,3.8,6.4,10,10,4.3,3.5,3.6,3.7,4.58222,7.9,10,10,6.10882,3.69333,4.2,3.89778
open_space,7.7,-5.9,4.06933,1,1,3,0|1|1；0|0|0；0|0|0,0|0；-0.5|0.5；-0.5|-0.5,17.5,7.6,5.8,10,0,10,10,10,7.2,5.7,5.8,7.5,7.6,10,10,10,8.34444,6.07111,6.89556,7.99111,8.42353
open_space,16.9,-6.9,3.69503,1,1,3,0|1|1；0|0|0；0|0|0,0|0；-0.5|0.5；-0.5|-0.5,13.3,10,6.7,2.9,0.102778,10,5.4,2.9,2.8,3.3,6.7,7.9,10,10,7.12667,3.66667,2.90667,5.05111,6.96667,8.76471,10
open_space,6.5,-10.1,3.70273,0,0,3,,,16.1,6.3,6.5,9.6,0,7.4,9.6,10,10,10,9.9,6.5,6.3,8.7625,9.71935,10,10,10,9.945,7.71053,6.55778
open_space,11.4,-9.8,5.01629,0,0,3,,,18.3,9.4,10,8.3,0,9.4,8.3,8.7,9.6,10,10,10,9.9,9.66667,8.56889,9.22353,9.74118,10,10,10,9.94
open_space,7.4,-12.4,4.74069,0,0,3,,,17.2,7.3,7.2,10,0,7.3,10,10,10,10,7.2,7.2,7.3,8.12381,10,10,10,10,7.99556,8.04884,8.10667
open_space,4.1,-12.4,1.71288,0,0,3,,,13.9,4.9,10,3.9,0,4.9,3.9,3.9,6.5,7.4,10,10,10,6.7,4.15111,4.70667,7.48222,8.29167,10,10,10
open_space,14.8,-13.8,3.41768,1,1,3,0|1|1；0|0|0；0|0|0,0|0；-0.5|0.5；-0.5|-0.5,15.9,6.8,10,5.7,0,6.8,5.9,5.7,4.9,5.1,10,10,10,8.112,6.10667,6.60889,5.07333,6.58667,10,10,10
open_space,19.5,-11.5,3.14981,0,0,3,,,18.2,10,0.3,0.3,0.483333,10,8.2,0.3,0.2,0.2,0.3,10,10,10,8.75714,0.968889,0.208889,0.208889,0.793182,10,10
open_space,19.4,-14,2.59712,0,0,3,,,7.2,10,0.3,1.2,0.472222,10,6.7,1.2,0.3,0.3,0.3,0.5,10,10,8.03333,5.09778,0.551111,0.3,0.371111,1.45,10
open_space,14.2,-16.2,2.07848,0,0,3,,,13.7,10,5.5,3.7,0,10,7.4,3.7,3.5,4,5.5,6.3,10,10,8.4,4.78,3.61111,5.32444,5.68,7.66071,10
open_space,1.9,-18.1,2.2535,1,1,3,0|1|1；0|0|0；0|0|0,0|0；-0.5|0.5；-0.5|-0.5,11.7,1.7,10,1.6,0.563889,1.7,1.7,1.6,1.6,2,10,10,2.7,2.01778,1.81778,1.87778,1.70889,3.79048,10,10,4.69655
open_space,6.5,-0.6,2.38458,0,0,3,,,6.7,0.4,0.4,6.3,0.461111,0.6,6.3,9.2,10,10,0.5,0.4,0.4,1.84667,7.12667,9.52,10,10,1.47273,0.433333,0.44
open_space,2.1,-17.1,2.65471,0,0,3,,,8.7,1.9,6.7,2,0.438889,1.9,2,2.6,2.7,5.5,10,6.7,2.2,1.95333,2.51556,2.67778,3.55111,7.29286,10,8.05,3.36667
open_space,14.8,-16.4,6.09002,0,0,3,,,9.2,4,3.3,5.9,0,4.9,5.9,10,10,6,3.4,3.3,4,5.12444,7.475,10,10,7.53571,4.18444,3.45111,5.03333
open_space,9.4,-5.9,5.67881,1,1,3,0|1|1；0|0|0；0|0|0,0|0；-0.5|0.5；-0.5|-0.5,17,10,9.4,5.7,0,10,7,5.7,5.8,9.2,9.4,10,10,10,8.195,6.00667,7.08444,9.43143,9.63571,10,10
open_space,8.7,-17.5,5.24709,1,1,3,0|1|1；0|0|0；0|0|0,0|0；-0.5|0.5；-0.5|-0.5,11,2.2,2.3,8.7,0.233333,2.5,8.7,10,10,8.8,4.4,2.3,2.2,4.12,9.05,10,10,9.30588,7.67111,2.92444,2.27556
open_space,18.5,-2.2,1.91662,1,1,3,0|1|1；0|0|0；0|0|0,0|0；-0.5|0.5；-0.5|-0.5,5.9,2,1.2,4.6,0.566667,2.1,4.6,10,3.6,1.3,1.2,1.3,2,2.86889,6.42857,10,5.75385,1.96222,1.22667,1.68889,2.05111
open_space,14.7,-15.7,3.20235,0,0,3,,,14,5.4,7.5,4,0,5.4,4,4,5,5,7.5,10,10,7.14,4.37778,4.59778,5.44889,5.75556,8.55,10,10
open_space,13.1,-11.7,5.87153,0,0,3,,,15.1,6.6,8,7.1,0,6.6,7.1,10,10,10,8.8,8,7.3,6.77556,8.2,10,10,10,9.32308,8.21333,8.67317
open_space,4.4,-8.7,4.80079,1,1,3,0|1|1；0|0|0；0|0|0,0|0；-0.5|0.5；-0.5|-0.5,14.2,6.5,4.2,10,0,10,10,10,8.5,5.5,4.2,4.2,6.5,10,10,10,8.92703,7.91111,4.55333,4.90444,7.94375
open_space,6,-19.5,4.9956,1,1,3,0|1|1；0|0|0；0|0|0,0|0；1|0；2|0,0.6,0.2,0.2,0.4,0.483333,0.2,0.4,10,10,6.7,0.6,0.2,0.2,0.244444,1.01429,10,10,8,4.60222,0.322222,0.2
open_space,1.7,-16.8,5.66934,0,0,3,,,12.6,2.9,1.5,9.5,0.391667,5,10,9.5,1.8,1.5,1.5,2.6,2.9,6.81053,10,9.5,3.44444,1.58,1.83778,2.95556,3.57556
open_space,4.3,-0.9,3.7211,0,0,3,,,10.8,3.2,0.7,10,0.427778,4.9,10,10,1.3,0.7,0.7,0.8,3.2,6.59394,10,10,2.86897,0.886667,0.724444,1.39556,4.23333
open_space,18.2,-9.2,1.84239,0,0,3,,,11.6,3,1.5,10,0.333333,9.3,10,10,5.8,1.7,1.5,1.6,3,9.61818,10,10,7.51429,2.77333,1.54444,2,7.13778
open_space,14.1,-5.3,4.70362,0,0,3,,,15.6,8.1,7.1,5.6,0,8.1,5.6,5.6,5.1,5.1,7.1,10,10,8.92,6.32889,6.21778,5.76222,5.66889,8.3625,10,10
open_space,17.3,-0.4,5.30191,0,0,3,,,10.3,2.5,0.8,0.2,0.591667,2.5,0.3,0.2,0.2,0.2,0.8,10,4.4,3.04889,1.28,0.233333,0.2,0.366667,2.17273,10,6.405
open_space,10.5,-13.8,0.357144,0,0,3,,,16.3,9.2,5.9,10,0,9.8,10,10,10,6.5,5.9,6.3,9.2,9.925,10,10,10,7.83793,6.06222,7.60882,9.43864
open_space,3.4,-13.3,1.01762,1,1,3,0|1|1；0|0|0；0|0|0,0|0；-0.5|0.5；-0.5|-0.5,13.8,10,6.6,3.2,0,10,3.8,3.2,3.3,6,6.6,10,10,10,5.61282,3.33333,4.13111,6.56222,7.77632,10,10
open_space,2.7,-0.8,1.95344,0,0,3,,,2.2,0.6,0.7,1.5,0.558333,0.6,1.5,2.7,6.3,10,1.6,0.7,0.6,0.88,2.37778,3.74,7.68889,10,3.27222,0.924444,0.6
open_space,12.1,-12.6,4.38973,1,1,3,0|1|1；0|0|0；0|0|0,0|0；-0.5|0.5；-0.5|-0.5,17.9,7.1,10,7.6,0,7.1,7.9,7.6,8.5,10,10,10,7.5,7.29778,8.82439,7.81333,9.14667,10,10,10,8.48846
open_space,15,-7.9,3.87629,0,0,3,,,17.1,10,7.7,4.7,0,10,7.1,4.7,4.7,6.3,7.7,10,10,10,8.34286,5.42889,5.13111,7.87778,8.33488,10,10
open_space,8.3,-16.1,6.07152,0,0,3,,,13.6,4.3,3.6,10,0,10,10,10,8.3,6.8,3.7,3.6,4.3,10,10,10,9.00833,8.16,4.63778,3.75111,6.12162
open_space,16.4,-1.1,0.225837,1,1,3,0|1|1；0|0|0；0|0|0,0|0；-0.5|0.5；-0.5|-0.5,4.8,1.1,3.9,0.9,0.405556,1.1,0.9,0.9,1.7,10,10,3.9,3.3,1.78222,0.931111,1.14444,3.50714,10,10,5.75,3.44
open_space,5.5,-17.4,2.71201,1,1,3,0|1|1；0|0|0；0|0|0,0|0；-0.5|0.5；-0.5|-0.5,12.5,5.3,10,2.3,0.216667,5.3,2.5,2.3,2.5,5.5,10,10,5.9,5.44444,3.70667,2.35778,3.33556,7.16667,10,10,7.34848
open_space,7.6,-4.7,3.44987,0,0,3,,,14.7,7.4,4.5,10,0,7.8,10,10,10,5.1,4.5,4.7,7.4,8.67692,10,10,10,6.80278,4.63778,6.18222,7.62667
open_space,2.5,-5,4.25014,0,0,3,,,12.3,2.4,2.3,10,0.216667,5.1,10,10,5.4,4.8,2.6,2.3,2.4,6.91429,10,10,7.04,4.94444,3.75778,2.36444,3.22
open_space,12.6,-17.5,0.822286,0,0,3,,,13.2,7.1,2.2,10,0.236111,10,10,10,3,2.2,2.2,3.2,7.1,10,10,10,4.97941,2.43111,2.49111,5.68889,8.02727
open_space,6.8,-14.2,2.22155,1,1,3,0|1|1；0|0|0；0|0|0,0|0；-0.5|0.5；-0.5|-0.5,16.6,6.7,10,5.6,0,6.7,6.6,5.6,5.5,6.9,10,10,10,7.79024,7.01333,6.66444,5.83778,8.15,10,10,10
open_space,2.1,-4.6,4.38414,0,0,3,,,11.9,2.1,1.9,10,0.280556,5.8,10,10,4.7,4.4,2,1.9,2.1,7.51111,10,10,6.33556,4.50222,2.72222,1.94889,3.12889
open_space,17.8,-0.4,2.22532,0,0,3,,,1.4,0.2,0.2,1.2,0.630556,0.2,1.2,10,3.2,1.9,0.3,0.2,0.2,0.426667,2.57143,10,5.12692,2.29778,0.971111,0.226667,0.2
open_space,2.6,-2.1,0.379885,1,1,3,0|1|1；0|0|0；0|0|0,0|0；-0.5|0.5；-0.5|-0.5,11.9,2.1,6,1.9,0.480556,2.1,1.9,2,2.4,2.6,6,10,5.3,2.98222,1.94444,2.54222,2.46,3.58222,7.55,10,7.15455
open_space,6.9,-17,1.35534,0,0,3,,,16.9,10,3.2,5.1,0.133333,10,6.9,5.1,2.8,2.7,3.2,10,10,10,7.96,6.62889,3.48667,2.80889,5.02857,10,10
open_space,13.3,-15.8,1.22317,1,1,3,0|1|1；0|0|0；0|0|0,0|0；-0.5|0.5；-0.5|-0.5,16.4,7.1,4.3,9.5,0,10,10,9.5,4.2,3.9,4.3,6.4,7.1,10,10,9.7,5.72889,4,5.82222,6.57333,8.20769
open_space,14.7,-18.1,5.476,0,0,3,,,6.6,1.6,1.6,5,0.319444,2.2,5,6.9,10,10,2.3,1.6,1.6,3.84889,5.52444,8.16471,10,10,4.20294,1.81111,1.76444
open_space,2.1,-14.5,1.06602,1,1,3,0|1|1；0|0|0；0|0|0,0|0；-0.5|0.5；-0.5|-0.5,12.2,7.2,5.4,1.9,0.280556,7.2,2.2,1.9,2,3.9,5.4,10,10,8.34,3.46889,1.95778,2.55333,5.12667,6.85814,10,10
open_space,11.2,-7.2,0.0301981,0,0,3,,,17,8.5,10,7,0,8.5,7,7,10,10,10,10,8.5,9.05455,7.77778,7.92444,10,10,10,10,8.97941
open_space,1.9,-0.3,0.437283,1,1,3,0|1|0；0|0|1；0|0|0,0|0；-0.5|0；-1|0,10.1,0.1,4.9,0.1,0.652778,0.1,0.1,0.1,0.2,1.9,4.9,10,0.2,0.111111,0.1,0.122222,1.19556,2.72444,6.74545,10,0.495833
open_space,3.8,-18.3,4.35847,0,0,3,,,4.9,1.4,3.4,1.5,0.344444,1.4,1.5,3.9,10,8.9,3.9,3.4,1.5,1.43111,2.21556,5.94615,10,9.23333,5.32444,3.66667,2.06
open_space,2.3,-14.8,4.89003,0,0,3,,,10.6,3.6,2.1,8.5,0.25,5,8.5,10,10,2.6,2.1,2.1,3.6,6.07333,9.13333,10,10,4.47442,2.20889,2.59778,4.80667
open_space,14.4,-3.9,0.129318,0,0,3,,,10.5,4.7,6.8,3.7,0,4.7,3.7,3.7,6,10,10,6.8,5.3,5.62889,3.95333,4.42667,7.64118,10,10,8.055,5.66889
open_space,10.8,-8.8,0.484948,0,0,3,,,18,8.9,9.4,8.6,0,9.1,8.6,9.7,10,10,10,9.4,8.9,9.5,8.86222,9.85,10,10,10,9.66,9.16889
open_space,4.7,-9.4,2.79878,1,1,3,0|1|1；0|0|0；0|0|0,0|0；-0.5|0.5；-0.5|-0.5,14.2,4.5,9.2,5,0,4.5,5,10,10,10,9.8,9.2,4.8,4.61778,6.66667,10,10,10,9.925,9.43864,6.4093
open_space,4.7,-1.8,5.1215,0,0,3,,,9,10,4.3,1.7,0.322222,10,4.1,1.7,1.6,1.7,4.3,4.9,10,10,6.1,2.41778,1.63778,2.46667,4.59333,6.59512,10
open_space,10.1,-1.6,4.36323,1,1,3,0|1|1；0|0|0；0|0|0,0|0；-0.5|0.5；-0.5|-0.5,14,10,1.5,3.4,0.347222,10,10,3.4,1.5,1.4,1.5,4,10,10,10,8.00476,2.04444,1.43111,2.22667,8.26,10
open_space,11.7,-4.1,5.75013,0,0,3,,,14.6,8,10,3.9,0,8,4.6,3.9,4,7.6,10,10,9.4,8.31333,6.70889,4.04889,5.12222,8.5875,10,10,9.65
open_space,15.5,-12.9,2.95712,1,1,3,0|1|1；0|0|0；0|0|0,0|0；-0.5|0.5；-0.5|-0.5,16.9,10,5.1,6.8,0,10,6.9,6.8,4.3,4.2,5.1,10,10,10,7.99444,7.12222,5.29778,4.40444,6.85937,10,10
open_space,11.4,-11.8,3.16054,0,0,3,,,17.9,10,10,7.9,0,10,7.9,7.9,8.3,8.3,10,10,10,10,8.55128,8.57368,8.83714,8.86176,10,10,10
open_space,12.9,-17.2,4.45726,0,0,3,,,7.9,2.5,5,2.9,0.177778,2.5,2.9,6.8,7.9,10,10,5,2.6,2.58444,4.53111,7.04444,8.79444,10,10,6.9375,3.34
open_space,3.2,-16.6,3.8401,0,0,3,,,6.1,3,3,3.1,0,3.1,3.1,4,10,10,4.7,3,3,3.58444,3.33778,5.98788,10,10,6.54545,3.53556,3.23333
open_space,10.6,-2.5,1.81414,0,0,3,,,7.1,2.3,2.7,4.4,0.219444,2.4,4.4,10,10,10,9.1,2.7,2.3,2.99333,6.44211,10,10,10,9.33077,4.51333,2.38667
open_space,8.1,-15.2,2.70705,0,0,3,,,15,7.9,10,4.5,0,7.9,5,4.5,4.8,10,10,10,8.8,8.11778,6.90889,4.62444,6.42955,10,10,10,9.33077
open_space,7.1,-8.5,0.486344,0,0,3,,,18.3,8.7,10,7.3,0,8.7,8.3,7.3,6.9,7.8,10,10,10,9.28824,8.55111,8.56667,7.10444,8.68947,10,10,10
open_space,0.5,-15.6,0.974943,1,1,3,0|1|0；0|0|1；0|0|0,0|0；-0.5|0；-1|0,7.7,1.5,4.2,0.3,0.472222,1.5,0.4,0.3,0.3,0.5,4.2,7.3,10,3.26667,0.615556,0.302222,0.357778,2.03333,5.12667,8.47273,10
open_space,12.1,-16.8,2.36286,0,0,3,,,14.1,10,7.6,2.9,0.0611111,10,4.1,2.9,2.9,4.1,7.6,10,10,10,6.01429,3.24889,3.24222,6.56222,8.33659,10,10
open_space,16.7,-10.7,1.61873,0,0,3,,,13,4.4,3,10,0,10,10,10,9,4.1,3,3,4.4,10,10,10,9.31379,7.06,3.30222,3.42222,6.4
open_space,1.3,-7.9,1.23435,0,0,3,,,11.2,2.6,10,1.1,0.383333,2.6,1.2,1.1,1.2,3.2,10,10,8.2,6.40444,1.58,1.12222,1.77333,5.36429,10,10,8.935
open_space,13.4,-7.6,1.32353,0,0,3,,,14.9,7.3,6.3,8.6,0,7.4,8.6,10,10,10,6.5,6.3,7.3,7.67333,9.20833,10,10,10,7.77297,6.53111,8.38667
open_space,4.1,-9.2,2.29933,1,1,3,0|1|1；0|0|0；0|0|0,0|0；-0.5|0.5；-0.5|-0.5,12.9,3.9,9,3.9,0,3.9,3.9,5.2,10,10,10,9,5.9,4.52,4.25111,6.95,10,10,10,9.39565,8.51111
open_space,5.2,-5.2,4.94041,0,0,3,,,15.1,9.4,5,5.9,0,10,10,5.9,5,5.1,5,5.1,9.4,10,10,7.47143,5.21778,5.98889,5.21778,6.44444,9.7
open_space,2.1,-4.9,2.65748,1,1,3,0|1|1；0|0|0；0|0|0,0|0；-0.5|0.5；-0.5|-0.5,6.7,1.9,4.7,2,0.280556,1.9,2,4,10,10,5.4,4.7,2.2,1.95556,2.6,6.11667,10,10,6.97941,4.84889,3.26889
open_space,1.2,-16.4,0.474316,0,0,3,,,5.9,10,3.2,1.1,0.394444,10,2.2,1.1,1,1.1,3.2,3.7,10,10,4.11429,1.4,1.01778,1.67333,3.38444,5.48864,10
open_space,8.7,-1.6,2.81204,1,1,3,0|1|1；0|0|0；0|0|0,0|0；-0.5|0.5；-0.5|-0.5,10.9,1.6,1.4,9.5,0.347222,4.2,9.5,10,10,3.2,1.5,1.4,1.6,8.05111,9.71429,10,10,5.32778,2.00222,1.43111,2.29111
open_space,5.8,-9.1,4.17485,0,0,3,,,15.6,5.8,5.6,10,0,10,10,10,10,8.9,6.6,5.6,5.8,10,10,10,10,9.16341,8.50256,5.82,7.18372
open_space,8.8,-17.6,1.26825,1,1,3,0|1|1；0|0|0；0|0|0,0|0；-0.5|0.5；-0.5|-0.5,16,10,2.4,4.6,0.25,10,9.1,4.6,2.2,2.1,2.4,6.9,10,10,9.47692,7.94667,2.93556,2.15778,3.59556,8.13333,10
open_space,2.7,-11,0.804634,0,0,3,,,13.5,10,8.7,2.5,0.180556,10,3.5,2.5,2.5,3.6,8.7,10,10,10,5.42903,2.78444,2.81333,6.60444,9.15333,10,10
open_space,13.1,-0.7,3.12426,0,0,3,,,10.5,0.7,0.5,9.7,0.452778,10,10,9.7,6.6,0.7,0.5,0.5,0.7,10,10,9.83333,7.49556,2.24222,0.557778,0.544444,1.79773
open_space,15.7,-12.4,2.74441,0,0,3,,,18,10,4.3,7.3,0,10,8,7.3,4.4,4,4.3,10,10,10,8.805,7.49333,6.04444,4.10222,6.05333,10,10
open_space,18,-9.5,6.20769,0,0,3,,,4.8,1.7,2.6,2.2,0.305556,1.7,2.2,9.3,10,10,10,2.6,1.7,1.83556,4.63111,9.4963,10,10,10,4.68065,1.98222
open_space,13.7,-10.5,2.46368,1,1,3,0|1|1；0|0|0；0|0|0,0|0；-0.5|0.5；-0.5|-0.5,19.5,10,6,9.2,0,10,10,9.2,7.8,6,6,9.5,10,10,10,9.41034,9.19375,6.46667,7.08667,9.73333,10
open_space,15.3,-2,0.89317,1,1,3,0|1|1；0|0|0；0|0|0,0|0；-0.5|0.5；-0.5|-0.5,6.2,1.8,4.4,1.8,0.294444,1.8,1.8,2.8,10,10,5.7,4.4,2.3,1.93333,2.11778,4.81379,10,10,7.344,4.73556,3.66444
open_space,7.8,-4.7,3.24025,0,0,3,,,14.5,7.1,4.5,10,0,7.6,10,10,10,5.9,4.5,4.5,7.1,8.45556,10,10,10,7.49167,4.86,5.28444,7.90444
open_space,17.6,-11.8,1.12319,0,0,3,,,12.1,2.2,2.1,10,0.25,4.8,10,10,8.8,6.6,2.3,2.1,2.2,6.60714,10,10,9.35833,8.02889,3.5,2.15556,2.99111
open_space,5.9,-8.5,5.94256,0,0,3,,,18.9,10,6.3,8.3,0,10,8.9,8.3,6.1,5.7,6.3,10,10,10,9.33571,8.52889,7.91111,5.85111,7.7129,10,10
open_space,12.2,-9.6,0.32707,0,0,3,,,17.8,7.5,8.4,9.4,0,7.9,9.4,9.9,10,10,10,8.4,7.5,8.775,9.58718,9.96667,10,10,10,9.12667,7.72222
open_space,14.9,-4,5.9383,1,1,3,0|1|1；0|0|0；0|0|0,0|0；-0.5|0.5；-0.5|-0.5,14.1,4.8,10,3.8,0,4.8,4.1,3.8,4.2,10,10,10,5.1,4.92889,5.05778,3.89778,5.94651,10,10,10,6.69268
open_space,2.2,-7.4,3.1345,1,1,3,0|1|1；0|0|0；0|0|0,0|0；-0.5|0.5；-0.5|-0.5,5.7,2,2.9,2.8,0.266667,2,2.8,10,10,10,7.2,2.9,2,2.21778,4.80571,10,10,10,8.03488,5.39111,2.24889
open_space,7.5,-1.8,4.76151,1,1,3,0|1|1；0|0|0；0|0|0,0|0；-0.5|0.5；-0.5|-0.5,17.3,10,2.4,2.2,0.319444,10,10,2.2,1.6,1.6,2.4,7.3,10,10,10,3.97368,1.75111,1.82222,4.96,8.1561,10
open_space,7,-13.2,0.71976,0,0,3,,,18.6,10,6.5,6.8,0,10,10,6.8,6.8,6.5,6.5,8.6,10,10,10,7.8186,7.38667,7.54,7.06667,9.24444,10
open_space,13.2,-5.8,5.2752,1,1,3,0|1|1；0|0|0；0|0|0,0|0；-0.5|0.5；-0.5|-0.5,16.5,6.7,10,5.8,0,6.7,6.5,5.8,5.6,6.6,10,10,10,7.87838,6.76667,7.00889,5.82889,7.972,10,10,10
open_space,15.8,-17.6,2.96069,0,0,3,,,12.1,3.8,4.7,2.1,0.25,3.8,2.1,2.1,2.5,3.9,4.7,10,10,5.72727,2.63778,2.2,3.58222,4.09333,6.49697,10,10
open_space,10,-16.7,5.23012,1,1,3,0|1|1；0|0|0；0|0|0,0|0；-0.5|0.5；-0.5|-0.5,12.8,3,3.1,9.7,0,3.4,9.7,10,10,10,6.2,3.1,3,5.34318,9.80667,10,10,10,9.19474,4.05556,3.09778
open_space,2.6,-12.2,1.61359,1,1,3,0|1|1；0|0|0；0|0|0,0|0；-0.5|0.5；-0.5|-0.5,12.4,3.3,10,2.4,0.2,3.3,2.4,2.4,3.5,7.5,10,10,10,5.21515,2.64444,2.72889,6.12444,8.31,10,10,10
open_space,1.9,-6.4,3.55082,0,0,3,,,6.3,1.7,1.8,4.5,0.305556,1.8,4.5,10,10,6.7,4.4,1.8,1.7,2.62222,6.58462,10,10,7.94667,6.12667,2.56667,1.73778
open_space,0.7,-3.4,5.06654,1,1,3,0|1|1；0|0|0；0|0|0,0|0；-0.5|0.5；-0.5|-0.5,10.1,1.1,0.5,3.5,0.45,10,9.6,3.5,1.4,0.5,0.5,0.5,1.1,10,9.6,5.22,2.96,0.788889,0.5,0.706667,2.78696
open_space,12.4,-9,1.83181,1,1,3,0|1|1；0|0|0；0|0|0,0|0；-0.5|0.5；-0.5|-0.5,17.6,8.8,7.3,10,0,9.1,10,10,10,8.5,7.3,7.6,8.8,9.52667,10,10,10,9.17692,7.57556,8.48276,9.08837
open_space,4.7,-10.7,5.35079,1,1,3,0|1|1；0|0|0；0|0|0,0|0；-0.5|0.5；-0.5|-0.5,15.6,9,4.5,10,0,10,10,10,7.7,4.6,4.5,5.6,9,10,10,10,8.75,5.52222,4.76,8.09778,9.24857
open_space,3.7,-15.6,6.08299,1,1,3,0|1|1；0|0|0；0|0|0,0|0；-0.5|0.5；-0.5|-0.5,14.1,4.9,4.1,6.5,0,10,10,6.5,3.6,3.5,4.2,4.1,4.9,10,10,7.93846,4.46889,3.65333,4.65778,4.28667,6.64242
open_space,13.2,-17,1.66328,0,0,3,,,16.5,10,4.2,3.5,0.133333,10,10,3.5,2.7,2.7,4.2,6.5,10,10,10,5.43824,2.91778,3.16,6.10444,7.62,10
open_space,17.4,-12.3,4.21708,1,1,3,0|1|1；0|0|0；0|0|0,0|0；-0.5|0.5；-0.5|-0.5,12.6,7.4,10,2.3,0.216667,7.4,2.6,2.3,2.4,4.8,10,10,8.5,7.64444,4.13556,2.37333,3.12222,6.6875,10,10,9.18571
open_space,10.4,-19.2,5.8094,0,0,3,,,10.3,0.5,0.5,9.8,0.45,1,9.8,10,10,1.6,0.6,0.5,0.5,5.57111,9.88,10,10,3.48,0.842222,0.504444,0.675556
open_space,12.8,-12.5,5.13295,0,0,3,,,14.7,7.2,7.8,6.9,0,7.4,6.9,7.6,10,10,10,7.8,7.2,8.55778,7.08222,8.53043,10,10,10,8.68261,7.39333
open_space,2,-3.4,0.997867,0,0,3,,,12.2,3.2,10,1.8,0.294444,3.2,2.2,1.8,1.8,3.3,10,10,3.8,3.34444,2.98667,1.87556,2.27778,5.28696,10,10,5.68684
open_space,15.4,-14.6,4.33111,1,1,3,0|1|1；0|0|0；0|0|0,0|0；-0.5|0.5；-0.5|-0.5,14.7,5.1,10,4.3,0,5.1,4.7,4.3,4.7,10,10,10,5.5,5.23556,5.65111,4.40889,6.34762,10,10,10,7.03514
open_space,18.4,-8.1,6.23793,0,0,3,,,3.6,1.3,1.9,1.7,0.358333,1.3,1.7,7.9,10,10,10,1.9,1.3,1.41556,3.84889,8.49512,10,10,10,3.83429,1.48667
open_space,1.8,-9.5,5.66142,0,0,3,,,12.7,10,1.6,9.3,0.322222,10,10,9.3,2,1.6,1.6,2.7,10,10,10,9.48065,3.75111,1.69111,1.95333,4.68148,10
open_space,17.9,-13.7,2.01234,0,0,3,,,12,5.2,1.8,6.4,0.294444,10,10,6.4,4.3,1.9,1.8,2,5.2,10,10,7.70303,5.91333,2.62222,1.84444,2.89333,6.96
open_space,1.9,-16.2,6.01925,0,0,3,,,13.5,4,2,3.5,0.308333,10,10,3.5,1.8,1.7,2,3.5,4,10,10,5.545,2.28222,1.75111,2.85556,3.62,5.815
open_space,4.4,-12.8,2.2122,1,1,3,0|1|1；0|0|0；0|0|0,0|0；-0.5|0.5；-0.5|-0.5,14.2,4.3,10,4.2,0,4.3,4.2,5.2,6.9,8.6,10,10,7.2,5.14444,4.44667,6.86667,7.31111,9.26364,10,10,8.4
open_space,4.5,-7.6,3.18308,0,0,3,,,12.2,4.3,5.9,6.3,0,4.3,6.3,10,10,10,7.4,5.9,4.3,4.89333,7.78889,10,10,10,8.17778,7.48667,4.74444
open_space,0.9,-8.8,3.83932,0,0,3,,,8.2,0.7,0.7,7.5,0.430556,0.9,7.5,10,10,8.6,1.1,0.7,0.7,1.93333,8.4,10,10,9.15769,3.78222,0.815556,0.748889
open_space,15.3,-0.5,3.32228,0,0,3,,,10.3,0.5,0.3,5.4,0.472222,10,10,5.4,1.6,0.4,0.3,0.3,0.5,10,10,7.06897,4.35111,0.622222,0.304444,0.355556,1.48824
open_space,5.3,-10,2.41355,0,0,3,,,14.9,5.1,9.8,5.1,0,5.1,5.1,7.6,9.7,10,10,9.8,6.9,5.59556,5.85778,9.34,9.83333,10,10,9.8625,8.8
open_space,19.5,-9.6,5.48603,0,0,3,,,10.2,0.2,10,0.2,0.483333,0.2,0.2,0.3,9.4,10,10,10,0.3,0.211111,0.204444,0.76,9.6,10,10,10,0.844186
open_space,3.3,-9.4,3.36628,1,1,3,0|1|1；0|0|0；0|0|0,0|0；-0.5|0.5；-0.5|-0.5,9.5,3.1,3.7,5.8,0,3.2,5.8,10,10,10,9.2,3.7,3.1,3.97778,7.44667,10,10,10,9.39722,6.04889,3.23111
open_space,7.9,-12.4,4.75441,0,0,3,,,17.7,7.3,7.7,10,0,7.3,10,10,10,10,7.7,7.7,7.3,8.16667,10,10,10,10,8.37857,8.43947,8.06889
open_space,10.8,-15.1,1.17497,0,0,3,,,18.9,9.6,5,10,0,10,10,10,5,4.6,5,8.9,9.6,10,10,10,6.6775,4.71778,6.88222,9.13333,9.8
open_space,8.6,-3.5,4.79371,0,0,3,,,18.4,10,5.1,4.4,0,10,10,4.4,3.3,3.3,5.1,8.4,10,10,10,6.23667,3.58444,3.84,7.69778,8.98621,10
open_space,9.2,-2.8,0.745167,0,0,3,,,12.6,2.6,10,2.6,0.158333,2.6,2.6,3.5,9,10,10,10,3.9,2.98,2.85111,6.44667,9.29655,10,10,10,5.78889
open_space,2,-6.7,0.42196,1,1,3,0|1|1；0|0|0；0|0|0,0|0；-0.5|0.5；-0.5|-0.5,14.5,7,5,1.9,0.294444,7,4.5,1.9,1.8,2,5,10,10,8.17586,6.39111,2.68,1.84222,2.82444,6.75455,10,10
open_space,9,-14.3,5.14498,0,0,3,,,15.8,5.4,5.8,10,0,5.9,10,10,10,9.4,8.8,5.8,5.4,7.3697,10,10,10,9.6875,9.03556,7.57143,5.54444
open_space,12.4,-14.2,1.66465,1,1,3,0|1|1；0|0|0；0|0|0,0|0；-0.5|0.5；-0.5|-0.5,17.3,10,7.3,7.2,0,10,10,7.2,5.5,5.5,7.3,7.3,10,10,10,8.4,5.95111,6.44444,7.87111,8.23077,10
open_space,7.5,-8.8,4.43252,0,0,3,,,17.3,8.3,7.3,10,0,10,10,10,9,8.6,7.6,7.3,8.3,10,10,10,9.44,8.87556,8.69333,7.54,9.06
open_space,3.8,-14.5,5.96704,0,0,3,,,15.2,5.8,4,8.2,0,10,10,8.2,3.8,3.6,4,5.2,5.8,10,10,9.05,5.11556,3.7,5.21111,5.34889,7.36667
open_space,5.2,-14.6,2.30188,1,1,3,0|1|1；0|0|0；0|0|0,0|0；-0.5|0.5；-0.5|-0.5,15,5,10,5,0,5,5,5.1,5.1,6.8,10,10,7.6,5.78889,5.45556,5.85778,5.56444,8.1,10,10,8.675
open_space,5.2,-5.1,3.3717,0,0,3,,,14.4,5,4.9,9.4,0,5.1,9.4,10,10,5.8,4.9,5,5,6.44667,9.7,10,10,7.41379,5.10667,5.91111,5.21111
open_space,10,-8.1,2.59299,0,0,3,,,17.9,8.1,7.9,10,0,9.8,10,10,10,9.7,9.4,7.9,8.1,9.87692,10,10,10,9.79286,9.7375,8.23333,8.864
open_space,0.7,-15.5,3.82367,1,1,3,0|1|1；0|0|0；0|0|0,0|0；-0.5|0.5；-0.5|-0.5,4.7,0.5,0.5,4.2,0.45,0.6,4.2,5.4,10,10,0.8,0.5,0.5,1.28444,4.50222,7.08889,10,10,2.01111,0.582222,0.528889
open_space,17,-1.6,5.05414,0,0,3,,,12.7,3,3.2,1.6,0.477778,3,2.7,1.6,1.4,1.5,3.2,10,8.4,4.48889,2.77111,2.20667,1.43333,1.99333,5.20556,10,9.1
open_space,9.4,-6.5,2.04332,0,0,3,,,15.9,6.3,6.7,9.2,0,7.1,9.2,10,10,10,10,6.7,6.3,8.51667,9.41905,10,10,10,10,7.9,6.48
open_space,15.8,-16.4,2.45071,1,1,3,0|1|1；0|0|0；0|0|0,0|0；-0.5|0.5；-0.5|-0.5,10.4,10,3.9,3.3,0,10,4.3,3.3,3.3,3.9,3.9,6.1,10,10,6.23226,3.57111,3.86444,4.21778,4.57111,7.58235,10
open_space,12.1,-8.3,4.65572,0,0,3,,,17.6,10,10,7.6,0,10,7.6,7.6,8.1,8.1,10,10,10,10,8.4027,8.28667,8.78788,8.6375,10,10,10
open_space,10.9,-8.4,4.42555,0,0,3,,,19.2,10,9.3,8.8,0,10,9.2,8.8,8.6,8.2,9.3,10,10,10,9.575,9.07778,9.20526,8.46,9.6,10,10
open_space,14,-13.8,2.32499,0,0,3,,,16.6,10,5.7,5.9,0,10,8.8,5.9,5.9,5.7,5.7,7.8,10,10,9.32857,6.75111,6.49556,6.51111,6.27778,8.77692,10
open_space,12.7,-14.6,5.21797,0,0,3,,,12.3,5.1,5.3,7,0,5.8,7,8,10,10,10,5.3,5.1,7.31556,7.22667,8.87778,10,10,10,6.83488,5.26667
open_space,4.6,-15.3,0.833347,1,1,3,0|1|1；0|0|0；0|0|0,0|0；-0.5|0.5；-0.5|-0.5,12.5,10,4.4,4.4,0,10,6,4.4,4.4,4.4,4.4,6.5,10,10,7.51905,4.84444,5.01556,4.84444,5.02889,7.92941,10
open_space,11.8,-14.2,5.07068,1,1,3,0|1|1；0|0|0；0|0|0,0|0；-0.5|0.5；-0.5|-0.5,14,5.5,6.1,7.9,0,5.9,7.9,8.4,10,10,10,6.1,5.5,7.60444,8.11778,9.08889,10,10,10,7.5125,5.64667
open_space,3.8,-13.3,1.854,1,1,3,0|1|1；0|0|0；0|0|0,0|0；-0.5|0.5；-0.5|-0.5,13.6,4.1,10,3.6,0,4.1,3.6,3.7,6.4,6.7,10,10,10,5.97,3.72,4.86,6.61556,7.87429,10,10,10
open_space,2.2,-9.2,2.15959,0,0,3,,,11.2,2,9.2,2,0.266667,2,2,2.4,10,10,10,9.2,3.7,2.54,2.08444,4.16,10,10,10,9.56,7.4
open_space,8.9,-16.3,2.82621,1,1,3,0|1|1；0|0|0；0|0|0,0|0；-0.5|0.5；-0.5|-0.5,13.6,7.7,10,3.4,0,7.7,3.6,3.4,3.8,10,10,10,9.2,8.81778,4.82444,3.49778,5.63182,10,10,10,9.59167
open_space,7,-4.8,5.7567,0,0,3,,,15.4,10,7,4.6,0,10,5.4,4.6,4.8,6.8,7,10,10,10,6.98125,4.77111,6.05111,7.05556,8.10606,10,10
open_space,14.9,-1.1,1.76611,1,1,3,0|1|1；0|0|0；0|0|0,0|0；1|0；2|0,2.7,0.9,1.1,1.6,0.405556,0.9,1.6,10,10,5.8,4.8,1.1,0.9,1.11778,3.23103,10,10,7.35556,5.04,1.91778,0.94
open_space,10.8,-5.7,0.701875,1,1,3,0|1|1；0|0|0；0|0|0,0|0；-0.5|0.5；-0.5|-0.5,14.4,5.5,8.9,5.5,0,5.5,5.5,7.2,10,10,10,8.9,8.7,6.47778,5.93778,8.34706,10,10,10,9.33636,9.225
open_space,11.2,-16.1,1.32391,0,0,3,,,18.5,9.9,4.2,7.2,0,10,10,7.2,3.7,3.6,4.2,8.5,9.9,10,10,8.44,4.78,3.72889,6.38444,8.81556,9.95
open_space,18.3,-19.5,0.61198,1,1,3,0|1|0；0|0|1；0|0|0,0|0；-0.5|0；-1|0,8.1,0.9,0.2,7.9,0.666667,1.7,7.9,10,0.3,0.2,0.2,0.2,0.9,3.06,8.8,10,1.07059,0.231111,0.2,0.384444,1.43778
open_space,19.4,-14,3.7064,0,0,3,,,10.5,5.9,1.2,0.3,0.472222,5.9,0.5,0.3,0.3,0.3,1.2,10,10,7.2,2.84222,0.371111,0.3,0.553333,2.93333,10,10
open_space,8,-12.7,0.637946,1,1,3,0|1|1；0|0|0；0|0|0,0|0；-0.5|0.5；-0.5|-0.5,18.7,10,7,7.9,0,10,10,7.9,7.8,7.1,7,8.7,10,10,10,8.66333,8.25778,8.235,7.41111,9.29,10
open_space,19,-1.7,2.1947,1,1,3,0|1|1；0|0|0；0|0|0,0|0；-0.5|0.5；-0.5|-0.5,10,1.5,0.7,9.1,0.630556,1.8,9.1,10,1.2,0.7,0.7,0.9,1.5,3.37333,9.1,10,2.85625,0.853333,0.728889,1.26667,1.57556
open_space,7.1,-10.9,3.06737,0,0,3,,,18.8,6.9,10,8.8,0,6.9,8.8,8.8,10,10,10,10,6.9,7.47333,9.32903,9.14412,10,10,10,10,7.92619
open_space,15.2,-7.3,2.18102,1,1,3,0|1|1；0|0|0；0|0|0,0|0；-0.5|0.5；-0.5|-0.5,15.5,7.1,4.5,10,0,8.7,10,10,8,4.6,4.5,5.5,7.1,9.28182,10,10,8.875,5.63333,4.72889,7.12889,7.47333
open_space,13.2,-10.5,2.00335,0,0,3,,,17.2,10,6.5,9.9,0,10,10,9.9,9.2,7,6.5,7.2,10,10,10,9.93333,9.44444,8.11724,6.67111,8.30385,10
open_space,7.8,-18.1,3.79779,0,0,3,,,9.3,1.6,7.7,1.6,0.322222,1.6,1.6,2,10,10,10,7.7,2.6,1.93111,1.7,3.78864,10,10,10,8.51212,5.7
open_space,0.3,-5.6,4.44623,1,1,3,0|1|0；0|0|1；0|0|0,0|0；-0.5|0；-1|0,10.1,0.1,0.1,10,0.494444,0.2,10,10,5.6,0.2,0.1,0.1,0.1,0.613333,10,10,7.07619,2.26444,0.102222,0.1,0.131111
open_space,8.5,-1.7,0.137646,1,1,3,0|1|1；0|0|0；0|0|0,0|0；-0.5|0.5；-0.5|-0.5,11.5,1.9,10,1.5,0.333333,1.9,1.5,1.5,2.5,8.4,10,10,10,3.64545,1.59556,1.79778,5.75778,8.99259,10,10,10
open_space,12.9,-11,3.13405,1,1,3,0|1|1；0|0|0；0|0|0,0|0；-0.5|0.5；-0.5|-0.5,18.7,10,9.5,8.7,0,10,8.7,8.7,6.8,6.8,9.5,10,10,10,9.13448,9.15758,7.68667,7.57111,9.7,10,10
open_space,13.3,-16.4,0.356988,0,0,3,,,13.5,6.4,3.3,10,0,6.8,10,10,9.8,3.7,3.3,3.5,6.4,8.04194,10,10,9.8,5.37556,3.38667,4.78889,6.57333
open_space,5,-9.5,5.43229,0,0,3,,,16.4,10,4.8,9.3,0,10,10,9.3,7.4,4.8,4.8,6.4,10,10,10,9.59444,9.18974,5.58889,5.21333,7.81905,10
open_space,10.9,-15.6,3.22554,0,0,3,,,14.1,5.4,10,4.1,0,5.4,4.1,4.1,6.3,8.8,10,10,10,7.068,4.45111,4.77778,8.56667,9.276,10,10,10
open_space,7.8,-9.5,4.97633,1,1,3,0|1|1；0|0|0；0|0|0,0|0；-0.5|0.5；-0.5|-0.5,17.9,10,7.6,10,0,10,10,10,9.3,8.8,7.6,7.9,10,10,10,10,9.48108,9.56316,7.88,8.69231,10
open_space,1.2,-16.3,1.07821,1,1,3,0|1|1；0|0|0；0|0|0,0|0；-0.5|0.5；-0.5|-0.5,8.2,3.5,3.5,1,0.394444,3.5,1.1,1,1,2.1,3.5,7.1,10,5.63636,1.76889,1.02444,1.35111,3.21111,4.62667,8.28889,10
open_space,13.9,-11.4,4.64995,1,1,3,0|1|1；0|0|0；0|0|0,0|0；-0.5|0.5；-0.5|-0.5,15.8,8.3,10,5.8,0,8.3,5.8,5.8,7.7,10,10,10,8.3,8.85682,6.74444,6.30889,8.7,10,10,10,8.90667
open_space,2.1,-3.6,2.53644,1,1,3,0|1|1；0|0|0；0|0|0,0|0；-0.5|0.5；-0.5|-0.5,5.3,1.9,3.4,1.9,0.280556,1.9,1.9,3.3,10,10,4.2,3.4,2.3,1.99778,2.34667,5.436,10,10,6.01143,3.57778,3.21333
open_space,11.3,-7.2,5.34018,0,0,3,,,18.4,8.5,10,7.1,0,8.5,8.4,7.1,7,8.6,10,10,10,9.1125,8.81163,8.09444,7.39111,9.28182,10,10,10
open_space,6.4,-15.4,5.22891,0,0,3,,,14.5,4.3,4.5,10,0,4.9,10,10,10,6.5,6.2,4.5,4.3,6.66944,10,10,10,7.70833,6.41111,5.72667,4.44222
open_space,11.9,-16.2,3.88823,1,1,3,0|1|1；0|0|0；0|0|0,0|0；-0.5|0.5；-0.5|-0.5,13.5,3.5,10,3.5,0,3.5,3.5,4.8,7.8,10,10,10,5.2,4.01111,3.84222,7.06,8.44762,10,10,10,6.98182
open_space,3.6,-13.7,0.954301,0,0,3,,,14.2,10,6.1,3.4,0,10,4.2,3.4,3.4,5.8,6.1,10,10,10,6.12286,3.59333,4.17778,6.22222,7.32727,10,10
open_space,18.9,-9.7,1.50477,0,0,3,,,10.8,1,0.8,10,0.416667,9.5,10,10,10,1.2,0.8,0.8,1,9.63913,10,10,10,4.13333,0.922222,0.86,2.44444
open_space,16.6,-4.6,3.20918,0,0,3,,,14.4,6.7,4.4,4.2,0,10,10,4.2,3.1,3.1,4.4,4.4,6.7,10,10,6.12903,3.38222,3.57556,4.71778,5.08,8.05
open_space,10.1,-18.8,0.017129,0,0,3,,,10.9,1.3,0.9,10,0.402778,9.6,10,10,9.9,1.3,0.9,0.9,1.3,9.75294,10,10,9.94,3.48889,0.995556,1.00444,3.63556
open_space,11.9,-15.6,0.87715,1,1,3,0|1|1；0|0|0；0|0|0,0|0；-0.5|0.5；-0.5|-0.5,16.4,7.8,4.1,10,0,10,10,10,5.4,4.1,4.1,6.4,7.8,10,10,10,7.11154,4.43778,4.79556,7.88,8.55882
